Report Number,Local Case Number,Agency Name,ACRS Report Type,Crash Date/Time,Route Type,Road Name,Cross-Street Type,Cross-Street Name,Off-Road Description,Municipality,Related Non-Motorist,Collision Type,Weather,Surface Condition,Light,Traffic Control,Driver Substance Abuse,Non-Motorist Substance Abuse,Person ID,Pedestrian Type,Pedestrian Movement,Pedestrian Actions,Pedestrian Location,Pedestrian Obeyed Traffic Signal,Pedestrian Visibility,At Fault,Injury Severity,Safety Equipment,Latitude,Longitude,Location
MCP3199000D,190042167,Montgomery County Police,Property Damage Crash,09/03/2019 03:20:00 PM,County,PEACH ORCHARD RD,County,BRIGGS CHANEY RD,,N/A,OTHER,STRAIGHT MOVEMENT ANGLE,CLEAR,DRY,DAYLIGHT,STOP SIGN,NONE DETECTED,NONE DETECTED,BCFAD8E1-1F6E-4D34-B010-2D06289659EA,OTHER,Other,NO IMPROPER ACTIONS,INSIDE BUILDING,N/A,N/A,No,NO APPARENT INJURY,N/A,39.09575167,-76.96978833,"(39.09575167, -76.96978833)"
EJ7777002B,200011450,Gaithersburg Police Depar,Injury Crash,03/08/2020 03:22:00 PM,,,,,PARKING LOT OF 880 RUSSELL AVE,,PEDESTRIAN,OTHER,CLEAR,,DAYLIGHT,N/A,NONE DETECTED,NONE DETECTED,A50A9363-1E07-4812-8028-257B345CE32B,PEDESTRIAN,Other Working,N/A,OTHER,N/A,DARK CLOTHING,No,POSSIBLE INJURY,N/A,39.15644596,-77.21360108,"(39.15644596, -77.21360108)"
MCP30900039,190050499,Montgomery County Police,Injury Crash,10/21/2019 02:10:00 PM,Maryland (State),GREAT SENECA HWY,County,SAM EIG HWY,,N/A,BICYCLIST,SINGLE VEHICLE,CLEAR,DRY,DAYLIGHT,N/A,N/A,N/A,71DBD9CC-AAA9-4415-83FC-1A96D0F6F76E,BICYCLIST,Cross/Enter not at Intersection,INATTENTIVE,ON ROADWAY AT CROSSWALK,NO PED. SIGNAL,REFLECTIVE MATERIAL,Yes,SUSPECTED MINOR INJURY,MC/BIKE HELMET,39.10767767,-77.20985694,"(39.10767767, -77.20985694)"
MCP115100B6,190051780,Montgomery County Police,Injury Crash,10/28/2019 07:30:00 AM,Maryland (State),DAMASCUS RD,County,LONG CORNER RD,,N/A,PEDESTRIAN,OTHER,CLEAR,DRY,DAYLIGHT,NO CONTROLS,NONE DETECTED,NONE DETECTED,2D4320CB-67BA-4C88-9398-C2F9AA5B2568,PEDESTRIAN,Other,IN ROADWAY IMPROPERLY,ON ROADWAY NOT AT CROSSWALK,N/A,MIXED CLOTHING,Yes,SUSPECTED MINOR INJURY,N/A,39.27476883,-77.15725617,"(39.27476883, -77.15725617)"
MCP30730049,190050370,Montgomery County Police,Injury Crash,10/20/2019 05:30:00 PM,Maryland (State),CONNECTICUT AVE,County,INDEPENDENCE ST,,N/A,PEDESTRIAN,OTHER,N/A,WET,DAYLIGHT,TRAFFIC SIGNAL,NONE DETECTED,NONE DETECTED,9859D317-D018-40FD-A4EE-FC840B748BE0,PEDESTRIAN,Cross/Enter at Intersection,N/A,AT INTERSECTION MARKED CROSSWALK,UNKNOWN,LIGHT CLOTHING,No,SUSPECTED MINOR INJURY,NONE,39.07645167,-77.08045167,"(39.07645167, -77.08045167)"
MCP2651003J,190050853,Montgomery County Police,Injury Crash,10/23/2019 06:49:00 AM,County,NORTHAMPTON DR,County,BEACON RD,,N/A,PEDESTRIAN,OTHER,CLEAR,DRY,DARK LIGHTS ON,STOP SIGN,N/A,N/A,54D336CB-DB44-4EB8-857D-18B8A33E8476,PEDESTRIAN,Cross/Enter at Intersection,FAILURE TO YIELD RIGHT OF WAY,ON ROADWAY NOT AT CROSSWALK,NO PED. SIGNAL,DARK CLOTHING,Yes,POSSIBLE INJURY,NONE,39.00762,-76.98374,"(39.00762, -76.98374)"
DM8479000C,190050537,Takoma Park Police Depart,Injury Crash,10/21/2019 06:01:00 PM,Maryland (State),NEW HAMPSHIRE AVE,Maryland (State),EAST WEST HWY (PG CO),,N/A,PEDESTRIAN,N/A,CLEAR,DRY,DAYLIGHT,N/A,NONE DETECTED,N/A,3C32052F-6239-4BCF-BE71-B75A94BF3C11,PEDESTRIAN,Cross/Enter not at Intersection,IN ROADWAY IMPROPERLY,ON ROADWAY NOT AT CROSSWALK,N/A,LIGHT CLOTHING,Yes,SUSPECTED MINOR INJURY,NONE,38.97544311,-76.99317964,"(38.97544311, -76.99317964)"
MCP0942002J,190050694,Montgomery County Police,Injury Crash,10/22/2019 02:19:00 PM,County,WOODMONT AVE,County,ELM ST,,N/A,PEDESTRIAN,OTHER,RAINING,WET,DAYLIGHT,TRAFFIC SIGNAL,NONE DETECTED,NONE DETECTED,EED7CCD5-117A-4B62-8963-0864A6C36611,PEDESTRIAN,Cross/Enter at Intersection,NO IMPROPER ACTIONS,AT INTERSECTION MARKED CROSSWALK,OBEYED PED. SIGNAL,MIXED CLOTHING,No,POSSIBLE INJURY,NONE,38.98168833,-77.09616167,"(38.98168833, -77.09616167)"
MCP271700QX,190050876,Montgomery County Police,Injury Crash,10/23/2019 09:22:00 AM,Maryland (State),WISCONSIN AVE,Maryland (State),BRADLEY LA,,N/A,PEDESTRIAN,OTHER,CLEAR,DRY,DAYLIGHT,TRAFFIC SIGNAL,NONE DETECTED,NONE DETECTED,DB176B04-50CE-4751-A99A-4B9D993CBC43,PEDESTRIAN,Cross/Enter at Intersection,NO IMPROPER ACTIONS,ON ROADWAY AT CROSSWALK,OBEYED PED. SIGNAL,MIXED CLOTHING,No,SUSPECTED MINOR INJURY,NONE,38.97695,-77.09067933,"(38.97695, -77.09067933)"
DD5595007Z,190051199,Rockville Police Departme,Injury Crash,10/27/2019 06:53:00 PM,Municipality,CHAPMAN AVE,Municipality,TWINBROOK PKWY,,ROCKVILLE,PEDESTRIAN,SINGLE VEHICLE,CLEAR,DRY,DARK LIGHTS ON,TRAFFIC SIGNAL,UNKNOWN,NONE DETECTED,64450CF5-A219-42D5-B70D-6BEEC4D1DAA6,PEDESTRIAN,Cross/Enter at Intersection,NO IMPROPER ACTIONS,ON ROADWAY AT CROSSWALK,OBEYED PED. SIGNAL,MIXED CLOTHING,No,SUSPECTED MINOR INJURY,N/A,39.05861169,-77.11889264,"(39.05861169, -77.11889264)"
MCP1174003Y,190050635,Montgomery County Police,Injury Crash,10/22/2019 07:35:00 AM,,,,,PARKING LOT OF 10400 OLD GEORGETOWN RD. GIANT FOOD,,BICYCLIST,SINGLE VEHICLE,CLOUDY,,DAWN,NO CONTROLS,N/A,NONE DETECTED,BB4A11CC-B724-4E54-8A43-56C84120E4A2,BICYCLIST,Walking/Cycling on Sidewalk,NO IMPROPER ACTIONS,SIDEWALK,NO PED. SIGNAL,MIXED CLOTHING,No,SUSPECTED MINOR INJURY,MC/BIKE HELMET,39.02632698,-77.12785589,"(39.02632698, -77.12785589)"
MCP2683003Y,190040170,Montgomery County Police,Injury Crash,08/22/2019 01:00:00 PM,County,GOSHEN RD,County,SEVERN RD,,N/A,OTHER,OTHER,CLEAR,DRY,DAYLIGHT,PERSON,UNKNOWN,NONE DETECTED,FAF84F3B-61D2-4FC9-ACE7-3AE15F74A2B8,OTHER,Other,NO IMPROPER ACTIONS,ON ROADWAY NOT AT CROSSWALK,OTHER,REFLECTIVE MATERIAL,No,SUSPECTED MINOR INJURY,REFLECTIVE CLOTHING,39.16224747,-77.19190177,"(39.16224747, -77.19190177)"
MCP2357003V,190040668,Montgomery County Police,Injury Crash,08/25/2019 01:51:00 PM,,,,,PARKING LOT OF 8101 FENTON STREET,,PEDESTRIAN,OTHER,CLEAR,,DAYLIGHT,N/A,NONE DETECTED,NONE DETECTED,FF6136C3-8528-4BD3-AC0C-DC3EADF9437B,PEDESTRIAN,Other,NO IMPROPER ACTIONS,OTHER,N/A,LIGHT CLOTHING,No,POSSIBLE INJURY,N/A,38.99043667,-77.023645,"(38.99043667, -77.023645)"
MCP1342002N,190040667,Montgomery County Police,Injury Crash,08/25/2019 01:27:00 PM,County,RIVER RD,County,SENECA RD,,N/A,BICYCLIST,SAME DIR REAR END,CLEAR,DRY,DAYLIGHT,NO CONTROLS,NONE DETECTED,NONE DETECTED,CEBAFD94-95F3-4537-B164-72EC6B159771,BICYCLIST,Walking/Riding w/Traffic,NO IMPROPER ACTIONS,ON ROADWAY NOT AT CROSSWALK,N/A,MIXED CLOTHING,No,SUSPECTED MINOR INJURY,MC/BIKE HELMET,39.07809333,-77.33474167,"(39.07809333, -77.33474167)"
MCP3169001Z,190050430,Montgomery County Police,Property Damage Crash,10/21/2019 07:30:00 AM,County,SLIGO AVE,County,MAYOR LA,,N/A,BICYCLIST,OTHER,CLEAR,DRY,DAYLIGHT,NO CONTROLS,N/A,N/A,5404E375-DE94-4A7D-A285-B5EC48C09356,BICYCLIST,Walking/Riding against Traffic,NO IMPROPER ACTIONS,AT INTERSECTION BUT NO CROSSWALK,NO PED. SIGNAL,LIGHT CLOTHING,No,NO APPARENT INJURY,MC/BIKE HELMET,38.9902735,-77.02578916,"(38.9902735, -77.02578916)"
MCP3242000F,190050913,Montgomery County Police,Injury Crash,10/23/2019 12:17:00 PM,Maryland (State),GEORGIA AVE,County,CAMERON ST,,N/A,PEDESTRIAN,SINGLE VEHICLE,CLEAR,DRY,DAYLIGHT,TRAFFIC SIGNAL,NONE DETECTED,NONE DETECTED,CF100AD6-8D4C-4F10-89A4-0E8F0C18BFB1,PEDESTRIAN,Cross/Enter at Intersection,NO IMPROPER ACTIONS,AT INTERSECTION MARKED CROSSWALK,OBEYED PED. SIGNAL,MIXED CLOTHING,No,SUSPECTED MINOR INJURY,NONE,38.99746913,-77.02971603,"(38.99746913, -77.02971603)"
MCP29140099,190040272,Montgomery County Police,Injury Crash,08/22/2019 09:35:00 PM,Maryland (State),GEORGIA AVE,County,FENWICK LA,,N/A,PEDESTRIAN,OTHER,CLEAR,N/A,DARK LIGHTS ON,OTHER,N/A,N/A,8B80A15D-907A-4FBC-BA29-330B502C97DA,PEDESTRIAN,Cross/Enter at Intersection,N/A,ON ROADWAY AT CROSSWALK,NO PED. SIGNAL,MIXED CLOTHING,No,POSSIBLE INJURY,NONE,38.99820543,-77.0305782,"(38.99820543, -77.0305782)"
MCP24360087,190040357,Montgomery County Police,Injury Crash,08/23/2019 12:50:00 PM,Maryland (State),PINEY BRANCH RD,County,ARLISS ST,,N/A,PEDESTRIAN,OTHER,RAINING,WET,DAYLIGHT,TRAFFIC SIGNAL,NONE DETECTED,NONE DETECTED,D9B00D3F-CC88-4344-B85C-D319920CDF00,PEDESTRIAN,Cross/Enter at Intersection,NO IMPROPER ACTIONS,ON ROADWAY AT CROSSWALK,OBEYED PED. SIGNAL,LIGHT CLOTHING,No,SUSPECTED MINOR INJURY,N/A,38.99846833,-77.00145667,"(38.99846833, -77.00145667)"
MCP2992002L,190040054,Montgomery County Police,Injury Crash,08/21/2019 06:45:00 PM,,,,,3201 ROSSMOOR BLVD PARKING LOT (LEISURE WORLD),,PEDESTRIAN,OTHER,RAINING,,DAYLIGHT,NO CONTROLS,N/A,N/A,0C3313CA-3076-4002-A5A8-411753AE279F,PEDESTRIAN,Other,NOT VISIBLE,OTHER,N/A,OTHER,No,SUSPECTED MINOR INJURY,N/A,39.10079333,-77.07318667,"(39.10079333, -77.07318667)"
DM8386001C,190040588,Takoma Park Police Depart,Injury Crash,08/24/2019 08:30:00 PM,Municipality,ANNE AVE,Municipality,LOCKNEY AVE,,TAKOMA PARK,PEDESTRIAN,SINGLE VEHICLE,CLEAR,DRY,DARK LIGHTS ON,STOP SIGN,UNKNOWN,NONE DETECTED,9D3BDBCC-A5C7-4F9B-B49C-D7CD903E7308,PEDESTRIAN,Getting off/on Vehicle,ENTERING EXITING PARKED STANDING VEHICLE,AT INTERSECTION BUT NO CROSSWALK,NO PED. SIGNAL,LIGHT CLOTHING,No,SUSPECTED MINOR INJURY,NONE,38.98956326,-76.99189442,"(38.98956326, -76.99189442)"
MCP2353007M,190037499,Montgomery County Police,Injury Crash,08/06/2019 03:20:00 PM,County,MACON RD,County,ROCKING HORSE RD,,N/A,PEDESTRIAN,SAME DIRECTION SIDESWIPE,CLOUDY,DRY,DAYLIGHT,NO CONTROLS,NONE DETECTED,NONE DETECTED,F834FDD8-8E97-4AEC-969D-6C4E05ADA87E,PEDESTRIAN,Walking/Cycling on Sidewalk,NO IMPROPER ACTIONS,SIDEWALK,N/A,MIXED CLOTHING,No,SUSPECTED MINOR INJURY,NONE,39.05159833,-77.09651,"(39.05159833, -77.09651)"
MCP1433002K,190039187,Montgomery County Police,Injury Crash,08/16/2019 04:55:00 PM,Maryland (State),ROCKVILLE PIKE,Unknown,ENT TO FEDERAL PLAZA S.C.,,N/A,BICYCLIST,SAME DIRECTION RIGHT TURN,CLEAR,DRY,DAYLIGHT,TRAFFIC SIGNAL,NONE DETECTED,NONE DETECTED,1FA8ED14-9438-4D63-88DF-EAB5EB3C102A,BICYCLIST,Cross/Enter at Intersection,NO IMPROPER ACTIONS,AT INTERSECTION MARKED CROSSWALK,OBEYED PED. SIGNAL,LIGHT CLOTHING,No,SUSPECTED MINOR INJURY,NONE,39.057515,-77.120605,"(39.057515, -77.120605)"
MCP2291003S,190035774,Montgomery County Police,Injury Crash,07/27/2019 12:40:00 PM,Municipality,KENSINGTON PKWY,County,LITTLEDALE RD,,N/A,BICYCLIST,SINGLE VEHICLE,CLEAR,DRY,DAYLIGHT,NO CONTROLS,NONE DETECTED,NONE DETECTED,5C222B39-9BD8-4DC6-AA27-2CEABD8AF916,BICYCLIST,Walking/Riding w/Traffic,NO IMPROPER ACTIONS,ON ROADWAY NOT AT CROSSWALK,NO PED. SIGNAL,MIXED CLOTHING,No,SUSPECTED MINOR INJURY,MC/BIKE HELMET,39.01947417,-77.075003,"(39.01947417, -77.075003)"
MCP1210003W,190040257,Montgomery County Police,Injury Crash,08/22/2019 08:07:00 PM,Maryland (State),MIDCOUNTY HWY,Unknown,SPUR TO SAYBROOKE OAKS BLVD,,N/A,OTHER,OTHER,RAINING,WET,N/A,NO CONTROLS,"NONE DETECTED, UNKNOWN",NONE DETECTED,2E923A84-7CED-4A47-8D9A-AECE0F6D3291,OTHER,Other,NO IMPROPER ACTIONS,OTHER,N/A,DARK CLOTHING,No,SUSPECTED SERIOUS INJURY,MC/BIKE HELMET,39.15198,-77.17649,"(39.15198, -77.17649)"
MCP1174003R,190039979,Montgomery County Police,Injury Crash,08/21/2019 01:13:00 PM,,,,,PUBLIC PARKING LOT #8 OF 4821 ST. ELMO AVE.,,BICYCLIST,SINGLE VEHICLE,CLEAR,,DAYLIGHT,NO CONTROLS,NONE DETECTED,NONE DETECTED,27002D3C-C508-4874-94C6-1347917E68BC,BICYCLIST,Walking/Cycling on Sidewalk,NO IMPROPER ACTIONS,SIDEWALK,NO PED. SIGNAL,MIXED CLOTHING,No,SUSPECTED MINOR INJURY,MC/BIKE HELMET,38.98917806,-77.09713215,"(38.98917806, -77.09713215)"
MCP2991003W,190040989,Montgomery County Police,Injury Crash,08/26/2019 08:20:00 PM,County,HINES RD,County,WELLFLEET DR,,N/A,PEDESTRIAN,SINGLE VEHICLE,CLEAR,DRY,DARK LIGHTS ON,N/A,N/A,N/A,C404D28E-0035-45B1-A0A7-C8CF71E68B88,PEDESTRIAN,Cross/Enter at Intersection,NO IMPROPER ACTIONS,AT INTERSECTION MARKED CROSSWALK,NO PED. SIGNAL,DARK CLOTHING,No,POSSIBLE INJURY,NONE,39.14143267,-77.07796833,"(39.14143267, -77.07796833)"
MCP2466003F,200010139,Montgomery County Police,Injury Crash,02/29/2020 05:00:00 PM,Maryland (State),NEW HAMPSHIRE AVE,County,E RANDOLPH RD,,N/A,BICYCLIST,STRAIGHT MOVEMENT ANGLE,CLEAR,DRY,DAYLIGHT,NO CONTROLS,NONE DETECTED,NONE DETECTED,37E21522-7F0F-47C2-80A5-7A149CCC1DB4,BICYCLIST,Walking/Riding against Traffic,UNKNOWN,SIDEWALK,NO PED. SIGNAL,MIXED CLOTHING,Unknown,POSSIBLE INJURY,NONE,39.07640488,-77.00166139,"(39.07640488, -77.00166139)"
MCP2016004J,190042095,Montgomery County Police,Injury Crash,09/03/2019 08:48:00 AM,Municipality,BLANDFORD ST,Municipality,CABIN JOHN PKWY,,ROCKVILLE,PEDESTRIAN,SINGLE VEHICLE,CLEAR,DRY,DAYLIGHT,STOP SIGN,NONE DETECTED,N/A,F6EA38D5-456B-4B08-9D6A-55A286F540EC,PEDESTRIAN,Cross/Enter at Intersection,NO IMPROPER ACTIONS,AT INTERSECTION MARKED CROSSWALK,N/A,N/A,No,SUSPECTED MINOR INJURY,NONE,39.07553667,-77.15192333,"(39.07553667, -77.15192333)"
DD56040031,190041532,Rockville Police Departme,Injury Crash,08/30/2019 01:30:00 PM,Municipality,REDLAND BLVD,Municipality,THOMPSON DAIRY WAY,,ROCKVILLE,PEDESTRIAN,OTHER,CLEAR,DRY,DAYLIGHT,TRAFFIC SIGNAL,NONE DETECTED,NONE DETECTED,869BDEDE-0A68-4B33-ACA7-471A7609E753,PEDESTRIAN,Cross/Enter at Intersection,NO IMPROPER ACTIONS,ON ROADWAY AT CROSSWALK,OBEYED PED. SIGNAL,LIGHT CLOTHING,No,SUSPECTED MINOR INJURY,NONE,39.11275167,-77.17153167,"(39.11275167, -77.17153167)"
MCP32120009,190041582,Montgomery County Police,Injury Crash,08/30/2019 04:51:00 PM,Maryland (State),EAST WEST HWY,Maryland (State),COLESVILLE RD,,N/A,PEDESTRIAN,SINGLE VEHICLE,N/A,N/A,DAYLIGHT,TRAFFIC SIGNAL,NONE DETECTED,NONE DETECTED,2323F65E-4083-4DD4-94CE-5386D8AA585C,PEDESTRIAN,Cross/Enter at Intersection,FAILURE TO OBEY TRAFFIC SIGNS SIGNALS OR OFFICER,ON ROADWAY NOT AT CROSSWALK,NO PED. SIGNAL,LIGHT CLOTHING,Yes,SUSPECTED MINOR INJURY,NONE,38.99297393,-77.0317158,"(38.99297393, -77.0317158)"
MCP15120024,190041410,Montgomery County Police,Injury Crash,08/29/2019 05:36:00 PM,Maryland (State),GREAT SENECA HWY,Unknown,ENT TO BUSINESS,,N/A,BICYCLIST,STRAIGHT MOVEMENT ANGLE,N/A,DRY,DAYLIGHT,NO CONTROLS,NONE DETECTED,NONE DETECTED,E4CFEE8E-E91C-4834-974B-D997A5D287ED,BICYCLIST,Walking/Cycling on Sidewalk,NO IMPROPER ACTIONS,SIDEWALK,N/A,LIGHT CLOTHING,No,SUSPECTED MINOR INJURY,MC/BIKE HELMET,39.12532833,-77.23349167,"(39.12532833, -77.23349167)"
MCP2992002M,190041453,Montgomery County Police,Injury Crash,08/29/2019 09:35:00 PM,Maryland (State),LAYHILL RD,County,BEL PRE RD,,N/A,PEDESTRIAN,OTHER,N/A,DRY,DARK NO LIGHTS,NO CONTROLS,N/A,ALCOHOL PRESENT,225036BE-DCA0-4732-A692-FB3669F00C31,PEDESTRIAN,Getting off/on Vehicle,DART DASH,OTHER,NO PED. SIGNAL,MIXED CLOTHING,Yes,SUSPECTED MINOR INJURY,N/A,39.09172333,-77.04509833,"(39.09172333, -77.04509833)"
MCP3136002G,190041527,Montgomery County Police,Injury Crash,08/30/2019 12:11:00 PM,,,,,8523 PINEY BRANCH RD (REAR PARKING LOT),,PEDESTRIAN,OTHER,CLEAR,,DAYLIGHT,N/A,NONE DETECTED,ALCOHOL PRESENT,111FAD56-CBF4-451C-B56E-94FDC05D29F4,PEDESTRIAN,Standing,NOT VISIBLE,OTHER,N/A,N/A,No,SUSPECTED MINOR INJURY,N/A,38.99774447,-77.00260826,"(38.99774447, -77.00260826)"
MCP209400F9,190036249,Montgomery County Police,Injury Crash,07/30/2019 08:23:00 AM,Maryland (State),WISCONSIN AVE,Municipality,DORSET AVE,,SOMERSET,BICYCLIST,OTHER,CLEAR,DRY,DAYLIGHT,TRAFFIC SIGNAL,NONE DETECTED,NONE DETECTED,EB1170C8-9C19-4367-8DF3-557755906399,BICYCLIST,Cross/Enter at Intersection,NO IMPROPER ACTIONS,ON ROADWAY AT CROSSWALK,OBEYED PED. SIGNAL,MIXED CLOTHING,No,POSSIBLE INJURY,MC/BIKE HELMET,38.96730333,-77.08861833,"(38.96730333, -77.08861833)"
MCP3196000F,190041996,Montgomery County Police,Injury Crash,09/02/2019 03:16:00 PM,County,WALDORF DR,County,WYNNFIELD DR,,N/A,BICYCLIST,STRAIGHT MOVEMENT ANGLE,CLEAR,DRY,DAYLIGHT,NO CONTROLS,N/A,N/A,B504A6D3-ABA0-46F7-81C3-4DD3068A6C03,BICYCLIST,Walking/Riding w/Traffic,NO IMPROPER ACTIONS,ON ROADWAY NOT AT CROSSWALK,N/A,MIXED CLOTHING,No,SUSPECTED MINOR INJURY,MC/BIKE HELMET,39.18594429,-77.27688125,"(39.18594429, -77.27688125)"
MCP2351003B,190041966,Montgomery County Police,Injury Crash,09/02/2019 12:26:00 PM,,,,,PKNGLT ENTRANCE 12230 ROCKVILLE PIKE,,PEDESTRIAN,OTHER,CLEAR,,DAYLIGHT,TRAFFIC SIGNAL,NONE DETECTED,NONE DETECTED,96CFC987-AF43-48A0-8E77-82037E307925,PEDESTRIAN,Cross/Enter not at Intersection,UNKNOWN,OTHER,NO PED. SIGNAL,MIXED CLOTHING,Unknown,SUSPECTED MINOR INJURY,NONE,39.05607167,-77.11936167,"(39.05607167, -77.11936167)"
MCP26710028,190051923,Montgomery County Police,Injury Crash,10/28/2019 07:50:00 PM,US (State),GEORGIA AVE,County,ELLSWORTH DR,,N/A,PEDESTRIAN,OTHER,N/A,DRY,DARK LIGHTS ON,TRAFFIC SIGNAL,NONE DETECTED,NONE DETECTED,213A9D0E-8EF7-4499-BFA8-12687607CA80,PEDESTRIAN,Cross/Enter not at Intersection,IN ROADWAY IMPROPERLY,ON ROADWAY NOT AT CROSSWALK,DISOBEYED PED. SIGNAL,MIXED CLOTHING,Yes,SUSPECTED MINOR INJURY,NONE,38.99528412,-77.02743963,"(38.99528412, -77.02743963)"
DD56010052,190052141,Rockville Police Departme,Property Damage Crash,10/29/2019 10:39:00 PM,,,,,PARKING LOT OF 891 ROCKVILLE PIKE,,OTHER,SINGLE VEHICLE,CLEAR,,DARK LIGHTS ON,N/A,UNKNOWN,N/A,377AB315-CDD3-4654-B39E-A0EA01BD0338,OTHER,N/A,NO IMPROPER ACTIONS,N/A,N/A,N/A,No,NO APPARENT INJURY,N/A,39.0742805,-77.13729233,"(39.0742805, -77.13729233)"
MCP24920016,190043484,Montgomery County Police,Fatal Crash,09/11/2019 10:20:00 AM,,COPLEY PLACE,,ENTRANCE TO HARRIS TEETER PARKING LOT,,N/A,PEDESTRIAN,OTHER,CLEAR,DRY,DAYLIGHT,STOP SIGN,NONE DETECTED,NONE DETECTED,AA12FD97-FA1C-49C9-9713-48179F3DA673,PEDESTRIAN,Cross/Enter at Intersection,IN ROADWAY IMPROPERLY,ON ROADWAY NOT AT CROSSWALK,NO PED. SIGNAL,MIXED CLOTHING,Yes,FATAL INJURY,N/A,39.11481531,-77.20692953,"(39.11481531, -77.20692953)"
EJ7877000M,190049728,Gaithersburg Police Depar,Injury Crash,10/16/2019 10:20:00 PM,County,GOSHEN RD,Municipality,ODENDHAL AVE,,GAITHERSBURG,PEDESTRIAN,SINGLE VEHICLE,N/A,N/A,DARK LIGHTS ON,TRAFFIC SIGNAL,UNKNOWN,N/A,88D5D53E-F4BC-4220-8BC5-FCBFE99927FB,PEDESTRIAN,Cross/Enter at Intersection,UNKNOWN,ON ROADWAY AT CROSSWALK,UNKNOWN,UNKNOWN,Unknown,POSSIBLE INJURY,N/A,39.15242605,-77.19234343,"(39.15242605, -77.19234343)"
MCP2902003R,190051976,Montgomery County Police,Injury Crash,10/29/2019 07:02:00 AM,Maryland (State),FREDERICK RD,County,PLUMMER DR,,N/A,BICYCLIST,OTHER,CLEAR,DRY,DAWN,NO CONTROLS,N/A,NONE DETECTED,C8AA58F3-F9E0-4C2E-997E-6DA21E619932,BICYCLIST,Walking/Cycling on Sidewalk,OTHER,SIDEWALK,OTHER,UNKNOWN,No,SUSPECTED MINOR INJURY,UNKNOWN,39.17104333,-77.235525,"(39.17104333, -77.235525)"
MCP2361001L,200008760,Montgomery County Police,Injury Crash,02/21/2020 07:24:00 PM,County,CONTOUR RD,County,TUNSTALL DR,,N/A,PEDESTRIAN,OTHER,CLEAR,DRY,DARK LIGHTS ON,OTHER,NONE DETECTED,NONE DETECTED,E880E5B0-AE5F-4D08-9563-1C32D9BDD312,PEDESTRIAN,Cross/Enter at Intersection,NO IMPROPER ACTIONS,AT INTERSECTION MARKED CROSSWALK,OBEYED PED. SIGNAL,MIXED CLOTHING,No,SUSPECTED MINOR INJURY,NONE,39.15419667,-77.196725,"(39.15419667, -77.196725)"
MCP31430025,200011071,Montgomery County Police,Injury Crash,03/06/2020 09:10:00 AM,Maryland (State),ROCKVILLE PIKE,County,MARINELLI RD,,N/A,PEDESTRIAN,SINGLE VEHICLE,CLEAR,DRY,DAYLIGHT,TRAFFIC SIGNAL,NONE DETECTED,NONE DETECTED,3C909705-698A-4586-B904-837E6A7ABA38,PEDESTRIAN,Cross/Enter at Intersection,NO IMPROPER ACTIONS,ON ROADWAY AT CROSSWALK,OBEYED PED. SIGNAL,MIXED CLOTHING,No,POSSIBLE INJURY,NONE,39.04674,-77.11301333,"(39.04674, -77.11301333)"
MCP27670080,200011863,Montgomery County Police,Injury Crash,03/09/2020 02:00:00 PM,,,,,"DRIVEWAY TO RANDOLPH ROAD FROM PARKING LOT OF 17 RANDOLPH ROAD, SILVER SPRING MD 20904",,PEDESTRIAN,SINGLE VEHICLE,CLEAR,,DAYLIGHT,NO CONTROLS,UNKNOWN,UNKNOWN,928B3D98-FC73-4EE2-B2DC-9D8FCC8C47A0,PEDESTRIAN,Cross/Enter at Intersection,NO IMPROPER ACTIONS,DRIVEWAY ACCESS MARKED CROSSWALK,NO PED. SIGNAL,UNKNOWN,No,SUSPECTED MINOR INJURY,NONE,39.07585768,-77.00238284,"(39.07585768, -77.00238284)"
MCP1002000Y,200011326,Montgomery County Police,Injury Crash,03/07/2020 05:00:00 PM,,,,,PARKING LOT IN FRONT OF 516 N FREDERICK RD,,PEDESTRIAN,SINGLE VEHICLE,CLEAR,,DAYLIGHT,NO CONTROLS,NONE DETECTED,NONE DETECTED,F0DEDF6A-418A-4A51-86B5-F9463E3722E9,PEDESTRIAN,Cross/Enter at Intersection,N/A,AT INTERSECTION MARKED CROSSWALK,NO PED. SIGNAL,N/A,No,NO APPARENT INJURY,NONE,39.14788,-77.2091,"(39.14788, -77.2091)"
MCP3230001H,200034830,Montgomery County Police,Injury Crash,09/05/2020 06:40:00 PM,,,,,REAR PARKING LOT OF 13625 GEORGIA AVE,,PEDESTRIAN,SINGLE VEHICLE,CLEAR,,DAYLIGHT,NO CONTROLS,NONE DETECTED,NONE DETECTED,EE77B261-1CEE-4B69-8C5F-8A14A482B3B0,PEDESTRIAN,Other,INATTENTIVE,OTHER,N/A,LIGHT CLOTHING,No,SUSPECTED MINOR INJURY,N/A,39.08032256,-77.07115942,"(39.08032256, -77.07115942)"
MCP158000BX,190043197,Montgomery County Police,Injury Crash,09/09/2019 03:45:00 PM,County,DIAMONDBACK DR,Maryland (State),KEY WEST AVE,,N/A,PEDESTRIAN,STRAIGHT MOVEMENT ANGLE,CLOUDY,DRY,DAYLIGHT,TRAFFIC SIGNAL,NONE DETECTED,NONE DETECTED,BD4DDE2F-1195-4CA6-878F-C1537CE618CF,PEDESTRIAN,Cross/Enter at Intersection,NO IMPROPER ACTIONS,ON ROADWAY AT CROSSWALK,OBEYED PED. SIGNAL,MIXED CLOTHING,No,SUSPECTED MINOR INJURY,OTHER,39.10530833,-77.20160667,"(39.10530833, -77.20160667)"