Report Number,Local Case Number,Agency Name,ACRS Report Type,Crash Date/Time,Route Type,Road Name,Cross-Street Type,Cross-Street Name,Off-Road Description,Municipality,Related Non-Motorist,Collision Type,Weather,Surface Condition,Light,Traffic Control,Driver Substance Abuse,Non-Motorist Substance Abuse,Person ID,Pedestrian Type,Pedestrian Movement,Pedestrian Actions,Pedestrian Location,Pedestrian Obeyed Traffic Signal,Pedestrian Visibility,At Fault,Injury Severity,Safety Equipment,Latitude,Longitude,Location
MCP3086003D,190054343,Montgomery County Police,Injury Crash,11/11/2019 01:45:00 PM,County,MIDCOUNTY HWY,County,WASHINGTON GROVE LA,,N/A,BICYCLIST,OTHER,CLEAR,DRY,DAYLIGHT,TRAFFIC SIGNAL,NONE DETECTED,NONE DETECTED,7E2A8F49-8608-4D81-8ACE-F9F075CFD743,BICYCLIST,Cross/Enter at Intersection,NO IMPROPER ACTIONS,AT INTERSECTION MARKED CROSSWALK,OBEYED PED. SIGNAL,DARK CLOTHING,No,SUSPECTED MINOR INJURY,NONE,39.14750167,-77.16900817,"(39.14750167, -77.16900817)"
MCP3141001J,190052601,Montgomery County Police,Injury Crash,10/31/2019 06:00:00 PM,County,13TH ST,US (State),GEORGIA AVE,,N/A,MACHINE OPERATOR/RIDER,STRAIGHT MOVEMENT ANGLE,N/A,DRY,UNKNOWN,NO CONTROLS,UNKNOWN,UNKNOWN,BA4D7D7C-DCDC-48FB-BD09-6CB44DC0A145,MACHINE OPERATOR/RIDER,Other,UNKNOWN,SIDEWALK,UNKNOWN,UNKNOWN,Unknown,SUSPECTED MINOR INJURY,NONE,38.98718952,-77.02727766,"(38.98718952, -77.02727766)"
MCP3242000K,190054461,Montgomery County Police,Injury Crash,11/12/2019 06:58:00 AM,County,OAKVIEW DR,County,MT PISGAH RD,,N/A,PEDESTRIAN,HEAD ON LEFT TURN,RAINING,WET,DAYLIGHT,STOP SIGN,NONE DETECTED,NONE DETECTED,1F3EEC1F-5B89-489C-A4DA-F13E24A9BC70,PEDESTRIAN,Cross/Enter at Intersection,NO IMPROPER ACTIONS,AT INTERSECTION MARKED CROSSWALK,NO PED. SIGNAL,MIXED CLOTHING,No,SUSPECTED MINOR INJURY,NONE,39.015115,-76.97665,"(39.015115, -76.97665)"
MCP93010030,190054180,Montgomery County Police,Injury Crash,11/10/2019 12:15:00 PM,,,,,PARKING LOT OF 544 N. FREDERICK AVE,,PEDESTRIAN,SINGLE VEHICLE,CLEAR,,DAYLIGHT,N/A,N/A,N/A,A5408C5D-61E8-452D-B365-6E837F727939,PEDESTRIAN,Other,N/A,ON ROADWAY NOT AT CROSSWALK,NO PED. SIGNAL,MIXED CLOTHING,Unknown,POSSIBLE INJURY,N/A,39.14826333,-77.20930167,"(39.14826333, -77.20930167)"
MCP2513001S,190048430,Montgomery County Police,Injury Crash,10/09/2019 08:36:00 AM,County,ADELPHI RD,Maryland (State),NEW HAMPSHIRE AVE,,N/A,PEDESTRIAN,OTHER,CLEAR,DRY,DAYLIGHT,TRAFFIC SIGNAL,NONE DETECTED,NONE DETECTED,56EE9F67-3317-4A5B-91C4-E56EFE074622,PEDESTRIAN,Cross/Enter at Intersection,UNKNOWN,AT INTERSECTION MARKED CROSSWALK,UNKNOWN,UNKNOWN,Unknown,SUSPECTED SERIOUS INJURY,N/A,39.01142465,-76.97904552,"(39.01142465, -76.97904552)"
MCP3213000L,190053730,Montgomery County Police,Injury Crash,11/07/2019 06:04:00 PM,US (State),GEORGIA AVE,County,WAYNE AVE,,N/A,PEDESTRIAN,N/A,RAINING,WET,DARK LIGHTS ON,OTHER,NONE DETECTED,NONE DETECTED,5211DDBE-7304-4BA8-BAD9-73E87CDD9538,PEDESTRIAN,Cross/Enter at Intersection,IMPROPER PASSING,AT INTERSECTION MARKED CROSSWALK,DISOBEYED PED. SIGNAL,MIXED CLOTHING,Yes,SUSPECTED MINOR INJURY,N/A,38.99446974,-77.02669992,"(38.99446974, -77.02669992)"
MCP2512004Q,190054414,Montgomery County Police,Injury Crash,11/11/2019 07:11:00 PM,County,WASHINGTON GROVE LA,County,TOWNE CREST DR,,N/A,PEDESTRIAN,STRAIGHT MOVEMENT ANGLE,CLEAR,DRY,DARK LIGHTS ON,OTHER,NONE DETECTED,ALCOHOL PRESENT,8701791A-A4E5-4FE9-8D68-CEC8473D52EF,PEDESTRIAN,Other,INATTENTIVE,OTHER,NO PED. SIGNAL,MIXED CLOTHING,Yes,POSSIBLE INJURY,NONE,39.14385789,-77.17320853,"(39.14385789, -77.17320853)"
MCP2675002B,200001919,Montgomery County Police,Injury Crash,01/11/2020 09:24:00 PM,Maryland (State),VEIRS MILL RD,County,RANDOLPH RD,,N/A,PEDESTRIAN,OTHER,N/A,DRY,DARK LIGHTS ON,TRAFFIC SIGNAL,UNKNOWN,UNKNOWN,7E3CD47A-74CD-48A8-B2DB-F49853FA19C0,PEDESTRIAN,Cross/Enter not at Intersection,DART DASH,ON ROADWAY NOT AT CROSSWALK,DISOBEYED PED. SIGNAL,DARK CLOTHING,Yes,SUSPECTED SERIOUS INJURY,NONE,39.05626485,-77.0829258,"(39.05626485, -77.0829258)"
MCP2671002B,190060159,Montgomery County Police,Property Damage Crash,12/13/2019 06:30:00 PM,County,WAYNE AVE,US (State),GEORGIA AVE,,N/A,PEDESTRIAN,SINGLE VEHICLE,RAINING,WET,DARK LIGHTS ON,TRAFFIC SIGNAL,NONE DETECTED,NONE DETECTED,585B9975-CCA2-4D76-80E8-858ACCD51618,PEDESTRIAN,Cross/Enter at Intersection,FAILURE TO OBEY TRAFFIC SIGNS SIGNALS OR OFFICER,ON ROADWAY AT CROSSWALK,DISOBEYED PED. SIGNAL,DARK CLOTHING,Yes,NO APPARENT INJURY,NONE,38.99446114,-77.02693229,"(38.99446114, -77.02693229)"
MCP2546002N,190013501,Montgomery County Police,Fatal Crash,03/23/2019 09:30:00 PM,Municipality,BEALL AVE #2,Other Public Roadway,MARYLAND AVE,,N/A,PEDESTRIAN,OTHER,CLEAR,DRY,DARK LIGHTS ON,OTHER,NONE DETECTED,NONE DETECTED,5B1EC8C1-6550-4256-89C7-2186946BBA54,PEDESTRIAN,Cross/Enter at Intersection,UNKNOWN,ON ROADWAY AT CROSSWALK,NO PED. SIGNAL,MIXED CLOTHING,No,FATAL INJURY,NONE,39.087085,-77.151238,"(39.087085, -77.151238)"
MCP2546002N,190013501,Montgomery County Police,Fatal Crash,03/23/2019 09:30:00 PM,Municipality,BEALL AVE #2,Other Public Roadway,MARYLAND AVE,,N/A,PEDESTRIAN,OTHER,CLEAR,DRY,DARK LIGHTS ON,OTHER,NONE DETECTED,NONE DETECTED,5BAFBB88-CD4B-4B2F-92B6-3DACEBA0B04F,PEDESTRIAN,Cross/Enter at Intersection,UNKNOWN,ON ROADWAY AT CROSSWALK,NO PED. SIGNAL,DARK CLOTHING,No,SUSPECTED SERIOUS INJURY,NONE,39.087085,-77.151238,"(39.087085, -77.151238)"
MCP209400FV,200002289,Montgomery County Police,Injury Crash,01/14/2020 09:41:00 AM,Maryland (State),MASSACHUSETTS AVE,County,BENT BRANCH RD,,N/A,PEDESTRIAN,OTHER,RAINING,WET,DAYLIGHT,NO CONTROLS,NONE DETECTED,NONE DETECTED,8B7FCDAD-6870-4572-96DC-2DB32362E39D,PEDESTRIAN,Cross/Enter at Intersection,FAILURE TO YIELD RIGHT OF WAY,ON ROADWAY AT CROSSWALK,NO PED. SIGNAL,DARK CLOTHING,Yes,SUSPECTED MINOR INJURY,NONE,38.968465,-77.12932833,"(38.968465, -77.12932833)"
MCP3106002L,200002191,Montgomery County Police,Injury Crash,01/13/2020 06:06:00 PM,,,,,PARKING LOT DRIVEWAY OF 3610 UNIVERSITY BLVD W,,BICYCLIST,STRAIGHT MOVEMENT ANGLE,CLEAR,,DARK LIGHTS ON,NO CONTROLS,N/A,N/A,27963189-94A5-43CC-8BA9-9E5D881C09EB,BICYCLIST,Walking/Cycling on Sidewalk,N/A,SIDEWALK,N/A,DARK CLOTHING,No,SUSPECTED MINOR INJURY,MC/BIKE HELMET,39.03386667,-77.07214833,"(39.03386667, -77.07214833)"
MCP2728006P,200001550,Montgomery County Police,Injury Crash,01/09/2020 07:20:00 PM,,,,,8530 CAMERON STREET PARKING GARAGE,,PEDESTRIAN,OTHER,CLEAR,,DARK LIGHTS ON,N/A,NONE DETECTED,NONE DETECTED,D452B90F-B780-490E-B5EC-FAF51C4E1FA8,PEDESTRIAN,Other,NO IMPROPER ACTIONS,OTHER,N/A,MIXED CLOTHING,No,POSSIBLE INJURY,NONE,38.9964981,-77.03121331,"(38.9964981, -77.03121331)"
MCP31710016,200000801,Montgomery County Police,Injury Crash,01/05/2020 09:58:00 PM,,,,,"SAFEWAY PARKING LOT
19718 GERMANTOWN ROAD
GERMANTOWN, MD 20874",,BICYCLIST,STRAIGHT MOVEMENT ANGLE,CLEAR,,DARK NO LIGHTS,STOP SIGN,NONE DETECTED,NONE DETECTED,415CD240-2AEB-4FBA-A638-37ACB941EDEE,BICYCLIST,Cross/Enter at Intersection,NO IMPROPER ACTIONS,ON ROADWAY AT CROSSWALK,N/A,DARK CLOTHING,No,POSSIBLE INJURY,NONE,39.17981167,-77.26617833,"(39.17981167, -77.26617833)"
DD5637000Y,200001711,Rockville Police Departme,Injury Crash,01/10/2020 04:59:00 PM,,,,,PARKING LOT OF 1900 ROCKVILLE PIKE,,PEDESTRIAN,SINGLE VEHICLE,CLEAR,,DAWN,NO CONTROLS,NONE DETECTED,NONE DETECTED,2B6802D0-1F24-4866-8DB9-F312C77BCAE2,PEDESTRIAN,Walking/Cycling on Sidewalk,NO IMPROPER ACTIONS,SIDEWALK,NO PED. SIGNAL,DARK CLOTHING,No,POSSIBLE INJURY,NONE,39.05914867,-77.12140233,"(39.05914867, -77.12140233)"
MCP3182000S,190054614,Montgomery County Police,Injury Crash,11/12/2019 10:13:00 PM,County,THAYER AVE,US (State),GEORGIA AVE,,N/A,PEDESTRIAN,HEAD ON LEFT TURN,CLEAR,DRY,DARK LIGHTS ON,TRAFFIC SIGNAL,NONE DETECTED,NONE DETECTED,ECBF0CB5-CD55-4B39-9188-244755A89A70,PEDESTRIAN,Cross/Enter at Intersection,UNKNOWN,AT INTERSECTION MARKED CROSSWALK,UNKNOWN,MIXED CLOTHING,Unknown,POSSIBLE INJURY,NONE,38.99296797,-77.02653037,"(38.99296797, -77.02653037)"
MCP3060002M,190052561,Montgomery County Police,Injury Crash,11/01/2019 06:45:00 AM,County,WARREN ST,County,SEMINARY RD,,N/A,PEDESTRIAN,OTHER,CLEAR,DRY,DAWN,STOP SIGN,N/A,N/A,850D73F2-5F47-42E6-88C2-BC8FC6E57ED4,PEDESTRIAN,Getting off/on Vehicle,DART DASH,UNKNOWN,UNKNOWN,UNKNOWN,Yes,SUSPECTED MINOR INJURY,NONE,39.01062627,-77.04841232,"(39.01062627, -77.04841232)"
DD56150083,190056256,Rockville Police Departme,Injury Crash,11/21/2019 01:45:00 PM,Municipality,RITCHIE PKWY,Municipality,E JEFFERSON ST,,ROCKVILLE,PEDESTRIAN,OTHER,CLEAR,DRY,DAYLIGHT,STOP SIGN,NONE DETECTED,NONE DETECTED,B11AD8FA-B1BA-4C39-8BE7-51587D84AC85,PEDESTRIAN,Cross/Enter at Intersection,NO IMPROPER ACTIONS,AT INTERSECTION MARKED CROSSWALK,NO PED. SIGNAL,MIXED CLOTHING,No,POSSIBLE INJURY,NONE,39.075845,-77.141785,"(39.075845, -77.141785)"
DD5630002D,190055176,Rockville Police Departme,Property Damage Crash,11/15/2019 06:40:00 PM,Municipality,TEMPLETON PL,Maryland (State),ROCKVILLE PIKE,,N/A,PEDESTRIAN,OTHER,CLEAR,DRY,DARK LIGHTS ON,TRAFFIC SIGNAL,NONE DETECTED,NONE DETECTED,01AEE9D0-64F7-4B93-8AA2-EFFB706991E2,PEDESTRIAN,Cross/Enter at Intersection,NO IMPROPER ACTIONS,ON ROADWAY AT CROSSWALK,OBEYED PED. SIGNAL,LIGHT CLOTHING,No,NO APPARENT INJURY,NONE,39.06675,-77.12824,"(39.06675, -77.12824)"
MCP3077001G,200002377,Montgomery County Police,Injury Crash,01/14/2020 06:01:00 PM,Maryland (State),GREAT SENECA HWY,Maryland (State),CLOPPER RD,,N/A,PEDESTRIAN,SINGLE VEHICLE,RAINING,WET,DARK LIGHTS ON,TRAFFIC SIGNAL,N/A,N/A,097F764F-8319-46A9-900E-B8E3C8AE9771,PEDESTRIAN,Cross/Enter at Intersection,NO IMPROPER ACTIONS,ON ROADWAY AT CROSSWALK,OBEYED PED. SIGNAL,MIXED CLOTHING,No,SUSPECTED MINOR INJURY,N/A,39.159129,-77.27545203,"(39.159129, -77.27545203)"
MCP1334009Q,200012143,Montgomery County Police,Injury Crash,03/12/2020 06:40:00 AM,County,WATKINS MILL RD,County,STEDWICK RD,,N/A,PEDESTRIAN,SINGLE VEHICLE,CLOUDY,DRY,DARK LIGHTS ON,TRAFFIC SIGNAL,NONE DETECTED,NONE DETECTED,354826EB-5C40-4B51-AFD7-2FEB63190568,PEDESTRIAN,Cross/Enter at Intersection,NO IMPROPER ACTIONS,ON ROADWAY AT CROSSWALK,OBEYED PED. SIGNAL,MIXED CLOTHING,No,SUSPECTED MINOR INJURY,NONE,39.17052237,-77.20891844,"(39.17052237, -77.20891844)"
MCP2475004J,200001536,Montgomery County Police,Injury Crash,01/09/2020 06:09:00 PM,County,ADELPHI RD,Maryland (State),NEW HAMPSHIRE AVE,,N/A,PEDESTRIAN,STRAIGHT MOVEMENT ANGLE,N/A,DRY,DARK LIGHTS ON,TRAFFIC SIGNAL,NONE DETECTED,NONE DETECTED,4DBFF833-828F-47C7-BF30-8DF0FC3F9D94,PEDESTRIAN,Cross/Enter at Intersection,NO IMPROPER ACTIONS,ON ROADWAY AT CROSSWALK,OBEYED PED. SIGNAL,MIXED CLOTHING,No,SUSPECTED MINOR INJURY,NONE,39.01136,-76.97917333,"(39.01136, -76.97917333)"
MCP3085001W,190053496,Montgomery County Police,Injury Crash,11/06/2019 04:09:00 PM,County,MACARTHUR BLVD,County,81ST ST,,N/A,BICYCLIST,HEAD ON LEFT TURN,CLEAR,DRY,DAYLIGHT,NO CONTROLS,NONE DETECTED,NONE DETECTED,1FAAF9B7-C38B-4969-A9A9-17DDB9AE3B53,BICYCLIST,Walking/Cycling on Sidewalk,NO IMPROPER ACTIONS,SIDEWALK,NO PED. SIGNAL,MIXED CLOTHING,Yes,SUSPECTED MINOR INJURY,MC/BIKE HELMET,38.97459833,-77.16567333,"(38.97459833, -77.16567333)"
MCP31090045,200010517,Montgomery County Police,Injury Crash,03/03/2020 08:05:00 AM,Maryland (State),EAST WEST HWY,Unknown,NOAA BUILDING 1,,N/A,BICYCLIST,STRAIGHT MOVEMENT ANGLE,CLEAR,DRY,DAYLIGHT,NO CONTROLS,NONE DETECTED,NONE DETECTED,E476A92E-C922-47AB-B530-3496FEC05C62,BICYCLIST,Walking/Riding w/Traffic,NO IMPROPER ACTIONS,SHOULDER,NO PED. SIGNAL,MIXED CLOTHING,No,POSSIBLE INJURY,MC/BIKE HELMET,38.9920205,-77.03062467,"(38.9920205, -77.03062467)"
MCP2588006P,190055048,Montgomery County Police,Injury Crash,11/15/2019 08:10:00 AM,County,GRENOBLE DR,County,KEATING ST,,N/A,OTHER,SAME DIRECTION SIDESWIPE,CLEAR,DRY,DAYLIGHT,NO CONTROLS,NONE DETECTED,NONE DETECTED,2F0A1CE5-DD1B-46C8-B6F9-8B5236F43A3A,OTHER,Other Working,NO IMPROPER ACTIONS,OTHER,N/A,REFLECTIVE MATERIAL,No,POSSIBLE INJURY,REFLECTIVE CLOTHING,39.07689793,-77.09058001,"(39.07689793, -77.09058001)"
MCP2820003R,190055640,Montgomery County Police,Injury Crash,11/18/2019 01:24:00 PM,County,CONNECTICUT AVE,County,GRAND PRE RD,,N/A,BICYCLIST,STRAIGHT MOVEMENT ANGLE,CLOUDY,DRY,DAYLIGHT,OTHER,NONE DETECTED,NONE DETECTED,6A9BE211-C987-4BB1-BF87-B77674A418BC,BICYCLIST,Cross/Enter at Intersection,NO IMPROPER ACTIONS,ON ROADWAY AT CROSSWALK,OBEYED PED. SIGNAL,DARK CLOTHING,No,POSSIBLE INJURY,NONE,39.08694667,-77.074185,"(39.08694667, -77.074185)"
DM8336002Y,190055154,Takoma Park Police Depart,Property Damage Crash,11/15/2019 03:40:00 PM,Maryland (State),CARROLL AVE,Maryland (State),ETHAN ALLEN AVE,,N/A,OTHER,OTHER,CLOUDY,DRY,DAYLIGHT,N/A,N/A,N/A,A3E8B331-4DE5-401A-967F-A3B07FF61C87,OTHER,N/A,NO IMPROPER ACTIONS,N/A,N/A,N/A,No,NO APPARENT INJURY,N/A,38.977835,-77.00701833,"(38.977835, -77.00701833)"
DD5628002R,190055308,Rockville Police Departme,Injury Crash,11/16/2019 12:25:00 PM,Municipality,BEALL AVE #2,Municipality,N WASHINGTON ST,,ROCKVILLE,PEDESTRIAN,OTHER,CLEAR,DRY,DAYLIGHT,TRAFFIC SIGNAL,NONE DETECTED,NONE DETECTED,EA70521F-2038-4C9E-B027-8F1CF6664520,PEDESTRIAN,Cross/Enter at Intersection,IN ROADWAY IMPROPERLY,OUTSIDE RIGHT OF WAY,DISOBEYED PED. SIGNAL,DARK CLOTHING,Yes,SUSPECTED MINOR INJURY,N/A,39.08684397,-77.1530733,"(39.08684397, -77.1530733)"
MCP3195000Q,190053930,Montgomery County Police,Injury Crash,11/08/2019 06:40:00 PM,US (State),COLUMBIA PIKE,County,INDUSTRIAL PKWY,,N/A,PEDESTRIAN,STRAIGHT MOVEMENT ANGLE,CLEAR,DRY,DARK LIGHTS ON,TRAFFIC SIGNAL,N/A,NONE DETECTED,3B8C5C72-9AC7-4E13-B77B-F5ABE182368F,PEDESTRIAN,Cross/Enter at Intersection,DART DASH,ON ROADWAY NOT AT CROSSWALK,DISOBEYED PED. SIGNAL,DARK CLOTHING,Yes,SUSPECTED SERIOUS INJURY,NONE,39.0563,-76.97162333,"(39.0563, -76.97162333)"
MCP2987005R,190055724,Montgomery County Police,Injury Crash,11/18/2019 07:20:00 PM,US (State),COLUMBIA PIKE,Maryland (State),NEW HAMPSHIRE AVE,,N/A,PEDESTRIAN,SAME DIR REAR END,RAINING,WET,DARK -- UNKNOWN LIGHTING,NO CONTROLS,NONE DETECTED,NONE DETECTED,03071D45-8E4F-4658-9BE8-BE9A5F62ED0E,PEDESTRIAN,Push/Work on Vehicle,DISABLED VEHICLE RELATED,MEDIAN,N/A,DARK CLOTHING,No,SUSPECTED MINOR INJURY,NONE,39.04276,-76.99282167,"(39.04276, -76.99282167)"
DD5641000Y,200021098,Rockville Police Departme,Injury Crash,05/28/2020 06:38:00 AM,Municipality,FALLSGROVE BLVD,Municipality,PRETTYMAN DR,,ROCKVILLE,PEDESTRIAN,SINGLE VEHICLE,RAINING,WET,DUSK,STOP SIGN,NONE DETECTED,NONE DETECTED,FCE0D3BD-7D73-4FB1-9DE4-0E9B5D4E04AE,PEDESTRIAN,Cross/Enter at Intersection,NO IMPROPER ACTIONS,ON ROADWAY AT CROSSWALK,NO PED. SIGNAL,DARK CLOTHING,No,SUSPECTED MINOR INJURY,NONE,39.09632978,-77.19286117,"(39.09632978, -77.19286117)"
MCP2937003Q,200011898,Montgomery County Police,Injury Crash,03/10/2020 10:07:00 PM,County,RIPLEY ST,US (State),GEORGIA AVE,,N/A,PEDESTRIAN,SINGLE VEHICLE,CLEAR,DRY,DARK LIGHTS ON,NO CONTROLS,NONE DETECTED,NONE DETECTED,BDF5FC7D-2921-41E4-BDAD-05019F4264F5,PEDESTRIAN,Cross/Enter at Intersection,NO IMPROPER ACTIONS,ON ROADWAY AT CROSSWALK,NO PED. SIGNAL,LIGHT CLOTHING,No,POSSIBLE INJURY,N/A,38.99248381,-77.0268105,"(38.99248381, -77.0268105)"
MCP3038004D,200001740,Montgomery County Police,Injury Crash,01/10/2020 08:36:00 PM,Maryland (State),UNIVERSITY BLVD W,County,LORAIN AVE,,N/A,PEDESTRIAN,OTHER,CLEAR,DRY,DARK LIGHTS ON,NO CONTROLS,N/A,N/A,E32FD81F-3095-49B4-8686-AC5F01993B1B,PEDESTRIAN,Cross/Enter at Intersection,FAILURE TO YIELD RIGHT OF WAY,ON ROADWAY NOT AT CROSSWALK,NO PED. SIGNAL,DARK CLOTHING,Yes,SUSPECTED SERIOUS INJURY,NONE,39.02203833,-77.01499333,"(39.02203833, -77.01499333)"
MCP3051003X,200002374,Montgomery County Police,Injury Crash,01/14/2020 05:35:00 PM,County,FERNWOOD RD,County,NO NAME,,N/A,PEDESTRIAN,OTHER,RAINING,WET,DARK LIGHTS ON,TRAFFIC SIGNAL,NONE DETECTED,NONE DETECTED,7E4ACC9F-9B65-4E3F-8E6C-CC726796F19C,PEDESTRIAN,Cross/Enter at Intersection,NO IMPROPER ACTIONS,ON ROADWAY AT CROSSWALK,OBEYED PED. SIGNAL,DARK CLOTHING,No,POSSIBLE INJURY,NONE,39.02382667,-77.13569,"(39.02382667, -77.13569)"
MCP30500048,200000755,Montgomery County Police,Injury Crash,01/05/2020 04:07:00 PM,Maryland (State),GEORGIA AVE,Maryland (State),CONNECTICUT AVE,,N/A,BICYCLIST,SINGLE VEHICLE,CLEAR,DRY,DAYLIGHT,NO CONTROLS,NONE DETECTED,NONE DETECTED,F69D0C7D-A5BC-49D5-B003-94F82DD88EFC,BICYCLIST,Other,IN ROADWAY IMPROPERLY,ON ROADWAY NOT AT CROSSWALK,NO PED. SIGNAL,LIGHT CLOTHING,Yes,POSSIBLE INJURY,NONE,39.084985,-77.07835667,"(39.084985, -77.07835667)"
MCP2748001K,200012673,Montgomery County Police,Property Damage Crash,03/14/2020 11:35:00 PM,County,SCHUYLKILL RD,County,WYACONDA RD,,N/A,PEDESTRIAN,SINGLE VEHICLE,RAINING,WET,DARK LIGHTS ON,NO CONTROLS,NONE DETECTED,NONE DETECTED,808ACAB2-311E-416B-BC12-9549542099CB,PEDESTRIAN,Cross/Enter at Intersection,NO IMPROPER ACTIONS,AT INTERSECTION MARKED CROSSWALK,NO PED. SIGNAL,DARK CLOTHING,No,NO APPARENT INJURY,N/A,39.0450555,-77.097582,"(39.0450555, -77.097582)"
DD56420015,200012727,Rockville Police Departme,Injury Crash,03/15/2020 12:25:00 PM,Maryland (State),ROCKVILLE PIKE,Municipality,CHURCH ST,,ROCKVILLE,PEDESTRIAN,OTHER,CLEAR,DRY,DAYLIGHT,TRAFFIC SIGNAL,NONE DETECTED,NONE DETECTED,D38DB6E1-B338-4FB6-825C-748701308AAB,PEDESTRIAN,Cross/Enter at Intersection,NO IMPROPER ACTIONS,AT INTERSECTION MARKED CROSSWALK,OBEYED PED. SIGNAL,MIXED CLOTHING,No,SUSPECTED MINOR INJURY,N/A,39.08348,-77.1466135,"(39.08348, -77.1466135)"
HA24790003,20001222,Maryland-National Capital,Injury Crash,05/24/2020 02:32:00 PM,,CEDAR LANE,,BEACH DRIVE,,N/A,BICYCLIST,STRAIGHT MOVEMENT ANGLE,CLEAR,DRY,DAYLIGHT,TRAFFIC SIGNAL,NONE DETECTED,NONE DETECTED,D2F8A953-E612-4F7D-B43D-F020400620F3,BICYCLIST,Cross/Enter at Intersection,FAILURE TO YIELD RIGHT OF WAY,AT INTERSECTION MARKED CROSSWALK,DISOBEYED PED. SIGNAL,UNKNOWN,Yes,SUSPECTED MINOR INJURY,MC/BIKE HELMET,39.01234877,-77.09091532,"(39.01234877, -77.09091532)"
MCP2291004K,200019601,Montgomery County Police,Injury Crash,05/15/2020 05:12:00 PM,,,,,PARKING LOT OF 8816 LANIER DR,,BICYCLIST,SINGLE VEHICLE,CLEAR,,DAYLIGHT,N/A,NONE DETECTED,NONE DETECTED,2AA55AF4-0580-4A9D-8B97-6A6E0747E4C9,BICYCLIST,Other,OTHER,OTHER,NO PED. SIGNAL,MIXED CLOTHING,Yes,SUSPECTED MINOR INJURY,NONE,39.00012417,-77.049093,"(39.00012417, -77.049093)"
MCP3012006V,200020047,Montgomery County Police,Injury Crash,05/19/2020 01:03:00 PM,County,ASPEN HILL RD,Maryland (State),CONNECTICUT AVE,,N/A,PEDESTRIAN,OTHER,CLEAR,DRY,DAYLIGHT,N/A,N/A,N/A,4C450126-89C1-4F20-977C-4FF365C36115,PEDESTRIAN,Other,NO IMPROPER ACTIONS,MIDBLOCK MARKED CROSSWALK,UNKNOWN,MIXED CLOTHING,No,POSSIBLE INJURY,NONE,39.08034,-77.078635,"(39.08034, -77.078635)"
MCP2866005W,190050985,Montgomery County Police,Injury Crash,10/23/2019 05:40:00 PM,Maryland (State),CONNECTICUT AVE,County,SAUL RD,,N/A,BICYCLIST,ANGLE MEETS LEFT TURN,CLEAR,DRY,DAYLIGHT,TRAFFIC SIGNAL,NONE DETECTED,NONE DETECTED,46DA85B3-81B9-47A8-A962-BBBFCC9AF806,BICYCLIST,Standing,NO IMPROPER ACTIONS,SIDEWALK,NO PED. SIGNAL,REFLECTIVE MATERIAL,No,SUSPECTED SERIOUS INJURY,MC/BIKE HELMET,39.01551833,-77.07861667,"(39.01551833, -77.07861667)"
MCP2198006P,190056969,Montgomery County Police,Injury Crash,11/25/2019 05:54:00 PM,Municipality,PERRY PKWY,Unknown,STRUC OV CSX R/R,,N/A,PEDESTRIAN,SINGLE VEHICLE,CLEAR,DRY,DARK LIGHTS ON,NO CONTROLS,N/A,N/A,8DE9918C-4AB2-49CB-AA4D-EE687ADAC673,PEDESTRIAN,Cross/Enter not at Intersection,DART DASH,ON ROADWAY NOT AT CROSSWALK,NO PED. SIGNAL,MIXED CLOTHING,Yes,SUSPECTED SERIOUS INJURY,NONE,39.14672667,-77.21423667,"(39.14672667, -77.21423667)"
MCP3020004G,190056885,Montgomery County Police,Property Damage Crash,11/25/2019 10:52:00 AM,,,,,PARKING LOT IN FRONT OF 3860 INTERNATIONAL DR,,PEDESTRIAN,SINGLE VEHICLE,CLEAR,,DAYLIGHT,NO CONTROLS,NONE DETECTED,NONE DETECTED,92BE3C8B-4C96-479E-9F4D-CBA1B3D324CA,PEDESTRIAN,Walking/Riding w/Traffic,NO IMPROPER ACTIONS,OTHER,NO PED. SIGNAL,MIXED CLOTHING,No,NO APPARENT INJURY,NONE,39.10195718,-77.07546937,"(39.10195718, -77.07546937)"
MCP3107001D,190056156,Montgomery County Police,Injury Crash,11/20/2019 11:38:00 PM,Maryland (State),FREDERICK RD,Unknown,ENT TO SHADY GROVE METRO STATION,,N/A,PEDESTRIAN,OTHER,CLEAR,DRY,DARK LIGHTS ON,TRAFFIC SIGNAL,NONE DETECTED,NONE DETECTED,5F4A9E2C-9063-430A-8C7C-144E6C4532C4,PEDESTRIAN,Cross/Enter at Intersection,NO IMPROPER ACTIONS,ON ROADWAY AT CROSSWALK,N/A,MIXED CLOTHING,No,SUSPECTED MINOR INJURY,N/A,39.11736108,-77.16884318,"(39.11736108, -77.16884318)"
MCP2689006G,190056912,Montgomery County Police,Injury Crash,11/25/2019 01:58:00 PM,,,,,PARKING LOT OF 14921 SHADY GROVE RD,,PEDESTRIAN,SINGLE VEHICLE,CLEAR,,DAYLIGHT,NO CONTROLS,NONE DETECTED,NONE DETECTED,A4BF9AAF-342A-47B8-9E2E-5D5DC3AF2047,PEDESTRIAN,Other,NO IMPROPER ACTIONS,OTHER,NO PED. SIGNAL,MIXED CLOTHING,No,SUSPECTED MINOR INJURY,NONE,39.09691989,-77.19311992,"(39.09691989, -77.19311992)"