Report Number,Local Case Number,Agency Name,ACRS Report Type,Crash Date/Time,Route Type,Road Name,Cross-Street Type,Cross-Street Name,Off-Road Description,Municipality,Related Non-Motorist,Collision Type,Weather,Surface Condition,Light,Traffic Control,Driver Substance Abuse,Non-Motorist Substance Abuse,Person ID,Pedestrian Type,Pedestrian Movement,Pedestrian Actions,Pedestrian Location,Pedestrian Obeyed Traffic Signal,Pedestrian Visibility,At Fault,Injury Severity,Safety Equipment,Latitude,Longitude,Location
MCP2198007G,200004032,Montgomery County Police,Injury Crash,01/24/2020 05:49:00 PM,Maryland (State),S FREDERICK RD,Municipality,FULKS CORNER AVE,,GAITHERSBURG,BICYCLIST,OPPOSITE DIRECTION SIDESWIPE,CLEAR,DRY,DARK LIGHTS ON,STOP SIGN,N/A,N/A,37CFDCBA-44D2-4906-BB9C-5C6C736BE4B1,BICYCLIST,Cross/Enter at Intersection,DART DASH,AT INTERSECTION BUT NO CROSSWALK,NO PED. SIGNAL,LIGHT CLOTHING,Yes,POSSIBLE INJURY,NONE,39.149585,-77.23332,"(39.149585, -77.23332)"
MCP2436009S,200015770,Montgomery County Police,Injury Crash,04/12/2020 12:50:00 PM,US (State),COLESVILLE RD,Maryland (State),UNIVERSITY BLVD E,,N/A,BICYCLIST,STRAIGHT MOVEMENT ANGLE,CLEAR,DRY,DAYLIGHT,TRAFFIC SIGNAL,NONE DETECTED,NONE DETECTED,3E75178E-4B0B-4D5D-B133-1806960462BC,BICYCLIST,Cross/Enter at Intersection,FAILURE TO OBEY TRAFFIC SIGNS SIGNALS OR OFFICER,ON ROADWAY AT CROSSWALK,DISOBEYED PED. SIGNAL,MIXED CLOTHING,Yes,SUSPECTED MINOR INJURY,NONE,39.02032231,-77.01283235,"(39.02032231, -77.01283235)"
MCP29510016,16007989,MONTGOMERY,Injury Crash,02/18/2016 08:29:00 AM,,,,,CVS PARKING LOT. 108 AND SPARTAN,,PEDESTRIAN,N/A,CLEAR,,DAYLIGHT,NO CONTROLS,N/A,NONE DETECTED,2C03A6EB-9486-400D-A008-5E101131EAB1,PEDESTRIAN,Standing,NO IMPROPER ACTIONS,OTHER,N/A,MIXED CLOTHING,No,POSSIBLE INJURY,NONE,39.1514126,-77.06323385,"(39.1514126, -77.06323385)"
MCP003600CJ,190060627,Montgomery County Police,Injury Crash,12/16/2019 05:23:00 PM,County,CENTURY BLVD,County,PINNACLE DR,,N/A,PEDESTRIAN,SINGLE VEHICLE,RAINING,WET,DARK LIGHTS ON,STOP SIGN,NONE DETECTED,NONE DETECTED,D291BCC2-2F2D-4EC0-9C06-68B67932A7DF,PEDESTRIAN,Cross/Enter at Intersection,NO IMPROPER ACTIONS,ON ROADWAY AT CROSSWALK,NO PED. SIGNAL,DARK CLOTHING,No,POSSIBLE INJURY,NONE,39.18250383,-77.26570667,"(39.18250383, -77.26570667)"
MCP3076002T,190060736,Montgomery County Police,Property Damage Crash,12/17/2019 12:41:00 PM,County,WAYNE AVE,County,FENTON ST,,N/A,PEDESTRIAN,SINGLE VEHICLE,CLOUDY,WET,DAYLIGHT,NO CONTROLS,NONE DETECTED,NONE DETECTED,7E04B6BB-DE30-43C8-8DA0-F27AFA9EF9CC,PEDESTRIAN,Cross/Enter not at Intersection,IN ROADWAY IMPROPERLY,OUTSIDE RIGHT OF WAY,NO PED. SIGNAL,DARK CLOTHING,Yes,NO APPARENT INJURY,NONE,38.99581021,-77.02368768,"(38.99581021, -77.02368768)"
MCP3109003G,190053471,Montgomery County Police,Property Damage Crash,11/06/2019 01:30:00 PM,,,,,DRIVEWAY AT 8120 GEORGIA AVE,,MACHINE OPERATOR/RIDER,STRAIGHT MOVEMENT ANGLE,CLEAR,,DAYLIGHT,NO CONTROLS,NONE DETECTED,NONE DETECTED,A9E7C80C-C0F0-4EC5-9600-47E117B9A6B4,MACHINE OPERATOR/RIDER,Walking/Cycling on Sidewalk,NO IMPROPER ACTIONS,SIDEWALK,NO PED. SIGNAL,DARK CLOTHING,No,NO APPARENT INJURY,NONE,38.99114467,-77.02677867,"(38.99114467, -77.02677867)"
MCP30220036,190060471,Montgomery County Police,Injury Crash,12/15/2019 05:47:00 PM,Maryland (State),RIDGE RD,County,BRINK RD,,N/A,BICYCLIST,OTHER,CLEAR,DRY,DARK LIGHTS ON,TRAFFIC SIGNAL,N/A,N/A,848DB32A-396F-4C75-8B68-8D966935E262,BICYCLIST,Cross/Enter at Intersection,NO IMPROPER ACTIONS,ON ROADWAY AT CROSSWALK,OBEYED PED. SIGNAL,DARK CLOTHING,No,SUSPECTED MINOR INJURY,MC/BIKE HELMET,39.21038167,-77.23994833,"(39.21038167, -77.23994833)"
MCP2750004V,200016263,Montgomery County Police,Injury Crash,04/17/2020 09:35:00 AM,,,,,12313 GEORGIA AVE,,PEDESTRIAN,STRAIGHT MOVEMENT ANGLE,CLEAR,,DAYLIGHT,NO CONTROLS,NONE DETECTED,NONE DETECTED,9CDABA14-1A2B-4247-B97C-D0985BD01B04,PEDESTRIAN,Walking/Cycling on Sidewalk,NO IMPROPER ACTIONS,SIDEWALK,N/A,MIXED CLOTHING,No,SUSPECTED MINOR INJURY,NONE,39.05927333,-77.04997333,"(39.05927333, -77.04997333)"
MCP2674001K,190060477,Montgomery County Police,Injury Crash,12/15/2019 06:34:00 PM,,,,,PARKING LOT OF 21000 FREDERICK RD,,OTHER,SINGLE VEHICLE,CLEAR,,DARK LIGHTS ON,NO CONTROLS,NONE DETECTED,NONE DETECTED,E4D6DD1C-C24C-46D9-BF1A-3948E8E021A8,OTHER,Standing,N/A,INSIDE BUILDING,N/A,N/A,No,SUSPECTED MINOR INJURY,NONE,39.20059667,-77.24620833,"(39.20059667, -77.24620833)"
MCP32710001,200016299,Montgomery County Police,Injury Crash,04/17/2020 03:51:00 PM,Maryland (State),FREDERICK RD,Municipality,MARYLAND AVE,,GAITHERSBURG,BICYCLIST,STRAIGHT MOVEMENT ANGLE,CLEAR,DRY,DAYLIGHT,NO CONTROLS,NONE DETECTED,NONE DETECTED,339FFEDD-C723-41B8-A7C6-5929DA9533C6,BICYCLIST,Walking/Cycling on Sidewalk,NO IMPROPER ACTIONS,SIDEWALK,NO PED. SIGNAL,LIGHT CLOTHING,No,POSSIBLE INJURY,NONE,39.14500626,-77.20285304,"(39.14500626, -77.20285304)"
MCP30990025,200014974,Montgomery County Police,Injury Crash,04/04/2020 10:17:00 AM,County,RIDGE RD,County,OBSERVATION DR,,N/A,PEDESTRIAN,OTHER,CLEAR,DRY,DAYLIGHT,TRAFFIC SIGNAL,NONE DETECTED,NONE DETECTED,77B30705-2349-47B2-A050-FB13228DD6BB,PEDESTRIAN,Cross/Enter at Intersection,NO IMPROPER ACTIONS,ON ROADWAY AT CROSSWALK,OBEYED PED. SIGNAL,MIXED CLOTHING,No,SUSPECTED MINOR INJURY,N/A,39.20184629,-77.25305357,"(39.20184629, -77.25305357)"
MCP2072003T,200016288,Montgomery County Police,Injury Crash,04/17/2020 01:45:00 PM,County,SCENERY DR,Unknown,SCENERY PL (PROP),,N/A,BICYCLIST,OTHER,CLOUDY,DRY,DAYLIGHT,NO CONTROLS,NONE DETECTED,N/A,00D84A0A-9516-449F-B728-3D414E1807F7,BICYCLIST,Walking/Riding w/Traffic,UNKNOWN,UNKNOWN,UNKNOWN,N/A,Yes,SUSPECTED MINOR INJURY,NONE,39.17754333,-77.23342,"(39.17754333, -77.23342)"
MCP2845006R,200016657,Montgomery County Police,Injury Crash,04/21/2020 12:28:00 PM,,,,,PARKING LOT TO THE REAR OF 10141 COLESVILLE RD,,PEDESTRIAN,SINGLE VEHICLE,CLOUDY,,DAYLIGHT,NO CONTROLS,NONE DETECTED,NONE DETECTED,7ADF61B9-FB10-4FCF-B352-CE8CE38A732A,PEDESTRIAN,Other,NO IMPROPER ACTIONS,OTHER,N/A,MIXED CLOTHING,No,SUSPECTED MINOR INJURY,N/A,39.021207,-77.01157417,"(39.021207, -77.01157417)"
MCP2438002J,200019314,Montgomery County Police,Injury Crash,05/13/2020 02:42:00 PM,,,,,PARKING LOT OF 12056 CHERRY HILL ROAD,,PEDESTRIAN,OTHER,N/A,,N/A,N/A,UNKNOWN,N/A,7E667A92-44B9-4441-85A2-0B3A97794304,PEDESTRIAN,Other,DART DASH,OTHER,UNKNOWN,DARK CLOTHING,No,POSSIBLE INJURY,N/A,39.05542924,-76.95435716,"(39.05542924, -76.95435716)"
MCP3199001X,200021288,Montgomery County Police,Injury Crash,05/29/2020 02:12:00 PM,,,,,PARKING LOT AT 2205 GEORGIAN WAY,,PEDESTRIAN,OTHER,CLOUDY,,DAYLIGHT,NO CONTROLS,NONE DETECTED,NONE DETECTED,018C90C2-0C67-4C20-BE6D-55CFB0C7DD52,PEDESTRIAN,Other,NO IMPROPER ACTIONS,OTHER,N/A,MIXED CLOTHING,No,SUSPECTED MINOR INJURY,NONE,39.05454333,-77.04696,"(39.05454333, -77.04696)"
MCP1233003R,210001754,Montgomery County Police,Injury Crash,01/14/2021 03:28:00 PM,Maryland (State),UNIVERSITY BLVD W,County,HOBSON ST,,N/A,PEDESTRIAN,STRAIGHT MOVEMENT ANGLE,CLEAR,DRY,DAYLIGHT,TRAFFIC SIGNAL,NONE DETECTED,NONE DETECTED,BA600D47-CB18-4010-83E4-7EF4EB546284,PEDESTRIAN,Other,NO IMPROPER ACTIONS,N/A,NO PED. SIGNAL,MIXED CLOTHING,No,SUSPECTED SERIOUS INJURY,NONE,39.03581667,-77.064925,"(39.03581667, -77.064925)"
MCP2981003M,210001872,Montgomery County Police,Property Damage Crash,01/15/2021 04:03:00 PM,County,PARKER AVE,County,JUDSON RD,,N/A,PEDESTRIAN,SINGLE VEHICLE,CLEAR,DRY,DAYLIGHT,NO CONTROLS,NONE DETECTED,NONE DETECTED,2211FADC-2C18-49A6-BF5C-ACB3FCE61E55,PEDESTRIAN,Walking/Cycling on Sidewalk,NO IMPROPER ACTIONS,SIDEWALK,N/A,DARK CLOTHING,No,NO APPARENT INJURY,NONE,39.0488811,-77.0592769,"(39.0488811, -77.0592769)"
MCP2902004T,210001472,Montgomery County Police,Injury Crash,01/12/2021 01:31:00 PM,Other Public Roadway,HILLCREST DR,Maryland (State),FREDERICK RD,,N/A,PEDESTRIAN,OTHER,CLEAR,DRY,DAYLIGHT,STOP SIGN,N/A,N/A,741AB4EA-E3A2-4A95-9373-E76C4D18C69D,PEDESTRIAN,Cross/Enter at Intersection,NO IMPROPER ACTIONS,AT INTERSECTION BUT NO CROSSWALK,NO PED. SIGNAL,MIXED CLOTHING,No,SUSPECTED MINOR INJURY,NONE,39.17666333,-77.238335,"(39.17666333, -77.238335)"
MCP2686003Y,190060319,Montgomery County Police,Injury Crash,12/14/2019 05:08:00 PM,Maryland (State),GERMANTOWN RD,County,WISTERIA DR,,N/A,PEDESTRIAN,SINGLE VEHICLE,RAINING,WET,DARK LIGHTS ON,TRAFFIC SIGNAL,NONE DETECTED,NONE DETECTED,2EA3BFC9-EEF2-4453-A0E8-A4DD699484E5,PEDESTRIAN,Cross/Enter at Intersection,NO IMPROPER ACTIONS,ON ROADWAY AT CROSSWALK,OBEYED PED. SIGNAL,DARK CLOTHING,No,SUSPECTED MINOR INJURY,NONE,39.17688167,-77.26978167,"(39.17688167, -77.26978167)"
MCP20080072,190059977,Montgomery County Police,Fatal Crash,12/12/2019 03:48:00 PM,County,MILLWOOD RD,County,TANGLEWOOD DR,,N/A,PEDESTRIAN,OTHER,CLEAR,DRY,DAYLIGHT,STOP SIGN,N/A,N/A,41A840A1-CE46-43CB-BFAB-E7250D8F4516,PEDESTRIAN,Approach/Leaving Schoolbus,UNKNOWN,ON ROADWAY NOT AT CROSSWALK,UNKNOWN,LIGHT CLOTHING,Unknown,FATAL INJURY,N/A,38.97675833,-77.11987167,"(38.97675833, -77.11987167)"
MCP3208000W,190060635,Montgomery County Police,Injury Crash,12/16/2019 05:42:00 PM,Maryland (State),PINEY BRANCH RD,County,FLOWER AVE,,N/A,PEDESTRIAN,HEAD ON LEFT TURN,RAINING,WET,DARK LIGHTS ON,TRAFFIC SIGNAL,N/A,N/A,826A0BE2-8A5B-45BB-9CB0-A9EC5CA09646,PEDESTRIAN,Cross/Enter at Intersection,UNKNOWN,ON ROADWAY AT CROSSWALK,UNKNOWN,MIXED CLOTHING,Unknown,POSSIBLE INJURY,N/A,38.9982278,-77.00355235,"(38.9982278, -77.00355235)"
MCP3034003W,190060536,Montgomery County Police,Injury Crash,12/16/2019 08:26:00 AM,Maryland (State),WISCONSIN AVE,County,WISCONSIN CIR,,N/A,PEDESTRIAN,N/A,RAINING,WET,DAYLIGHT,TRAFFIC SIGNAL,NONE DETECTED,NONE DETECTED,109F257D-98E7-404F-84E4-381A92D3BD73,PEDESTRIAN,Cross/Enter at Intersection,NO IMPROPER ACTIONS,ON ROADWAY AT CROSSWALK,OBEYED PED. SIGNAL,DARK CLOTHING,No,POSSIBLE INJURY,NONE,38.96203833,-77.086235,"(38.96203833, -77.086235)"
MCP32110015,200016662,Montgomery County Police,Injury Crash,04/21/2020 12:46:00 PM,County,DORSET AVE,Maryland (State),RIVER RD,,N/A,PEDESTRIAN,N/A,CLOUDY,DRY,DAYLIGHT,STOP SIGN,NONE DETECTED,N/A,93CF851F-A8B4-4E01-90A0-DF3C8250C0D0,PEDESTRIAN,Cross/Enter at Intersection,IN ROADWAY IMPROPERLY,SHOULDER,NO PED. SIGNAL,UNKNOWN,No,POSSIBLE INJURY,N/A,38.96912792,-77.11006581,"(38.96912792, -77.11006581)"
DD5630002S,200016957,Rockville Police Departme,Injury Crash,04/23/2020 02:58:00 PM,Maryland (State),ROCKVILLE PIKE,Municipality,MONROE PL,,ROCKVILLE,OTHER,OTHER,RAINING,WET,DAYLIGHT,TRAFFIC SIGNAL,NONE DETECTED,NONE DETECTED,73032430-F706-476B-9D64-76B6785E82C1,OTHER,Cross/Enter at Intersection,FAILURE TO OBEY TRAFFIC SIGNS SIGNALS OR OFFICER,ON ROADWAY AT CROSSWALK,DISOBEYED PED. SIGNAL,LIGHT CLOTHING,Yes,SUSPECTED MINOR INJURY,NONE,39.08357859,-77.14725333,"(39.08357859, -77.14725333)"
MCP30170018,200022101,Montgomery County Police,Injury Crash,06/04/2020 10:16:00 PM,County,GOSHEN RD,County,BRAMBLE BUSH DR,,N/A,PEDESTRIAN,OTHER,RAINING,WET,DARK -- UNKNOWN LIGHTING,NO CONTROLS,UNKNOWN,NONE DETECTED,8B5FDDF2-7462-42D1-A79F-1D2602168811,PEDESTRIAN,Walking/Riding against Traffic,NOT VISIBLE,SHOULDER,NO PED. SIGNAL,DARK CLOTHING,No,SUSPECTED MINOR INJURY,NONE,39.18006667,-77.18925833,"(39.18006667, -77.18925833)"
MCP2475004M,200004704,Montgomery County Police,Injury Crash,01/28/2020 07:59:00 PM,Maryland (State),UNIVERSITY BLVD W,County,LORAIN AVE,,N/A,PEDESTRIAN,OTHER,N/A,DRY,DARK LIGHTS ON,NO CONTROLS,NONE DETECTED,UNKNOWN,EB85315A-6B31-4D36-9500-0A9EF471C249,PEDESTRIAN,Cross/Enter not at Intersection,DART DASH,OUTSIDE RIGHT OF WAY,NO PED. SIGNAL,UNKNOWN,Yes,SUSPECTED SERIOUS INJURY,NONE,39.02145367,-77.01444832,"(39.02145367, -77.01444832)"
MCP31250024,200005379,Montgomery County Police,Injury Crash,02/01/2020 07:20:00 PM,Municipality,N WASHINGTON ST,Municipality,BEALL AVE #2,,ROCKVILLE,PEDESTRIAN,SINGLE VEHICLE,RAINING,WET,DARK LIGHTS ON,TRAFFIC SIGNAL,NONE DETECTED,NONE DETECTED,C432B282-2454-4986-9FFD-38B85532E723,PEDESTRIAN,Cross/Enter at Intersection,NO IMPROPER ACTIONS,ON ROADWAY AT CROSSWALK,OBEYED PED. SIGNAL,MIXED CLOTHING,No,POSSIBLE INJURY,NONE,39.08684167,-77.15327,"(39.08684167, -77.15327)"
MCP3121002Z,200005027,Montgomery County Police,Injury Crash,01/30/2020 07:11:00 PM,County,LOST KNIFE RD,County,CONTOUR RD,,N/A,PEDESTRIAN,SINGLE VEHICLE,CLEAR,DRY,DARK LIGHTS ON,NO CONTROLS,NONE DETECTED,NONE DETECTED,64A4004C-0F45-4845-9BA3-3E4C4B4EC0C4,PEDESTRIAN,Other,IN ROADWAY IMPROPERLY,ON ROADWAY NOT AT CROSSWALK,NO PED. SIGNAL,DARK CLOTHING,Yes,POSSIBLE INJURY,NONE,39.15397575,-77.19992704,"(39.15397575, -77.19992704)"
MCP2043001T,200004897,Montgomery County Police,Injury Crash,01/29/2020 11:05:00 PM,County,INDUSTRIAL DR,County,GAITHER RD,,N/A,PEDESTRIAN,OTHER,CLEAR,N/A,DARK LIGHTS ON,STOP SIGN,NONE DETECTED,NONE DETECTED,D6421E80-7020-4F69-89A4-C82E71932651,PEDESTRIAN,Cross/Enter at Intersection,NO IMPROPER ACTIONS,AT INTERSECTION MARKED CROSSWALK,NO PED. SIGNAL,MIXED CLOTHING,No,SUSPECTED MINOR INJURY,NONE,39.11771333,-77.18986167,"(39.11771333, -77.18986167)"
MCP1170002J,190054027,Montgomery County Police,Injury Crash,11/09/2019 12:59:00 PM,County,GREENCASTLE RD,County,BROWNSTONE DR,,N/A,PEDESTRIAN,SINGLE VEHICLE,CLEAR,DRY,DAYLIGHT,N/A,NONE DETECTED,N/A,1724C550-4B69-4C7C-9B92-95718739E804,PEDESTRIAN,Other,OTHER,OTHER,OTHER,OTHER,Yes,SUSPECTED SERIOUS INJURY,NONE,39.11322833,-76.93093333,"(39.11322833, -76.93093333)"
MCP30190031,200005007,Montgomery County Police,Injury Crash,01/30/2020 05:20:00 PM,Maryland (State),OLD GEORGETOWN RD,County,CORDELL AVE,,N/A,PEDESTRIAN,OTHER,CLEAR,DRY,DAYLIGHT,STOP SIGN,N/A,N/A,5560A491-C0C3-42A9-8CAA-45BF1020CD96,PEDESTRIAN,Cross/Enter at Intersection,INATTENTIVE,ON ROADWAY AT CROSSWALK,OBEYED PED. SIGNAL,DARK CLOTHING,No,POSSIBLE INJURY,NONE,38.98795019,-77.09948262,"(38.98795019, -77.09948262)"
MCP14650050,200005554,Montgomery County Police,Injury Crash,02/03/2020 08:49:00 AM,Maryland (State),RIVER RD,County,SPRINGRIDGE RD,,N/A,PEDESTRIAN,SAME DIR REAR END,CLEAR,DRY,DAYLIGHT,NO CONTROLS,NONE DETECTED,NONE DETECTED,E70CC12A-C171-4A71-993E-BA7A9ED5E5A7,PEDESTRIAN,Push/Work on Vehicle,DISABLED VEHICLE RELATED,SHOULDER,N/A,MIXED CLOTHING,No,SUSPECTED MINOR INJURY,N/A,39.04788667,-77.26563667,"(39.04788667, -77.26563667)"
MCP30780038,200022250,Montgomery County Police,Injury Crash,06/06/2020 04:15:00 AM,,,,,SLEISURE WORLD BLVD AND EDELMAR TERRACE,,PEDESTRIAN,OTHER,CLEAR,,DARK LIGHTS ON,NO CONTROLS,UNKNOWN,NONE DETECTED,70357CAA-4036-4C0B-9FA7-78F9773E2E2F,PEDESTRIAN,Walking/Riding w/Traffic,NO IMPROPER ACTIONS,SIDEWALK,NO PED. SIGNAL,LIGHT CLOTHING,No,SUSPECTED MINOR INJURY,NONE,39.09483298,-77.0696517,"(39.09483298, -77.0696517)"
HA24750003,20000308,Maryland-National Capital,Injury Crash,01/24/2020 02:30:00 PM,Municipality,DORSET AVE,Government,LITTLE FALLS PKWY,,N/A,BICYCLIST,SAME DIR REND LEFT TURN,N/A,DRY,DAYLIGHT,TRAFFIC SIGNAL,UNKNOWN,N/A,465E831D-70E4-40CB-9833-3ABA4207C975,BICYCLIST,Walking/Riding w/Traffic,NO IMPROPER ACTIONS,AT INTERSECTION BUT NO CROSSWALK,OBEYED PED. SIGNAL,REFLECTIVE MATERIAL,No,SUSPECTED MINOR INJURY,MC/BIKE HELMET,38.96878235,-77.10061474,"(38.96878235, -77.10061474)"
MCP2801002N,200005898,Montgomery County Police,Injury Crash,02/04/2020 11:50:00 PM,Maryland (State),NEW HAMPSHIRE AVE,Ramp,RAMP 4 FR MD 650 NB TO IS 495 EB,,N/A,PEDESTRIAN,STRAIGHT MOVEMENT ANGLE,RAINING,WET,DARK LIGHTS ON,N/A,UNKNOWN,N/A,BAC69C35-134A-4C57-8112-DA0CEEB23C44,PEDESTRIAN,Cross/Enter at Intersection,NO IMPROPER ACTIONS,ON ROADWAY AT CROSSWALK,NO PED. SIGNAL,MIXED CLOTHING,No,SUSPECTED MINOR INJURY,NONE,39.01597923,-76.97748942,"(39.01597923, -76.97748942)"
MCP13690007,200005221,Montgomery County Police,Injury Crash,01/31/2020 08:30:00 PM,,,,,PARKING LOT 20908 FREDERICK RD,,PEDESTRIAN,SINGLE VEHICLE,CLEAR,,DARK LIGHTS ON,NO CONTROLS,NONE DETECTED,NONE DETECTED,1927168B-4846-4228-8473-B57C4FFD535C,PEDESTRIAN,Other Working,OTHER,OTHER,N/A,MIXED CLOTHING,No,POSSIBLE INJURY,N/A,39.19895667,-77.249115,"(39.19895667, -77.249115)"
MCP3115003L,200003980,Montgomery County Police,Property Damage Crash,01/24/2020 01:00:00 PM,Maryland (State),NEW HAMPSHIRE AVE,County,VALLEY BROOK DR,,N/A,OTHER,SINGLE VEHICLE,CLEAR,DRY,DAYLIGHT,N/A,N/A,N/A,5D2352BF-D4ED-4F69-95EC-4BA6F871C473,OTHER,N/A,N/A,N/A,N/A,N/A,No,NO APPARENT INJURY,N/A,39.05773667,-76.99753667,"(39.05773667, -76.99753667)"
DM8388003C,200004793,Takoma Park Police Depart,Injury Crash,01/29/2020 02:12:00 PM,,,,,PARKING LOT BEHIND 7600 FLOWER AVE.,,PEDESTRIAN,OTHER,N/A,,DAYLIGHT,NO CONTROLS,NONE DETECTED,NONE DETECTED,CAA14BD0-47DF-474F-BFBE-4AC8E7A44F44,PEDESTRIAN,Walking to/from school,NO IMPROPER ACTIONS,OTHER,N/A,MIXED CLOTHING,No,SUSPECTED MINOR INJURY,NONE,38.985739,-76.9983205,"(38.985739, -76.9983205)"
MCP2936003M,200005204,Montgomery County Police,Injury Crash,01/31/2020 06:55:00 PM,County,TUCKERMAN LA,Unknown,EXT FR SUBWAY,,N/A,PEDESTRIAN,OTHER,CLEAR,DRY,DARK LIGHTS ON,STOP SIGN,NONE DETECTED,NONE DETECTED,96C3AEED-A2B5-4718-B1A7-D2DD84D93C71,PEDESTRIAN,Cross/Enter at Intersection,NO IMPROPER ACTIONS,ON ROADWAY AT CROSSWALK,NO PED. SIGNAL,DARK CLOTHING,No,SUSPECTED SERIOUS INJURY,NONE,39.02751333,-77.10128333,"(39.02751333, -77.10128333)"
MCP3143001T,200005324,Montgomery County Police,Injury Crash,01/14/2020 02:45:00 PM,,,,,WILDWOOD SHOPPING PLAZA PARKING LOT,,PEDESTRIAN,N/A,RAINING,,DAYLIGHT,NO CONTROLS,NONE DETECTED,NONE DETECTED,0AEA7410-D1FA-413E-83C3-E56007F0E597,PEDESTRIAN,Cross/Enter not at Intersection,NO IMPROPER ACTIONS,ON ROADWAY NOT AT CROSSWALK,N/A,N/A,Unknown,POSSIBLE INJURY,N/A,39.02497833,-77.12484,"(39.02497833, -77.12484)"
MCP3090003V,200005455,Montgomery County Police,Injury Crash,02/02/2020 11:15:00 AM,County,OLD STAGE RD,County,OLD BRIDGE RD,,N/A,PEDESTRIAN,SINGLE VEHICLE,CLEAR,DRY,DAYLIGHT,STOP SIGN,N/A,N/A,54E8D089-5D28-427A-A40F-191AC6D17463,PEDESTRIAN,Cross/Enter at Intersection,NO IMPROPER ACTIONS,ON ROADWAY AT CROSSWALK,NO PED. SIGNAL,LIGHT CLOTHING,No,POSSIBLE INJURY,NONE,39.05181675,-77.1456672,"(39.05181675, -77.1456672)"
MCP3118002Y,200021872,Montgomery County Police,Injury Crash,06/03/2020 09:29:00 AM,Maryland (State),LAYHILL RD,County,BEL PRE RD,,N/A,BICYCLIST,SAME DIRECTION LEFT TURN,CLEAR,DRY,DAYLIGHT,TRAFFIC SIGNAL,NONE DETECTED,NONE DETECTED,EC1D3A73-82C6-4D49-9317-93C3CC881362,BICYCLIST,Cross/Enter at Intersection,INATTENTIVE,OTHER,N/A,N/A,Yes,POSSIBLE INJURY,MC/BIKE HELMET,39.09060333,-77.04511,"(39.09060333, -77.04511)"
MCP31260023,200021199,Montgomery County Police,Property Damage Crash,05/28/2020 06:00:00 PM,,SNOWDEN FARM PKWY,,SWEET SHRUB DRIVE,,N/A,BICYCLIST,STRAIGHT MOVEMENT ANGLE,CLEAR,DRY,DAYLIGHT,STOP SIGN,UNKNOWN,NONE DETECTED,ADD5A259-B29E-4670-AC35-FE71D05CF2C8,BICYCLIST,Walking/Cycling on Sidewalk,NO IMPROPER ACTIONS,SIDEWALK,OBEYED PED. SIGNAL,N/A,No,NO APPARENT INJURY,NONE,39.22899993,-77.25143076,"(39.22899993, -77.25143076)"
DM84890005,200021132,Takoma Park Police Depart,Property Damage Crash,05/28/2020 10:51:00 AM,Maryland (State),CARROLL AVE,Municipality,GARLAND AVE,,TAKOMA PARK,OTHER,SAME DIR REND LEFT TURN,RAINING,WET,N/A,N/A,NONE DETECTED,NONE DETECTED,4132C698-C800-4D4C-80AE-8530B1AAA83C,OTHER,N/A,N/A,OTHER,N/A,N/A,No,NO APPARENT INJURY,N/A,38.98622942,-76.99628257,"(38.98622942, -76.99628257)"
EJ7881000G,200022711,Gaithersburg Police Depar,Injury Crash,06/09/2020 06:30:00 PM,County,MUDDY BRANCH RD,Unknown,ENT TO MUDDY BRANCH SQUARE,,N/A,PEDESTRIAN,SINGLE VEHICLE,CLEAR,DRY,DAYLIGHT,STOP SIGN,NONE DETECTED,NONE DETECTED,E6D0E6E1-B050-4FF5-B383-C80A95461694,PEDESTRIAN,Cross/Enter at Intersection,N/A,ON ROADWAY AT CROSSWALK,OBEYED PED. SIGNAL,LIGHT CLOTHING,No,SUSPECTED MINOR INJURY,NONE,39.11366332,-77.21611437,"(39.11366332, -77.21611437)"
DM8421002K,200022716,Takoma Park Police Depart,Injury Crash,06/09/2020 07:20:00 PM,Municipality,LINCOLN AVE,Municipality,JEFFERSON AVE,,TAKOMA PARK,BICYCLIST,SINGLE VEHICLE,N/A,DRY,DAYLIGHT,N/A,N/A,N/A,3275896D-FF6E-4E01-8929-FEA4F184FB23,BICYCLIST,Cross/Enter not at Intersection,IN ROADWAY IMPROPERLY,ON ROADWAY NOT AT CROSSWALK,N/A,N/A,Yes,POSSIBLE INJURY,NONE,38.98308333,-77.00445667,"(38.98308333, -77.00445667)"
EJ7880000S,200027825,Gaithersburg Police Depar,Injury Crash,07/17/2020 07:57:00 PM,,,,,VEHICLE STRUCK PED IN PARKING LOT AND FLED,,PEDESTRIAN,SINGLE VEHICLE,CLEAR,,DAYLIGHT,NO CONTROLS,UNKNOWN,NONE DETECTED,D1BB3C8A-FD70-4EAB-AC29-F472CF1D0EAB,PEDESTRIAN,Standing,NO IMPROPER ACTIONS,OTHER,N/A,LIGHT CLOTHING,No,SUSPECTED MINOR INJURY,N/A,39.14407711,-77.19320816,"(39.14407711, -77.19320816)"