Report Number,Local Case Number,Agency Name,ACRS Report Type,Crash Date/Time,Route Type,Road Name,Cross-Street Type,Cross-Street Name,Off-Road Description,Municipality,Related Non-Motorist,Collision Type,Weather,Surface Condition,Light,Traffic Control,Driver Substance Abuse,Non-Motorist Substance Abuse,Person ID,Pedestrian Type,Pedestrian Movement,Pedestrian Actions,Pedestrian Location,Pedestrian Obeyed Traffic Signal,Pedestrian Visibility,At Fault,Injury Severity,Safety Equipment,Latitude,Longitude,Location
MCP3233000X,200027461,Montgomery County Police,Injury Crash,07/15/2020 12:29:00 PM,County,FENTON ST,County,SLIGO AVE,,N/A,PEDESTRIAN,OTHER,CLEAR,DRY,DAYLIGHT,NO CONTROLS,NONE DETECTED,NONE DETECTED,C1DF79E4-2651-407A-BD68-C245507074AA,PEDESTRIAN,Other Working,OTHER,CURB,N/A,DARK CLOTHING,No,SUSPECTED MINOR INJURY,NONE,38.9974805,-77.109644,"(38.9974805, -77.109644)"
MCP31650026,200029443,Montgomery County Police,Property Damage Crash,07/29/2020 01:40:00 PM,County,CASTLE BLVD,County,BRIGGS CHANEY RD,,N/A,BICYCLIST,STRAIGHT MOVEMENT ANGLE,CLEAR,DRY,DAYLIGHT,TRAFFIC SIGNAL,NONE DETECTED,NONE DETECTED,E0582C0B-57B0-4767-B4C2-D2A7B051F74D,BICYCLIST,Cross/Enter at Intersection,NO IMPROPER ACTIONS,ON ROADWAY AT CROSSWALK,OBEYED PED. SIGNAL,MIXED CLOTHING,No,NO APPARENT INJURY,NONE,39.08163167,-76.94646667,"(39.08163167, -76.94646667)"
MCP29910045,200024885,Montgomery County Police,Injury Crash,06/26/2020 09:30:00 AM,County,HORNELL DR,County,GADSDEN AVE,,N/A,PEDESTRIAN,SINGLE VEHICLE,CLEAR,DRY,DAYLIGHT,NO CONTROLS,NONE DETECTED,NONE DETECTED,B2CFDB33-47F1-4C57-A2C4-53674583D56C,PEDESTRIAN,Other,IN ROADWAY IMPROPERLY,ON ROADWAY NOT AT CROSSWALK,N/A,DARK CLOTHING,Yes,POSSIBLE INJURY,N/A,39.14222913,-76.99009657,"(39.14222913, -76.99009657)"
MCP23530089,200022955,Montgomery County Police,Injury Crash,06/08/2020 12:00:00 PM,Maryland (State),ROCKVILLE PIKE,County,GROSVENOR LA,,N/A,BICYCLIST,UNKNOWN,CLEAR,UNKNOWN,DAYLIGHT,UNKNOWN,UNKNOWN,NONE DETECTED,C10FB3EE-87DD-4949-A2F6-D10C771EE7F4,BICYCLIST,Unknown,UNKNOWN,UNKNOWN,UNKNOWN,UNKNOWN,Unknown,SUSPECTED SERIOUS INJURY,NONE,39.0258541,-77.1035835,"(39.0258541, -77.1035835)"
HA24150017,20001500,Maryland-National Capital,Injury Crash,06/26/2020 09:55:00 AM,Government,SLIGO CREEK PKWY,County,DENNIS AVE,,N/A,BICYCLIST,SAME DIRECTION LEFT TURN,N/A,DRY,DAYLIGHT,NO CONTROLS,N/A,N/A,F0F845FB-B5D0-4E20-BD23-E135245168A3,BICYCLIST,Walking/Riding w/Traffic,INATTENTIVE,ON ROADWAY NOT AT CROSSWALK,N/A,MIXED CLOTHING,Yes,SUSPECTED MINOR INJURY,MC/BIKE HELMET,39.02525944,-77.02924925,"(39.02525944, -77.02924925)"
MCP26030038,200024788,Montgomery County Police,Injury Crash,06/25/2020 11:18:00 AM,Maryland (State),MONTGOMERY VILLAGE AVE,Unknown,SPUR TO CHRISTOPHER AVE,,N/A,PEDESTRIAN,SINGLE VEHICLE,CLOUDY,DRY,DAYLIGHT,OTHER,N/A,N/A,735CE29E-D4AE-4B18-A944-A7507464C61C,PEDESTRIAN,Cross/Enter at Intersection,NO IMPROPER ACTIONS,ON ROADWAY AT CROSSWALK,NO PED. SIGNAL,DARK CLOTHING,No,POSSIBLE INJURY,NONE,39.15834667,-77.204405,"(39.15834667, -77.204405)"
DD5638001N,200025271,Rockville Police Departme,Injury Crash,06/29/2020 12:13:00 PM,Municipality,HALPINE RD,Maryland (State),ROCKVILLE PIKE,,N/A,PEDESTRIAN,OTHER,CLEAR,DRY,DAYLIGHT,TRAFFIC SIGNAL,NONE DETECTED,N/A,31791864-0A99-49BF-9971-65F5BB0141C3,PEDESTRIAN,Cross/Enter at Intersection,NO IMPROPER ACTIONS,ON ROADWAY AT CROSSWALK,OBEYED PED. SIGNAL,MIXED CLOTHING,No,SUSPECTED SERIOUS INJURY,N/A,39.06203667,-77.123875,"(39.06203667, -77.123875)"
MCP9113006B,200029550,Montgomery County Police,Injury Crash,07/30/2020 10:31:00 AM,County,WENDY LA,County,LOYOLA ST,,N/A,OTHER,OTHER,CLEAR,DRY,DAYLIGHT,NO CONTROLS,NONE DETECTED,NONE DETECTED,1F84FA47-FAA2-41D5-9D09-DF4ADA21D62F,OTHER,Getting off/on Vehicle,NO IMPROPER ACTIONS,CURB,N/A,N/A,No,SUSPECTED SERIOUS INJURY,N/A,39.079145,-77.074525,"(39.079145, -77.074525)"
EJ78580056,200030177,Gaithersburg Police Depar,Injury Crash,08/04/2020 05:45:00 AM,Municipality,ODENDHAL AVE,Municipality,RUSSELL AVE,,GAITHERSBURG,BICYCLIST,OTHER,RAINING,WET,DARK LIGHTS ON,NO CONTROLS,NONE DETECTED,NONE DETECTED,7919C82E-1F17-46FE-A7C1-49C34416A175,BICYCLIST,Cross/Enter not at Intersection,IN ROADWAY IMPROPERLY,ON ROADWAY NOT AT CROSSWALK,N/A,MIXED CLOTHING,Yes,SUSPECTED MINOR INJURY,NONE,39.15013928,-77.20455055,"(39.15013928, -77.20455055)"
MCP9419002N,200030096,Montgomery County Police,Injury Crash,08/03/2020 01:49:00 PM,,,,,PARKING LOT OF 12409 BRAXFIELD CT.,,PEDESTRIAN,OTHER,CLOUDY,,DAYLIGHT,NO CONTROLS,NONE DETECTED,NONE DETECTED,38464FA5-1EAE-4209-B0A6-139F2C434B6D,PEDESTRIAN,Other,N/A,OTHER,N/A,DARK CLOTHING,No,SUSPECTED MINOR INJURY,NONE,39.05966701,-77.10486404,"(39.05966701, -77.10486404)"
MCP1148003G,200028247,Montgomery County Police,Injury Crash,07/21/2020 09:10:00 AM,Maryland (State),OLD GEORGETOWN RD,Maryland (State),WILSON LA,,N/A,BICYCLIST,SINGLE VEHICLE,CLEAR,DRY,DAYLIGHT,TRAFFIC SIGNAL,NONE DETECTED,NONE DETECTED,7C306150-270A-4758-A5A8-EAC198E7EF97,BICYCLIST,Walking/Riding w/Traffic,FAILURE TO YIELD RIGHT OF WAY,ON ROADWAY NOT AT CROSSWALK,N/A,MIXED CLOTHING,Yes,SUSPECTED MINOR INJURY,NONE,38.987645,-77.09919833,"(38.987645, -77.09919833)"
MCP30120068,200008062,Montgomery County Police,Injury Crash,02/18/2020 08:52:00 AM,,BATCHELLORS FOREST RD,,SEABISCUT DR,,N/A,BICYCLIST,OTHER,CLEAR,DRY,DAYLIGHT,NO CONTROLS,NONE DETECTED,NONE DETECTED,A82EFB5D-A393-4639-9CB5-9D84B9F51437,BICYCLIST,Walking/Riding w/Traffic,NO IMPROPER ACTIONS,ON ROADWAY NOT AT CROSSWALK,NO PED. SIGNAL,MIXED CLOTHING,No,POSSIBLE INJURY,MC/BIKE HELMET,39.12615833,-77.05691833,"(39.12615833, -77.05691833)"
MCP32010015,200007676,Montgomery County Police,Injury Crash,02/15/2020 07:55:00 AM,,,,,ON A SERVICE ROAD IN BETWEEN POST OFFICE AND PARKING LOT OF POST OFFICE LOCATED AT 10079 STEDWICK RD,,PEDESTRIAN,SINGLE VEHICLE,CLEAR,,DAYLIGHT,N/A,N/A,N/A,D30CF38F-FD3D-4B4A-AF2E-E0A340C092D0,PEDESTRIAN,Cross/Enter not at Intersection,NO IMPROPER ACTIONS,OTHER,N/A,LIGHT CLOTHING,No,SUSPECTED MINOR INJURY,NONE,39.1710561,-77.20813914,"(39.1710561, -77.20813914)"
MCP2446004Y,200009410,Montgomery County Police,Injury Crash,02/25/2020 06:16:00 PM,Maryland (State),WOODFIELD RD,County,ROLLING FORK DR,,N/A,PEDESTRIAN,OTHER,FOGGY,WET,DARK LIGHTS ON,NO CONTROLS,NONE DETECTED,NONE DETECTED,C577C33A-F811-4249-9F55-CD17805278A5,PEDESTRIAN,Cross/Enter at Intersection,NOT VISIBLE,ON ROADWAY NOT AT CROSSWALK,NO PED. SIGNAL,DARK CLOTHING,Yes,POSSIBLE INJURY,NONE,39.25043585,-77.19462441,"(39.25043585, -77.19462441)"
MCP2420003T,200005339,Montgomery County Police,Injury Crash,02/01/2020 04:30:00 PM,,,,,ENTRANCE TO PARKING LOT OF 3410 OLNEY LAYTONSVILLE RD.,,MACHINE OPERATOR/RIDER,OTHER,CLEAR,,DAYLIGHT,NO CONTROLS,N/A,N/A,CC0BAC44-5779-4C6B-9F89-C03BCFBF31CB,MACHINE OPERATOR/RIDER,N/A,OTHER,OTHER,NO PED. SIGNAL,LIGHT CLOTHING,No,POSSIBLE INJURY,UNKNOWN,39.15288167,-77.06694833,"(39.15288167, -77.06694833)"
MCP31380025,200007705,Montgomery County Police,Injury Crash,02/15/2020 03:56:00 PM,,,,,DRIVEWAY OF 16227 BATCHELLORS FOREST RD,,PEDESTRIAN,SINGLE VEHICLE,CLEAR,,DAYLIGHT,N/A,,N/A,06356F8E-6254-4D6A-BF1D-9C80D75B7C03,PEDESTRIAN,Getting off/on Vehicle,NO IMPROPER ACTIONS,CURB,N/A,N/A,Unknown,SUSPECTED MINOR INJURY,NONE,39.12212911,-77.06900082,"(39.12212911, -77.06900082)"
DD5643000F,200009484,Rockville Police Departme,Injury Crash,02/26/2020 06:30:00 AM,Municipality,N STONESTREET AVE,Municipality,WOODLAND RD,,ROCKVILLE,PEDESTRIAN,SAME DIRECTION LEFT TURN,RAINING,WET,DARK NO LIGHTS,NO CONTROLS,NONE DETECTED,NONE DETECTED,032525B6-3762-4EB7-BE44-CFE285EAFA24,PEDESTRIAN,Other,N/A,ON ROADWAY NOT AT CROSSWALK,NO PED. SIGNAL,MIXED CLOTHING,No,POSSIBLE INJURY,NONE,39.08740547,-77.14781177,"(39.08740547, -77.14781177)"
MCP2714001K,200007572,Montgomery County Police,Injury Crash,02/16/2020 05:10:00 PM,,,,,THE PARKING LOT CROSSWALK OF 12207 VEIRS MILL RD,,PEDESTRIAN,OTHER,CLEAR,,DAYLIGHT,NO CONTROLS,N/A,N/A,97FDB327-7C7A-40E4-9F16-3E2307152BC1,PEDESTRIAN,Standing,NO IMPROPER ACTIONS,DRIVEWAY ACCESS MARKED CROSSWALK,NO PED. SIGNAL,MIXED CLOTHING,No,POSSIBLE INJURY,NONE,39.05697181,-77.08218147,"(39.05697181, -77.08218147)"
MCP2639008Z,200008439,Montgomery County Police,Injury Crash,02/20/2020 07:57:00 AM,County,ARCOLA AVE,County,LAMBERTON DR,,N/A,BICYCLIST,HEAD ON LEFT TURN,CLOUDY,DRY,DAYLIGHT,NO CONTROLS,NONE DETECTED,NONE DETECTED,8A8F995B-92D6-4640-AE8E-9524B35A12D6,BICYCLIST,Walking/Riding w/Traffic,IMPROPER PASSING,SHOULDER,N/A,MIXED CLOTHING,Yes,POSSIBLE INJURY,MC/BIKE HELMET,39.04224,-77.02996333,"(39.04224, -77.02996333)"
MCP158000CM,200008049,Montgomery County Police,Injury Crash,02/18/2020 06:11:00 AM,County,MONTGOMERY VILLAGE AVE,County,CLUB HOUSE RD,,N/A,PEDESTRIAN,SINGLE VEHICLE,CLOUDY,DRY,DARK LIGHTS ON,TRAFFIC SIGNAL,NONE DETECTED,NONE DETECTED,8EC4F423-145E-419B-9D56-5D61B3760FB7,PEDESTRIAN,Cross/Enter at Intersection,NO IMPROPER ACTIONS,AT INTERSECTION MARKED CROSSWALK,OBEYED PED. SIGNAL,MIXED CLOTHING,No,SUSPECTED MINOR INJURY,N/A,39.174405,-77.20391833,"(39.174405, -77.20391833)"
MCP30910026,200008695,Montgomery County Police,Injury Crash,02/21/2020 01:17:00 PM,County,TRAVILAH RD,County,MCCROSSIN LA,,N/A,BICYCLIST,SAME DIRECTION LEFT TURN,CLEAR,DRY,DAYLIGHT,OTHER,N/A,N/A,06B58B1C-16BC-418B-A4D1-C3C8C8F191FA,BICYCLIST,Cross/Enter at Intersection,FAILURE TO YIELD RIGHT OF WAY,ON ROADWAY NOT AT CROSSWALK,NO PED. SIGNAL,UNKNOWN,Yes,SUSPECTED MINOR INJURY,MC/BIKE HELMET,39.0753615,-77.25885167,"(39.0753615, -77.25885167)"
MCP1491001V,200009003,Montgomery County Police,Injury Crash,02/23/2020 12:04:00 PM,County,SEVEN LOCKS RD,County,GOYA DR,,N/A,BICYCLIST,SINGLE VEHICLE,CLEAR,DRY,DAYLIGHT,NO CONTROLS,NONE DETECTED,NONE DETECTED,068FF380-B367-4964-A2D5-C85B88A92498,BICYCLIST,Walking/Riding w/Traffic,NO IMPROPER ACTIONS,ON ROADWAY NOT AT CROSSWALK,N/A,REFLECTIVE MATERIAL,No,SUSPECTED SERIOUS INJURY,MC/BIKE HELMET,39.05562168,-77.16217279,"(39.05562168, -77.16217279)"
MCP93120017,200007232,Montgomery County Police,Injury Crash,02/12/2020 08:30:00 PM,Maryland (State),HUNGERFORD DR,Unknown,ENT TO PARK & RIDE,,N/A,PEDESTRIAN,SINGLE VEHICLE,CLEAR,WET,DARK LIGHTS ON,TRAFFIC SIGNAL,NONE DETECTED,NONE DETECTED,77A3BD25-413E-4485-A831-43CB0D800F7D,PEDESTRIAN,Cross/Enter at Intersection,NO IMPROPER ACTIONS,AT INTERSECTION MARKED CROSSWALK,OBEYED PED. SIGNAL,UNKNOWN,No,POSSIBLE INJURY,N/A,39.083535,-77.14691141,"(39.083535, -77.14691141)"
MCP24550045,210003421,Montgomery County Police,Injury Crash,01/27/2021 03:12:00 PM,,,,,PARKING LOT OF 12305 VILLAGE SQUARE TER,,PEDESTRIAN,OTHER,CLOUDY,,DAYLIGHT,N/A,NONE DETECTED,NONE DETECTED,964BFAEE-AA60-43DC-8861-0C8BCFEFD8AF,PEDESTRIAN,Unknown,UNKNOWN,OTHER,N/A,UNKNOWN,Yes,SUSPECTED MINOR INJURY,N/A,39.05945721,-77.10910044,"(39.05945721, -77.10910044)"
MCP29910049,200029417,Montgomery County Police,Injury Crash,07/29/2020 10:45:00 AM,Maryland (State),NEW HAMPSHIRE AVE,County,MILLGROVE PL,,N/A,BICYCLIST,SINGLE VEHICLE,CLEAR,DRY,DAYLIGHT,NO CONTROLS,NONE DETECTED,NONE DETECTED,390771D3-FE01-42F2-B9EA-4E577A148D12,BICYCLIST,N/A,IMPROPER TURN MERGE,OTHER,N/A,N/A,Yes,POSSIBLE INJURY,N/A,39.14924967,-77.06642983,"(39.14924967, -77.06642983)"
MCP9311002T,200009112,Montgomery County Police,Injury Crash,02/24/2020 09:02:00 AM,County,BRICKYARD RD,County,RIVER FALLS DR,,N/A,PEDESTRIAN,STRAIGHT MOVEMENT ANGLE,CLEAR,N/A,DAYLIGHT,STOP SIGN,NONE DETECTED,NONE DETECTED,22B0FF85-3C50-4B1B-932D-B36D14ABD4E9,PEDESTRIAN,Getting off/on Vehicle,NO IMPROPER ACTIONS,OTHER,N/A,N/A,Yes,SUSPECTED MINOR INJURY,NONE,38.99385667,-77.21483333,"(38.99385667, -77.21483333)"
MCP2935001Y,190030710,Montgomery County Police,Injury Crash,06/27/2019 05:45:00 PM,County,WAYNE AVE,US (State),GEORGIA AVE,,N/A,PEDESTRIAN,OTHER,N/A,N/A,DAYLIGHT,TRAFFIC SIGNAL,NONE DETECTED,NONE DETECTED,12065FCF-DECA-4239-9406-2CF66D47AA25,PEDESTRIAN,Cross/Enter at Intersection,NO IMPROPER ACTIONS,ON ROADWAY AT CROSSWALK,OBEYED PED. SIGNAL,N/A,No,SUSPECTED MINOR INJURY,NONE,38.99456497,-77.02715324,"(38.99456497, -77.02715324)"
MCP26030038,200024788,Montgomery County Police,Injury Crash,06/25/2020 11:18:00 AM,Maryland (State),MONTGOMERY VILLAGE AVE,Unknown,SPUR TO CHRISTOPHER AVE,,N/A,PEDESTRIAN,SINGLE VEHICLE,CLOUDY,DRY,DAYLIGHT,OTHER,N/A,N/A,882B13D1-04B5-446D-9964-4D85BFF987C8,PEDESTRIAN,Cross/Enter at Intersection,NO IMPROPER ACTIONS,ON ROADWAY AT CROSSWALK,NO PED. SIGNAL,DARK CLOTHING,No,POSSIBLE INJURY,NONE,39.15834667,-77.204405,"(39.15834667, -77.204405)"
DD5642001G,200025124,Rockville Police Departme,Injury Crash,06/28/2020 08:34:00 AM,Municipality,KERSEY LA,Maryland (State),FALLS RD,,N/A,PEDESTRIAN,STRAIGHT MOVEMENT ANGLE,CLEAR,DRY,DAYLIGHT,TRAFFIC SIGNAL,NONE DETECTED,NONE DETECTED,454A2BD4-D3CE-4F17-B5DA-B55260E54969,PEDESTRIAN,Cross/Enter at Intersection,NO IMPROPER ACTIONS,ON ROADWAY AT CROSSWALK,OBEYED PED. SIGNAL,MIXED CLOTHING,No,POSSIBLE INJURY,N/A,39.06644027,-77.17418554,"(39.06644027, -77.17418554)"
MCP2187000G,200025035,Montgomery County Police,Injury Crash,06/27/2020 12:06:00 PM,Maryland (State),QUINCE ORCHARD RD,Unknown,ENT TO PARK & RIDE,,N/A,BICYCLIST,STRAIGHT MOVEMENT ANGLE,CLEAR,DRY,DAYLIGHT,TRAFFIC SIGNAL,NONE DETECTED,NONE DETECTED,97ADC450-E92E-4CDA-BFA2-EC1D90141872,BICYCLIST,Cross/Enter not at Intersection,FAILURE TO OBEY TRAFFIC SIGNS SIGNALS OR OFFICER,ON ROADWAY NOT AT CROSSWALK,DISOBEYED PED. SIGNAL,DARK CLOTHING,Yes,SUSPECTED MINOR INJURY,NONE,39.02994667,-77.12695333,"(39.02994667, -77.12695333)"
MCP003600D7,200023349,Montgomery County Police,Property Damage Crash,06/14/2020 02:13:00 PM,,,,,PARKING LOT IN FRONT OF 9821 BETHESDA CHURCH RD,,BICYCLIST,SINGLE VEHICLE,CLEAR,,DAYLIGHT,NO CONTROLS,,NONE DETECTED,99CE466F-C1DF-41FB-B5FD-6CC8D5B8098C,BICYCLIST,Playing,INATTENTIVE,SIDEWALK,N/A,MIXED CLOTHING,Yes,NO APPARENT INJURY,NONE,39.28456717,-77.20466633,"(39.28456717, -77.20466633)"
MCP2678002C,200024623,Montgomery County Police,Injury Crash,06/24/2020 01:32:00 AM,Other Public Roadway,FIELDSTONE CT,County,FIELDSTONE RD,,N/A,PEDESTRIAN,SAME DIRECTION SIDESWIPE,CLEAR,DRY,DARK LIGHTS ON,N/A,N/A,ALCOHOL CONTRIBUTED,D0E8E287-62C4-4896-B3CC-434DA2F51910,PEDESTRIAN,Getting off/on Vehicle,WRONG WAY RIDING OR WALKING,OTHER,NO PED. SIGNAL,MIXED CLOTHING,No,SUSPECTED SERIOUS INJURY,NONE,39.09993781,-77.02188151,"(39.09993781, -77.02188151)"
MCP3074004B,200025473,Montgomery County Police,Injury Crash,06/30/2020 04:17:00 PM,Maryland (State),GEORGIA AVE,County,SEMINARY RD,,N/A,PEDESTRIAN,SINGLE VEHICLE,CLEAR,DRY,DAYLIGHT,TRAFFIC SIGNAL,UNKNOWN,N/A,1563F05B-77F8-4EB4-8DEA-91580A7C5333,PEDESTRIAN,Cross/Enter not at Intersection,NOT VISIBLE,ON ROADWAY NOT AT CROSSWALK,UNKNOWN,LIGHT CLOTHING,Unknown,SUSPECTED MINOR INJURY,NONE,39.00956292,-77.04054001,"(39.00956292, -77.04054001)"
MCP3050004Q,200028775,Montgomery County Police,Injury Crash,07/24/2020 05:56:00 PM,,,,,"PARKING LOT IN FRONT OF CHINA KING 3827 ASPEN HILL RD SILVER SPRING, MD 20906",,PEDESTRIAN,OTHER,CLEAR,,DAYLIGHT,STOP SIGN,NONE DETECTED,NONE DETECTED,54835D56-34A0-4B14-AE00-9C63A98FC826,PEDESTRIAN,Cross/Enter not at Intersection,INATTENTIVE,ON ROADWAY NOT AT CROSSWALK,N/A,MIXED CLOTHING,No,SUSPECTED MINOR INJURY,N/A,39.08129,-77.07759333,"(39.08129, -77.07759333)"
MCP2239001N,200030242,Montgomery County Police,Injury Crash,08/04/2020 01:24:00 PM,County,SEVEN LOCKS RD,Other Public Roadway,CODDLE HARBOR LA,,N/A,BICYCLIST,OTHER,CLEAR,DRY,DAYLIGHT,STOP SIGN,NONE DETECTED,N/A,750BA249-B77B-4C90-A58B-8AD8199D5189,BICYCLIST,Cross/Enter at Intersection,OTHER,ON ROADWAY NOT AT CROSSWALK,NO PED. SIGNAL,MIXED CLOTHING,No,SUSPECTED MINOR INJURY,MC/BIKE HELMET,39.04253167,-77.15936333,"(39.04253167, -77.15936333)"
MCP3270000T,200045439,Montgomery County Police,Property Damage Crash,11/17/2020 06:36:00 PM,Maryland (State),NEW HAMPSHIRE AVE,Unknown,IN CORP LMTS TAKOMA PARK,,N/A,BICYCLIST,STRAIGHT MOVEMENT ANGLE,CLEAR,DRY,DARK LIGHTS ON,N/A,UNKNOWN,NONE DETECTED,3A6BF28C-53BF-44BE-B913-210842B262B2,BICYCLIST,Cross/Enter at Intersection,NO IMPROPER ACTIONS,AT INTERSECTION MARKED CROSSWALK,NO PED. SIGNAL,DARK CLOTHING,No,NO APPARENT INJURY,NONE,39.04090188,-76.99101255,"(39.04090188, -76.99101255)"
MCP3145002T,200045012,Montgomery County Police,Injury Crash,11/14/2020 06:00:00 PM,Maryland (State),NEW HAMPSHIRE AVE,County,RANDOLPH RD,,N/A,PEDESTRIAN,SINGLE VEHICLE,CLEAR,DRY,DARK LIGHTS ON,TRAFFIC SIGNAL,NONE DETECTED,NONE DETECTED,42309692-4A4F-4E8C-A082-429F31EEEED7,PEDESTRIAN,Cross/Enter at Intersection,IN ROADWAY IMPROPERLY,ON ROADWAY NOT AT CROSSWALK,UNKNOWN,DARK CLOTHING,Yes,SUSPECTED MINOR INJURY,N/A,39.07633,-77.00139,"(39.07633, -77.00139)"
MCP29360046,200045110,Montgomery County Police,Injury Crash,11/15/2020 04:30:00 PM,Maryland (State),ROCKVILLE PIKE,Unknown,ENT TO NATIONAL NAVAL MEDICAL CTR,,N/A,BICYCLIST,STRAIGHT MOVEMENT ANGLE,CLOUDY,DRY,DAYLIGHT,TRAFFIC SIGNAL,NONE DETECTED,NONE DETECTED,C36FD9C1-307D-47BA-B01D-5A971F529E95,BICYCLIST,Cross/Enter at Intersection,NO IMPROPER ACTIONS,ON ROADWAY AT CROSSWALK,OBEYED PED. SIGNAL,MIXED CLOTHING,No,SUSPECTED MINOR INJURY,OTHER,39.004705,-77.09712333,"(39.004705, -77.09712333)"
MCP3040004V,200045141,Montgomery County Police,Injury Crash,11/15/2020 07:30:00 PM,Maryland (State),GEORGIA AVE,Maryland (State),OLNEY SANDY SPRING RD,,N/A,PEDESTRIAN,SINGLE VEHICLE,RAINING,WET,DARK LIGHTS ON,TRAFFIC SIGNAL,NONE DETECTED,NONE DETECTED,277548F2-2C2A-49F6-B222-6A8B66ABB9E5,PEDESTRIAN,Cross/Enter at Intersection,DART DASH,AT INTERSECTION MARKED CROSSWALK,DISOBEYED PED. SIGNAL,DARK CLOTHING,Yes,POSSIBLE INJURY,NONE,39.15308776,-77.0666712,"(39.15308776, -77.0666712)"
MCP2891009K,200045188,Montgomery County Police,Injury Crash,11/16/2020 08:26:00 AM,County,PINECREST CIR,County,HIGHLAND DR,,N/A,PEDESTRIAN,SINGLE VEHICLE,CLEAR,DRY,DAYLIGHT,N/A,NONE DETECTED,NONE DETECTED,83C66713-780F-42DF-99BA-1260A0B7BCE1,PEDESTRIAN,Other Working,NO IMPROPER ACTIONS,OTHER,N/A,REFLECTIVE MATERIAL,Unknown,POSSIBLE INJURY,REFLECTIVE CLOTHING,39.00563667,-77.02952333,"(39.00563667, -77.02952333)"
MCP263900C8,210021006,Montgomery County Police,Injury Crash,06/03/2021 08:21:00 AM,Maryland (State),GEORGIA AVE,Other Public Roadway,GEORGIAN WAY,,N/A,BICYCLIST,STRAIGHT MOVEMENT ANGLE,CLOUDY,WET,DAYLIGHT,NO CONTROLS,NONE DETECTED,NONE DETECTED,55DC5794-CEC4-4FCF-B5B0-DBC19A429BCA,BICYCLIST,Walking/Cycling on Sidewalk,NO IMPROPER ACTIONS,SIDEWALK,NO PED. SIGNAL,MIXED CLOTHING,No,POSSIBLE INJURY,NONE,39.05428667,-77.05048833,"(39.05428667, -77.05048833)"
MCP27660060,200046057,Montgomery County Police,Injury Crash,11/21/2020 06:24:00 PM,County,CONNECTICUT AVE,Maryland (State),GEORGIA AVE,,N/A,PEDESTRIAN,OTHER,CLEAR,DRY,DARK LIGHTS ON,TRAFFIC SIGNAL,NONE DETECTED,ALCOHOL PRESENT,DDA4CA59-C08F-4BA8-BDED-06C3C6F69602,PEDESTRIAN,Cross/Enter at Intersection,NO IMPROPER ACTIONS,ON ROADWAY AT CROSSWALK,OBEYED PED. SIGNAL,MIXED CLOTHING,No,POSSIBLE INJURY,NONE,39.08377,-77.07776333,"(39.08377, -77.07776333)"
MCP2001001D,200039859,Montgomery County Police,Fatal Crash,10/09/2020 09:44:00 PM,,SNOUFFER SCHOOL ROAD,,SWEET AUTUMN DRIVE,,N/A,BICYCLIST,SINGLE VEHICLE,CLEAR,DRY,DARK NO LIGHTS,NO CONTROLS,UNKNOWN,ALCOHOL PRESENT,A1C6AEDB-1F16-472F-A217-E183E38AD107,BICYCLIST,Cross/Enter not at Intersection,FAILURE TO YIELD RIGHT OF WAY,ON ROADWAY NOT AT CROSSWALK,NO PED. SIGNAL,DARK CLOTHING,Yes,FATAL INJURY,NONE,39.16093726,-77.16345338,"(39.16093726, -77.16345338)"
MCP32870013,210019100,Montgomery County Police,Injury Crash,05/20/2021 07:00:00 PM,,,,,PARKING LOT OF 7919 TUCKERMAN LN,,PEDESTRIAN,SINGLE VEHICLE,CLEAR,,DUSK,NO CONTROLS,N/A,N/A,4A372518-5354-4D0C-8535-B099996822D3,PEDESTRIAN,Other Working,NO IMPROPER ACTIONS,OTHER,N/A,MIXED CLOTHING,No,POSSIBLE INJURY,N/A,39.04071029,-77.15659808,"(39.04071029, -77.15659808)"
MCP2689007D,200045992,Montgomery County Police,Injury Crash,11/21/2020 10:49:00 AM,,,,,"PARKING LOT OF GIANT FOOD, 9719 TRAVILLE GATEWAY DR, ROCKVILLE, MD 20850",,PEDESTRIAN,SINGLE VEHICLE,CLOUDY,,DAYLIGHT,NO CONTROLS,UNKNOWN,NONE DETECTED,39486BE6-B089-4C64-A219-C29A111A8090,PEDESTRIAN,Other,NO IMPROPER ACTIONS,OTHER,N/A,REFLECTIVE MATERIAL,No,POSSIBLE INJURY,REFLECTIVE CLOTHING,39.09140109,-77.20281946,"(39.09140109, -77.20281946)"
MCP3058003W,200046633,Montgomery County Police,Injury Crash,11/25/2020 08:22:00 PM,Maryland (State),ROCKVILLE PIKE,County,HOYA ST,,N/A,BICYCLIST,SAME DIRECTION RIGHT TURN,CLOUDY,DRY,DARK LIGHTS ON,NO CONTROLS,NONE DETECTED,NONE DETECTED,5A4A2E92-1F4F-497A-B576-82A2D8DF4146,BICYCLIST,Cross/Enter at Intersection,NOT VISIBLE,ON ROADWAY AT CROSSWALK,NO PED. SIGNAL,DARK CLOTHING,Yes,SUSPECTED MINOR INJURY,MC/BIKE HELMET,39.05411333,-77.11813667,"(39.05411333, -77.11813667)"