Report Number,Local Case Number,Agency Name,ACRS Report Type,Crash Date/Time,Route Type,Road Name,Cross-Street Type,Cross-Street Name,Off-Road Description,Municipality,Related Non-Motorist,Collision Type,Weather,Surface Condition,Light,Traffic Control,Driver Substance Abuse,Non-Motorist Substance Abuse,Person ID,Pedestrian Type,Pedestrian Movement,Pedestrian Actions,Pedestrian Location,Pedestrian Obeyed Traffic Signal,Pedestrian Visibility,At Fault,Injury Severity,Safety Equipment,Latitude,Longitude,Location
MCP291400B2,200030027,Montgomery County Police,Injury Crash,08/02/2020 04:00:00 PM,Maryland (State),GEORGIA AVE,County,FENWICK LA,,N/A,PEDESTRIAN,OTHER,CLEAR,N/A,DAYLIGHT,STOP SIGN,N/A,N/A,1501DDE7-8F02-498E-9B00-D8DC9AE93D9D,PEDESTRIAN,Cross/Enter at Intersection,NO IMPROPER ACTIONS,AT INTERSECTION MARKED CROSSWALK,NO PED. SIGNAL,LIGHT CLOTHING,No,POSSIBLE INJURY,N/A,38.99823059,-77.0307129,"(38.99823059, -77.0307129)"
MCP2025000N,200023338,Montgomery County Police,Injury Crash,06/14/2020 12:34:00 PM,Maryland (State),ROCKVILLE PIKE,Unknown,SPUR FR POOKS HILL RD,,N/A,PEDESTRIAN,SINGLE VEHICLE,CLEAR,DRY,DAYLIGHT,N/A,N/A,N/A,689920AC-F757-420F-B25A-74856B4C5D20,PEDESTRIAN,Cross/Enter not at Intersection,DART DASH,ON ROADWAY NOT AT CROSSWALK,N/A,MIXED CLOTHING,Yes,SUSPECTED MINOR INJURY,N/A,39.01433333,-77.099645,"(39.01433333, -77.099645)"
MCP3085002G,200024557,Montgomery County Police,Injury Crash,06/23/2020 03:20:00 PM,County,EXECUTIVE BLVD,Unknown,ENT TO BUSINESS,,N/A,OTHER,HEAD ON LEFT TURN,CLEAR,DRY,DAYLIGHT,TRAFFIC SIGNAL,UNKNOWN,N/A,9493C53D-F994-434F-AF08-EAA315EB3C56,OTHER,Other Working,NO IMPROPER ACTIONS,OTHER,OTHER,REFLECTIVE MATERIAL,No,SUSPECTED MINOR INJURY,REFLECTIVE CLOTHING,39.04889727,-77.12113679,"(39.04889727, -77.12113679)"
MCP3199001Z,200025700,Montgomery County Police,Injury Crash,07/02/2020 11:33:00 AM,County,RANDOLPH RD,Other Public Roadway,GLENMONT CIR #1,,N/A,OTHER,OTHER,CLEAR,DRY,DAYLIGHT,TRAFFIC SIGNAL,NONE DETECTED,NONE DETECTED,BB17E55B-536C-4794-A2B6-FD8CE90AB7BF,OTHER,Cross/Enter at Intersection,NO IMPROPER ACTIONS,ON ROADWAY AT CROSSWALK,OBEYED PED. SIGNAL,MIXED CLOTHING,No,SUSPECTED SERIOUS INJURY,NONE,39.05919667,-77.04758833,"(39.05919667, -77.04758833)"
MCP291400B3,200030582,Montgomery County Police,Injury Crash,07/12/2020 03:40:00 AM,US (State),GEORGIA AVE,Unknown,CROSSOVER,,N/A,PEDESTRIAN,OTHER,CLEAR,N/A,DARK LIGHTS ON,NO CONTROLS,N/A,N/A,0CB16293-85C5-4909-A8B1-6341DA452CC1,PEDESTRIAN,Standing,IN ROADWAY IMPROPERLY,N/A,N/A,DARK CLOTHING,Yes,POSSIBLE INJURY,NONE,38.99105471,-77.02640648,"(38.99105471, -77.02640648)"
MCP243600B6,200030650,Montgomery County Police,Injury Crash,08/07/2020 10:15:00 AM,County,HARTWELL RD,County,BRADFORD RD,,N/A,PEDESTRIAN,SINGLE VEHICLE,CLEAR,DRY,DAYLIGHT,STOP SIGN,UNKNOWN,UNKNOWN,922B2AC7-99B0-475A-9AE9-E48BBF580FD1,PEDESTRIAN,Walking/Riding w/Traffic,UNKNOWN,ON ROADWAY NOT AT CROSSWALK,NO PED. SIGNAL,MIXED CLOTHING,Yes,SUSPECTED SERIOUS INJURY,NONE,39.00013798,-77.00635538,"(39.00013798, -77.00635538)"
MCP2496001R,200034185,Montgomery County Police,Injury Crash,09/02/2020 12:00:00 PM,County,DALE DR,County,HARTFORD AVE,,N/A,OTHER PEDALCYCLIST,SINGLE VEHICLE,CLEAR,DRY,DAYLIGHT,OTHER,UNKNOWN,NONE DETECTED,56DDE091-A248-4002-B6E7-1FC2CE444FFA,OTHER PEDALCYCLIST,Cross/Enter at Intersection,NO IMPROPER ACTIONS,AT INTERSECTION MARKED CROSSWALK,NO PED. SIGNAL,MIXED CLOTHING,No,POSSIBLE INJURY,NONE,38.9959156,-77.00994258,"(38.9959156, -77.00994258)"
MCP003600DD,200037413,Montgomery County Police,Injury Crash,09/23/2020 05:09:00 PM,Maryland (State),DAMASCUS RD,County,HOWARD CHAPEL RD,,N/A,BICYCLIST,SINGLE VEHICLE,CLEAR,DRY,DAYLIGHT,NO CONTROLS,UNKNOWN,NONE DETECTED,2ACF78EA-77DE-44B1-BDFF-AA38EDA4EA30,BICYCLIST,Walking/Riding w/Traffic,NO IMPROPER ACTIONS,ON ROADWAY NOT AT CROSSWALK,N/A,LIGHT CLOTHING,No,SUSPECTED SERIOUS INJURY,MC/BIKE HELMET,39.22840514,-77.08029682,"(39.22840514, -77.08029682)"
MCP2720005B,200046356,Montgomery County Police,Injury Crash,11/23/2020 10:16:00 PM,County,BEL PRE RD,County,RIPPLING BROOK DR,,N/A,OTHER CONVEYANCE,STRAIGHT MOVEMENT ANGLE,CLEAR,DRY,DARK LIGHTS ON,NO CONTROLS,NONE DETECTED,NONE DETECTED,20AE42FA-475C-4A0A-8C23-17D00F80BC41,OTHER CONVEYANCE,Cross/Enter at Intersection,FAILURE TO YIELD RIGHT OF WAY,ON ROADWAY AT CROSSWALK,NO PED. SIGNAL,MIXED CLOTHING,Yes,POSSIBLE INJURY,NONE,39.09031333,-77.05370333,"(39.09031333, -77.05370333)"
MCP2203004Q,200026353,Montgomery County Police,Injury Crash,07/07/2020 01:40:00 PM,Maryland (State),GEORGIA AVE,County,SHOREFIELD RD,,N/A,PEDESTRIAN,OTHER,CLEAR,DRY,DAYLIGHT,TRAFFIC SIGNAL,UNKNOWN,N/A,C33961B6-CC24-42E4-A1A1-707E3A6D3A6C,PEDESTRIAN,Cross/Enter at Intersection,UNKNOWN,AT INTERSECTION MARKED CROSSWALK,UNKNOWN,MIXED CLOTHING,Unknown,POSSIBLE INJURY,N/A,39.05309083,-77.05111867,"(39.05309083, -77.05111867)"
MCP2052001Z,200026018,Montgomery County Police,Injury Crash,07/05/2020 01:33:00 AM,Municipality,QUINCE ORCHARD BLVD,Municipality,SOLITAIRE CT,,GAITHERSBURG,PEDESTRIAN,SINGLE VEHICLE,CLEAR,DRY,DARK LIGHTS ON,N/A,NONE DETECTED,N/A,A0A2BB33-DD47-4D3A-9477-EF3A67121E79,PEDESTRIAN,Cross/Enter not at Intersection,DART DASH,ON ROADWAY NOT AT CROSSWALK,N/A,DARK CLOTHING,Yes,SUSPECTED SERIOUS INJURY,NONE,39.1384,-77.229615,"(39.1384, -77.229615)"
MCP31990020,200025808,Montgomery County Police,Injury Crash,07/03/2020 10:48:00 AM,Other Public Roadway,GEORGIAN WOODS PL,Maryland (State),GEORGIA AVE,,N/A,PEDESTRIAN,OPPOSITE DIRECTION SIDESWIPE,CLEAR,DRY,DAYLIGHT,NO CONTROLS,NONE DETECTED,NONE DETECTED,5183E680-D4C4-458D-B70A-D74F2D3C31CC,PEDESTRIAN,Walking/Cycling on Sidewalk,NO IMPROPER ACTIONS,SIDEWALK,N/A,MIXED CLOTHING,No,SUSPECTED MINOR INJURY,N/A,39.05581306,-77.04831466,"(39.05581306, -77.04831466)"
MCP2866006F,200025047,Montgomery County Police,Injury Crash,06/27/2020 02:15:00 PM,County,JONES BRIDGE RD,County,LYNBROOK DR,,N/A,BICYCLIST,ANGLE MEETS RIGHT TURN,CLEAR,DRY,DAYLIGHT,STOP SIGN,NONE DETECTED,NONE DETECTED,43F9B5F1-5732-4739-9ADD-78E3CA30016F,BICYCLIST,Walking/Riding w/Traffic,NO IMPROPER ACTIONS,ON ROADWAY NOT AT CROSSWALK,N/A,MIXED CLOTHING,No,SUSPECTED MINOR INJURY,MC/BIKE HELMET,38.99742517,-77.09031083,"(38.99742517, -77.09031083)"
MCP27760039,200025372,Montgomery County Police,Injury Crash,06/29/2020 10:36:00 PM,,,,,DRIVEWAY ACCESS OF 13615 GEORGIA AVE,,BICYCLIST,STRAIGHT MOVEMENT ANGLE,CLEAR,,DARK LIGHTS ON,NO CONTROLS,NONE DETECTED,NONE DETECTED,7FFDAD76-8B72-4F03-ABE7-91B9F3144066,BICYCLIST,Walking/Cycling on Sidewalk,N/A,AT INTERSECTION BUT NO CROSSWALK,NO PED. SIGNAL,N/A,No,POSSIBLE INJURY,UNKNOWN,39.07898667,-77.07245835,"(39.07898667, -77.07245835)"
MCP3205001K,200024689,Montgomery County Police,Injury Crash,06/24/2020 02:10:00 PM,Maryland (State),UNIVERSITY BLVD W,County,EASECREST DR,,N/A,PEDESTRIAN,SINGLE VEHICLE,N/A,DRY,DAYLIGHT,NO CONTROLS,NONE DETECTED,NONE DETECTED,C213DEB5-97FE-42E1-93AE-C3DDEBBDB6EF,PEDESTRIAN,Cross/Enter not at Intersection,IN ROADWAY IMPROPERLY,OUTSIDE RIGHT OF WAY,NO PED. SIGNAL,DARK CLOTHING,Yes,SUSPECTED MINOR INJURY,NONE,39.0379435,-77.04014217,"(39.0379435, -77.04014217)"
MCP3262000F,200025953,Montgomery County Police,Injury Crash,07/04/2020 11:54:00 AM,,E WAYNE AVENUE,,MANCHESTER ROAD,,N/A,PEDESTRIAN,SINGLE VEHICLE,CLEAR,DRY,DAYLIGHT,NO CONTROLS,N/A,N/A,0B6E3D50-E340-4A1F-96CF-CC9907D98CB6,PEDESTRIAN,Standing,IN ROADWAY IMPROPERLY,ON ROADWAY NOT AT CROSSWALK,NO PED. SIGNAL,MIXED CLOTHING,Yes,POSSIBLE INJURY,N/A,38.99979658,-77.00975653,"(38.99979658, -77.00975653)"
MCP3077001L,200024313,Montgomery County Police,Injury Crash,06/21/2020 07:02:00 PM,,,,,PARKING LOT OF KITCHEN HOUSE WAY,,PEDESTRIAN,SINGLE VEHICLE,CLEAR,,DAYLIGHT,NO CONTROLS,N/A,N/A,5E0F3BBF-7B9F-436E-B1C0-047E8B6BA8D3,PEDESTRIAN,Playing,NO IMPROPER ACTIONS,CURB,N/A,N/A,Yes,SUSPECTED MINOR INJURY,N/A,39.15206333,-77.26689667,"(39.15206333, -77.26689667)"
MCP1210004M,200026547,Montgomery County Police,Injury Crash,07/08/2020 05:23:00 PM,Maryland (State),S FREDERICK RD,Municipality,E DEER PARK DR,,GAITHERSBURG,BICYCLIST,OTHER,CLEAR,DRY,DAYLIGHT,TRAFFIC SIGNAL,NONE DETECTED,NONE DETECTED,3FA737A2-B04F-46A8-87FE-FF239A7B3B49,BICYCLIST,Cross/Enter at Intersection,NO IMPROPER ACTIONS,AT INTERSECTION MARKED CROSSWALK,OBEYED PED. SIGNAL,DARK CLOTHING,No,SUSPECTED MINOR INJURY,NONE,39.132455,-77.18863333,"(39.132455, -77.18863333)"
MCP31290022,200026231,Montgomery County Police,Injury Crash,07/06/2020 03:47:00 PM,County,SPARTAN RD,Maryland (State),GEORGIA AVE,,N/A,OTHER CONVEYANCE,SINGLE VEHICLE,CLEAR,DRY,DAYLIGHT,NO CONTROLS,NONE DETECTED,NONE DETECTED,F77D3000-E430-4400-B86A-4557820455D0,OTHER CONVEYANCE,Cross/Enter at Intersection,IN ROADWAY IMPROPERLY,OUTSIDE RIGHT OF WAY,NO PED. SIGNAL,LIGHT CLOTHING,Yes,SUSPECTED SERIOUS INJURY,NONE,39.15007064,-77.06526871,"(39.15007064, -77.06526871)"
MCP3205001R,200029969,Montgomery County Police,Injury Crash,08/02/2020 12:58:00 PM,County,FERRARA DR,County,SELFRIDGE RD,,N/A,PEDESTRIAN,OTHER,N/A,DRY,DAYLIGHT,NO CONTROLS,UNKNOWN,NONE DETECTED,4D433D04-EE57-4AA8-98EE-1F294CC74312,PEDESTRIAN,Standing,N/A,SHOULDER,N/A,MIXED CLOTHING,No,SUSPECTED MINOR INJURY,N/A,39.05245217,-77.08170517,"(39.05245217, -77.08170517)"
MCP2361001Q,200031152,Montgomery County Police,Injury Crash,08/10/2020 09:58:00 PM,County,MONTGOMERY VILLAGE AVE,Maryland (State),MIDCOUNTY HWY,,N/A,PEDESTRIAN,STRAIGHT MOVEMENT ANGLE,CLEAR,DRY,DARK LIGHTS ON,NO CONTROLS,NONE DETECTED,ALCOHOL PRESENT,630209D8-2005-4182-A5EB-EF3FE70E4403,PEDESTRIAN,Cross/Enter not at Intersection,IN ROADWAY IMPROPERLY,ON ROADWAY NOT AT CROSSWALK,NO PED. SIGNAL,DARK CLOTHING,Yes,SUSPECTED MINOR INJURY,NONE,39.158395,-77.203735,"(39.158395, -77.203735)"
MCP23720033,200030807,Montgomery County Police,Injury Crash,08/08/2020 11:08:00 AM,County,MACARTHUR BLVD,Unknown,BEGIN BRIDGE,,N/A,BICYCLIST,SAME DIR REAR END,CLEAR,DRY,DAYLIGHT,NO CONTROLS,NONE DETECTED,NONE DETECTED,1673091D-E553-410D-B2E8-C1B0472DD625,BICYCLIST,Walking/Riding w/Traffic,NO IMPROPER ACTIONS,ON ROADWAY NOT AT CROSSWALK,NO PED. SIGNAL,DARK CLOTHING,No,SUSPECTED MINOR INJURY,MC/BIKE HELMET,38.97277283,-77.14873267,"(38.97277283, -77.14873267)"
MCP2936003X,200030698,Montgomery County Police,Injury Crash,08/07/2020 04:22:00 PM,,,,,"SIDEWALK/PARKING LOT OF 11790 PARKLAWN DR ROCKVILLE, MD 20852",,PEDESTRIAN,OTHER,N/A,,DAYLIGHT,NO CONTROLS,NONE DETECTED,NONE DETECTED,32E886BE-97E7-445B-82CD-BAA099CDA45A,PEDESTRIAN,Walking/Cycling on Sidewalk,NO IMPROPER ACTIONS,SIDEWALK,NO PED. SIGNAL,MIXED CLOTHING,No,SUSPECTED MINOR INJURY,N/A,39.04858,-77.0993,"(39.04858, -77.0993)"
MCP9419002P,200030826,Montgomery County Police,Injury Crash,08/08/2020 01:53:00 PM,County,BRIARDALE RD,County,SHADY GROVE RD,,N/A,BICYCLIST,SINGLE VEHICLE,CLOUDY,DRY,DAYLIGHT,TRAFFIC SIGNAL,NONE DETECTED,NONE DETECTED,D2C977C4-FE1B-4D3F-AF10-FFF9558FFE71,BICYCLIST,Walking/Cycling on Sidewalk,NO IMPROPER ACTIONS,AT INTERSECTION MARKED CROSSWALK,OBEYED PED. SIGNAL,DARK CLOTHING,No,SUSPECTED MINOR INJURY,NONE,39.133515,-77.15805833,"(39.133515, -77.15805833)"
MCP158000D4,200038226,Montgomery County Police,Injury Crash,09/29/2020 07:24:00 AM,County,MUDDY BRANCH RD,County,HARMONY HALL RD,,N/A,BICYCLIST,SINGLE VEHICLE,CLOUDY,DRY,DAYLIGHT,NO CONTROLS,NONE DETECTED,NONE DETECTED,D4C93812-2834-4666-B46C-9AFBD80AD857,BICYCLIST,Cross/Enter at Intersection,FAILURE TO OBEY TRAFFIC SIGNS SIGNALS OR OFFICER,ON ROADWAY AT CROSSWALK,DISOBEYED PED. SIGNAL,MIXED CLOTHING,Yes,SUSPECTED MINOR INJURY,NONE,39.136965,-77.20557167,"(39.136965, -77.20557167)"
MCP2637003S,200037858,Montgomery County Police,Injury Crash,09/26/2020 01:04:00 PM,County,DUFIEF MILL RD,County,AMBERLEA FARM DR,,N/A,BICYCLIST,OTHER,CLOUDY,DRY,DAYLIGHT,STOP SIGN,NONE DETECTED,N/A,EE011378-8F0F-46A0-8B13-4CDCFC6A568F,BICYCLIST,Cross/Enter at Intersection,FAILURE TO YIELD RIGHT OF WAY,AT INTERSECTION BUT NO CROSSWALK,NO PED. SIGNAL,MIXED CLOTHING,Yes,POSSIBLE INJURY,NONE,39.08889585,-77.23580151,"(39.08889585, -77.23580151)"
MCP9386007N,200038221,Montgomery County Police,Injury Crash,09/29/2020 06:00:00 AM,County,CEDAR LA,Government,BEACH DR,,N/A,BICYCLIST,STRAIGHT MOVEMENT ANGLE,CLOUDY,DRY,DARK LIGHTS ON,TRAFFIC SIGNAL,NONE DETECTED,NONE DETECTED,A8E8C181-E59B-42E1-9D45-100A474A9D74,BICYCLIST,Walking/Riding w/Traffic,N/A,ON ROADWAY NOT AT CROSSWALK,OBEYED PED. SIGNAL,HEAD LIGHT AND REFLECTORS,No,POSSIBLE INJURY,REFLECTIVE CLOTHING,39.01189,-77.09098167,"(39.01189, -77.09098167)"
MCP2892008R,200038145,Montgomery County Police,Injury Crash,09/28/2020 02:41:00 PM,Other Public Roadway,PEBBLE RUN DR,Maryland (State),UNIVERSITY BLVD W,,N/A,OTHER CONVEYANCE,OTHER,CLEAR,DRY,DAYLIGHT,NO CONTROLS,NONE DETECTED,NONE DETECTED,7A806691-6CAE-47E7-952A-DF6273265E9F,OTHER CONVEYANCE,Cross/Enter at Intersection,NO IMPROPER ACTIONS,ON ROADWAY AT CROSSWALK,NO PED. SIGNAL,LIGHT CLOTHING,No,POSSIBLE INJURY,NONE,39.03609551,-77.03480199,"(39.03609551, -77.03480199)"
MCP229800S2,200037373,Montgomery County Police,Property Damage Crash,09/23/2020 01:18:00 PM,County,SKYLARK RD,County,YELLOWWOOD DR,,N/A,BICYCLIST,SINGLE VEHICLE,CLEAR,DRY,DAYLIGHT,NO CONTROLS,NONE DETECTED,NONE DETECTED,D68E79AA-4FB4-453C-A2CA-C593E040D9C9,BICYCLIST,Cross/Enter not at Intersection,DART DASH,OTHER,N/A,DARK CLOTHING,Yes,NO APPARENT INJURY,NONE,39.23359833,-77.239755,"(39.23359833, -77.239755)"
MCP115100C5,200038122,Montgomery County Police,Injury Crash,09/28/2020 01:03:00 PM,,,,,PARKING LOT OF 12835 LOCBURY CIRCLE,,PEDESTRIAN,OTHER,CLEAR,,DAYLIGHT,N/A,UNKNOWN,NONE DETECTED,ABB42588-AB9D-421F-8E58-E2AB3B967040,PEDESTRIAN,Other,NO IMPROPER ACTIONS,OTHER,N/A,MIXED CLOTHING,No,POSSIBLE INJURY,N/A,39.18606233,-77.26458917,"(39.18606233, -77.26458917)"
MCP0613001W,20035972,Montgomery County Police,Injury Crash,09/14/2020 08:42:00 AM,County,BATCHELLORS FOREST RD,Maryland (State),GEORGIA AVE,,N/A,BICYCLIST,SINGLE VEHICLE,CLOUDY,DRY,DAYLIGHT,STOP SIGN,NONE DETECTED,NONE DETECTED,C46C66C9-6039-41DC-A5FA-02913DB1F880,BICYCLIST,Walking/Cycling on Sidewalk,NO IMPROPER ACTIONS,AT INTERSECTION MARKED CROSSWALK,NO PED. SIGNAL,MIXED CLOTHING,No,SUSPECTED MINOR INJURY,MC/BIKE HELMET,39.12372811,-77.0725345,"(39.12372811, -77.0725345)"
MCP3016002S,200038469,Montgomery County Police,Injury Crash,09/30/2020 02:13:00 PM,County,WISTERIA DR,Unknown,CIRCLE GATE DR,,N/A,BICYCLIST,OTHER,CLEAR,DRY,DAYLIGHT,STOP SIGN,N/A,N/A,28AA1CF9-8186-424F-BC53-64F04F954BC5,BICYCLIST,Playing,INATTENTIVE,OTHER,NO PED. SIGNAL,MIXED CLOTHING,Unknown,POSSIBLE INJURY,NONE,39.17311009,-77.26558872,"(39.17311009, -77.26558872)"
MCP3090004M,200037995,Montgomery County Police,Injury Crash,09/27/2020 11:00:00 AM,,,,,PARKING LOT OF 700 HUNGERFORD DR. ROCKVILLE MD,,PEDESTRIAN,SINGLE VEHICLE,CLEAR,,DAYLIGHT,STOP SIGN,UNKNOWN,N/A,9BBD7334-6C13-4235-B5D3-3158AFDB03B7,PEDESTRIAN,Cross/Enter at Intersection,NO IMPROPER ACTIONS,ON ROADWAY AT CROSSWALK,NO PED. SIGNAL,MIXED CLOTHING,No,POSSIBLE INJURY,NONE,39.09318511,-77.15361778,"(39.09318511, -77.15361778)"
MCP3264000P,200037473,Montgomery County Police,Injury Crash,09/24/2020 07:17:00 AM,County,BLAIR MILL RD,Unknown,ENT TO BUSINESS,,N/A,BICYCLIST,SAME DIRECTION RIGHT TURN,CLEAR,DRY,DAWN,NO CONTROLS,NONE DETECTED,NONE DETECTED,474A96BF-EA47-4E2F-8BB4-7F0020A93345,BICYCLIST,Walking/Riding w/Traffic,NO IMPROPER ACTIONS,AT INTERSECTION BUT NO CROSSWALK,N/A,MIXED CLOTHING,No,SUSPECTED MINOR INJURY,NONE,38.99047667,-77.03066333,"(38.99047667, -77.03066333)"
MCP2637003T,200038008,Montgomery County Police,Injury Crash,09/27/2020 02:29:00 PM,County,TRAILRIDGE DR,County,WINTERSET TERR,,N/A,PEDESTRIAN,OTHER,CLEAR,DRY,DAYLIGHT,STOP SIGN,NONE DETECTED,NONE DETECTED,8E3AC0BF-B1B8-45BA-827A-DB1D9282D754,PEDESTRIAN,Walking/Riding w/Traffic,UNKNOWN,ON ROADWAY NOT AT CROSSWALK,UNKNOWN,LIGHT CLOTHING,No,POSSIBLE INJURY,N/A,39.05231395,-77.19480654,"(39.05231395, -77.19480654)"
MCP2805003Y,200036605,Montgomery County Police,Property Damage Crash,09/18/2020 11:30:00 AM,,,,,"PL OF 880 RUSSELL AVE, GAITHERSBURG, MD",,PEDESTRIAN,SINGLE VEHICLE,CLOUDY,,DAYLIGHT,N/A,NONE DETECTED,NONE DETECTED,0F083A32-378B-4C2E-A6B2-DD2C5B25F7B0,PEDESTRIAN,Standing,NO IMPROPER ACTIONS,ON ROADWAY NOT AT CROSSWALK,N/A,N/A,Unknown,NO APPARENT INJURY,NONE,39.1560965,-77.2127805,"(39.1560965, -77.2127805)"
MCP3121003H,200031763,Montgomery County Police,Injury Crash,08/14/2020 08:18:00 PM,County,WATKINS MILL RD,County,CLUB LAKE RD,,N/A,PEDESTRIAN,SINGLE VEHICLE,RAINING,WET,DARK NO LIGHTS,OTHER,NONE DETECTED,NONE DETECTED,F93633C4-BA27-4056-81A3-DFC039CEC073,PEDESTRIAN,Other,NO IMPROPER ACTIONS,ON ROADWAY AT CROSSWALK,OTHER,MIXED CLOTHING,No,SUSPECTED SERIOUS INJURY,NONE,39.17667994,-77.21006808,"(39.17667994, -77.21006808)"
MCP30370039,200032121,Montgomery County Police,Injury Crash,08/17/2020 04:10:00 PM,,,,,PARKING LOT OF 19777 FREDERICK RD,,BICYCLIST,SINGLE VEHICLE,CLEAR,,DAYLIGHT,STOP SIGN,NONE DETECTED,NONE DETECTED,3E8E02F7-F7FA-4343-85A1-E5F797C68296,BICYCLIST,Cross/Enter at Intersection,DART DASH,OTHER,NO PED. SIGNAL,DARK CLOTHING,Yes,SUSPECTED MINOR INJURY,NONE,39.17869758,-77.23813421,"(39.17869758, -77.23813421)"
MCP2767008V,210001648,Montgomery County Police,Injury Crash,01/13/2021 05:40:00 PM,County,RANDOLPH RD,County,HEURICH RD,,N/A,BICYCLIST,SINGLE VEHICLE,CLEAR,DRY,DUSK,NO CONTROLS,UNKNOWN,NONE DETECTED,5BC95A45-7042-4825-9138-8FA5D048F7C9,BICYCLIST,Cross/Enter at Intersection,NO IMPROPER ACTIONS,ON ROADWAY NOT AT CROSSWALK,NO PED. SIGNAL,DARK CLOTHING,No,POSSIBLE INJURY,NONE,39.06225291,-77.04188665,"(39.06225291, -77.04188665)"
MCP2394003P,200031677,Montgomery County Police,Property Damage Crash,08/14/2020 10:08:00 AM,County,BEL PRE RD,Unknown,ENT TO APARTMENTS,,N/A,MACHINE OPERATOR/RIDER,OTHER,CLEAR,DRY,DAYLIGHT,STOP SIGN,UNKNOWN,NONE DETECTED,0AA192B6-FE61-4321-A1D9-14EC5E4F344D,MACHINE OPERATOR/RIDER,Cross/Enter at Intersection,NO IMPROPER ACTIONS,ON ROADWAY AT CROSSWALK,NO PED. SIGNAL,N/A,No,NO APPARENT INJURY,NONE,39.09124955,-77.0665708,"(39.09124955, -77.0665708)"
MCP2402000N,200031856,Montgomery County Police,Injury Crash,08/15/2020 04:00:00 PM,County,OMEGA DR,Maryland (State),KEY WEST AVE,,N/A,BICYCLIST,STRAIGHT MOVEMENT ANGLE,CLEAR,DRY,DAYLIGHT,TRAFFIC SIGNAL,N/A,N/A,270C349D-458D-41AA-95A1-724EF1D0D19C,BICYCLIST,Cross/Enter at Intersection,NO IMPROPER ACTIONS,AT INTERSECTION MARKED CROSSWALK,OBEYED PED. SIGNAL,DARK CLOTHING,No,SUSPECTED MINOR INJURY,MC/BIKE HELMET,39.10562833,-77.19711833,"(39.10562833, -77.19711833)"
MCP2420003V,200029614,Montgomery County Police,Injury Crash,07/30/2020 05:53:00 PM,County,EMORY LA,County,JILRICK ST,,N/A,BICYCLIST,SAME DIR REAR END,N/A,DRY,DAYLIGHT,NO CONTROLS,N/A,NONE DETECTED,F2F07AB9-C65E-457C-907F-1E9CE0441696,BICYCLIST,Walking/Riding w/Traffic,UNKNOWN,OTHER,N/A,LIGHT CLOTHING,Unknown,POSSIBLE INJURY,MC/BIKE HELMET,39.126365,-77.08620333,"(39.126365, -77.08620333)"
MCP2588007P,200030814,Montgomery County Police,Injury Crash,08/08/2020 12:54:00 PM,Maryland (State),GEORGIA AVE,County,HENDERSON AVE,,N/A,PEDESTRIAN,OTHER,CLEAR,DRY,DAYLIGHT,NO CONTROLS,NONE DETECTED,NONE DETECTED,5CEAC53D-AC8F-4068-87DA-FCC1A53BCB06,PEDESTRIAN,Cross/Enter at Intersection,NO IMPROPER ACTIONS,ON ROADWAY AT CROSSWALK,NO PED. SIGNAL,DARK CLOTHING,No,POSSIBLE INJURY,N/A,39.05064097,-77.05166819,"(39.05064097, -77.05166819)"
MCP20720042,200031699,Montgomery County Police,Injury Crash,08/14/2020 01:29:00 PM,Maryland (State),GREAT SENECA HWY,Maryland (State),CLOPPER RD,,N/A,PEDESTRIAN,OTHER,CLEAR,DRY,DAYLIGHT,TRAFFIC SIGNAL,NONE DETECTED,ALCOHOL PRESENT,3248AC7D-C726-462C-A5BA-0398D349C265,PEDESTRIAN,Other,NOT VISIBLE,ON ROADWAY NOT AT CROSSWALK,DISOBEYED PED. SIGNAL,MIXED CLOTHING,Yes,POSSIBLE INJURY,NONE,39.15781333,-77.27580333,"(39.15781333, -77.27580333)"
DD5633004Z,210003552,Rockville Police Departme,Injury Crash,01/28/2021 01:30:00 PM,Municipality,TWINBROOK PKWY,Municipality,ROSANNE LA,,ROCKVILLE,PEDESTRIAN,SINGLE VEHICLE,CLEAR,DRY,DAYLIGHT,N/A,NONE DETECTED,NONE DETECTED,BD86643D-37DA-4C6A-8552-DB5874AE405D,PEDESTRIAN,Cross/Enter not at Intersection,DART DASH,ON ROADWAY NOT AT CROSSWALK,NO PED. SIGNAL,MIXED CLOTHING,Yes,POSSIBLE INJURY,N/A,39.07627399,-77.11149187,"(39.07627399, -77.11149187)"
MCP3170001H,200031418,Montgomery County Police,Property Damage Crash,08/12/2020 06:04:00 PM,,,,,PARKING LOT IN FRONT OF 12807 SAGE TER,,BICYCLIST,OTHER,CLOUDY,,DAYLIGHT,NO CONTROLS,NONE DETECTED,NONE DETECTED,3133DE36-2CAB-415B-A376-C2F9A3FDCE79,BICYCLIST,Cross/Enter not at Intersection,DART DASH,OTHER,NO PED. SIGNAL,LIGHT CLOTHING,Yes,NO APPARENT INJURY,NONE,39.16072223,-77.26600841,"(39.16072223, -77.26600841)"