Report Number,Local Case Number,Agency Name,ACRS Report Type,Crash Date/Time,Route Type,Road Name,Cross-Street Type,Cross-Street Name,Off-Road Description,Municipality,Related Non-Motorist,Collision Type,Weather,Surface Condition,Light,Traffic Control,Driver Substance Abuse,Non-Motorist Substance Abuse,Person ID,Pedestrian Type,Pedestrian Movement,Pedestrian Actions,Pedestrian Location,Pedestrian Obeyed Traffic Signal,Pedestrian Visibility,At Fault,Injury Severity,Safety Equipment,Latitude,Longitude,Location
MCP3122003G,200032514,Montgomery County Police,Injury Crash,08/20/2020 11:25:00 AM,Maryland (State),GEORGIA AVE,County,SHOREFIELD RD,,N/A,PEDESTRIAN,SINGLE VEHICLE,CLEAR,DRY,DAYLIGHT,TRAFFIC SIGNAL,NONE DETECTED,NONE DETECTED,5433E641-5713-4DA0-BDE0-705E3D3C3A46,PEDESTRIAN,Cross/Enter at Intersection,NO IMPROPER ACTIONS,AT INTERSECTION MARKED CROSSWALK,OBEYED PED. SIGNAL,MIXED CLOTHING,No,SUSPECTED MINOR INJURY,N/A,39.05288667,-77.05112,"(39.05288667, -77.05112)"
MCP3237000G,200013398,Montgomery County Police,Injury Crash,03/20/2020 02:39:00 PM,,PORTSIDE CT,,FALLBROOK CT,,N/A,PEDESTRIAN,SINGLE VEHICLE,CLEAR,DRY,DAYLIGHT,NO CONTROLS,NONE DETECTED,NONE DETECTED,8D4A634C-FDD0-47C5-87AF-4A8734AF57CA,PEDESTRIAN,Getting off/on Vehicle,ENTERING EXITING PARKED STANDING VEHICLE,ON ROADWAY NOT AT CROSSWALK,NO PED. SIGNAL,DARK CLOTHING,Yes,SUSPECTED SERIOUS INJURY,NONE,39.14381833,-77.184915,"(39.14381833, -77.184915)"
DD5645000B,200032499,Rockville Police Departme,Injury Crash,08/20/2020 10:06:00 AM,Municipality,E GUDE DR,Municipality,TAFT ST,,ROCKVILLE,PEDESTRIAN,SINGLE VEHICLE,CLEAR,DRY,DAYLIGHT,OTHER,NONE DETECTED,NONE DETECTED,8AF7DBF0-301F-494A-A59A-DC778F61EF0C,PEDESTRIAN,Cross/Enter at Intersection,NO IMPROPER ACTIONS,AT INTERSECTION MARKED CROSSWALK,UNKNOWN,DARK CLOTHING,No,SUSPECTED MINOR INJURY,NONE,39.094218,-77.132624,"(39.094218, -77.132624)"
MCP3226000R,200031559,Montgomery County Police,Property Damage Crash,08/13/2020 04:33:00 PM,County,EDNOR RD,Other Public Roadway,HAW LA,,N/A,OTHER,SINGLE VEHICLE,CLEAR,DRY,DAYLIGHT,NO CONTROLS,NONE DETECTED,UNKNOWN,23B2A962-E62B-4CA3-A14D-05B51BE946B5,OTHER,Unknown,UNKNOWN,OTHER,N/A,UNKNOWN,No,NO APPARENT INJURY,N/A,39.13754267,-76.980728,"(39.13754267, -76.980728)"
MCP3226000R,200031559,Montgomery County Police,Property Damage Crash,08/13/2020 04:33:00 PM,County,EDNOR RD,Other Public Roadway,HAW LA,,N/A,OTHER,SINGLE VEHICLE,CLEAR,DRY,DAYLIGHT,NO CONTROLS,NONE DETECTED,UNKNOWN,7DF41EA2-86B5-470B-A706-8BD8AAEFC6C8,OTHER,Unknown,UNKNOWN,UNKNOWN,N/A,UNKNOWN,No,NO APPARENT INJURY,N/A,39.13754267,-76.980728,"(39.13754267, -76.980728)"
MCP3198002B,210002649,Montgomery County Police,Injury Crash,01/21/2021 06:30:00 PM,County,RANDOLPH RD,County,BUSHEY DR,,N/A,BICYCLIST,OTHER,CLEAR,DRY,DARK LIGHTS ON,STOP SIGN,NONE DETECTED,NONE DETECTED,5BEFBA69-3D4E-4E8F-A666-E37218052CF7,BICYCLIST,Cross/Enter at Intersection,UNKNOWN,ON ROADWAY AT CROSSWALK,N/A,DARK CLOTHING,No,POSSIBLE INJURY,NONE,39.057505,-77.07764667,"(39.057505, -77.07764667)"
MCP32400023,210020989,Montgomery County Police,Injury Crash,06/02/2021 09:25:00 PM,,,,,PARKING LOT OF 1 OBSERVATION CT,,PEDESTRIAN,OTHER,CLEAR,,DARK LIGHTS ON,NO CONTROLS,N/A,N/A,5A1DBE8B-F345-4D5A-9D70-A4C25E60AD77,PEDESTRIAN,Other,OTHER,OTHER,OTHER,HEAD LIGHT,Unknown,POSSIBLE INJURY,NONE,39.19215117,-77.24754972,"(39.19215117, -77.24754972)"
MCP2395001R,200046482,Montgomery County Police,Injury Crash,11/24/2020 08:36:00 PM,County,WHITES FERRY RD,County,WASCHE RD,,N/A,OTHER,SINGLE VEHICLE,CLOUDY,DRY,DARK NO LIGHTS,NO CONTROLS,ALCOHOL CONTRIBUTED,N/A,9CEE7789-68B5-4B48-A256-4A94061C6703,OTHER,N/A,N/A,N/A,N/A,N/A,No,NO APPARENT INJURY,N/A,39.153692,-77.44087883,"(39.153692, -77.44087883)"
MCP2358007X,200046475,Montgomery County Police,Property Damage Crash,11/24/2020 01:10:00 PM,Maryland (State),RIVER RD,County,NORTON RD,,N/A,BICYCLIST,SAME DIR REAR END,CLEAR,DRY,DAYLIGHT,NO CONTROLS,UNKNOWN,NONE DETECTED,5486DE50-CE97-4CB8-82D1-7829AD0EF48F,BICYCLIST,Walking/Riding w/Traffic,NO IMPROPER ACTIONS,ON ROADWAY NOT AT CROSSWALK,N/A,UNKNOWN,No,NO APPARENT INJURY,UNKNOWN,39.0256895,-77.21929867,"(39.0256895, -77.21929867)"
MCP3117002N,200032718,Montgomery County Police,Property Damage Crash,08/21/2020 06:43:00 PM,,,,,PARKING LOT OF HILTON HOTEL AT 1750 ROCKVILLE PIKE,,PEDESTRIAN,OTHER,CLEAR,,DAYLIGHT,NO CONTROLS,NONE DETECTED,NONE DETECTED,9F96F2C6-8878-401B-941A-0E87E5C349A9,PEDESTRIAN,Walking/Cycling on Sidewalk,IMPROPER PASSING,SIDEWALK,NO PED. SIGNAL,LIGHT CLOTHING,No,NO APPARENT INJURY,NONE,39.06135819,-77.12347747,"(39.06135819, -77.12347747)"
MCP26250011,200032810,Montgomery County Police,Injury Crash,08/22/2020 12:23:00 PM,County,LELAND ST,Maryland (State),BRADLEY BLVD,,N/A,PEDESTRIAN,N/A,CLEAR,DRY,DAYLIGHT,TRAFFIC SIGNAL,NONE DETECTED,NONE DETECTED,FFD757B9-9253-4007-B403-369FCFC19C36,PEDESTRIAN,Cross/Enter not at Intersection,UNKNOWN,ON ROADWAY NOT AT CROSSWALK,DISOBEYED PED. SIGNAL,LIGHT CLOTHING,Yes,SUSPECTED MINOR INJURY,N/A,38.9782613,-77.09705684,"(38.9782613, -77.09705684)"
MCP2921003V,200032703,Montgomery County Police,Injury Crash,08/21/2020 05:09:00 PM,County,MIDDLEBROOK RD,Maryland (State),FREDERICK RD,,N/A,PEDESTRIAN,SINGLE VEHICLE,CLEAR,DRY,DAYLIGHT,YIELD SIGN,N/A,ILLEGAL DRUG CONTRIBUTED,2CE6BEE3-CFB6-4200-98C3-C79641367A62,PEDESTRIAN,Cross/Enter at Intersection,NO IMPROPER ACTIONS,AT INTERSECTION MARKED CROSSWALK,N/A,LIGHT CLOTHING,No,POSSIBLE INJURY,NONE,39.18061667,-77.23878833,"(39.18061667, -77.23878833)"
MCP2832005W,200033029,Montgomery County Police,Injury Crash,08/24/2020 11:52:00 AM,Maryland (State),ROCKVILLE PIKE,County,LOCUST HILL RD,,N/A,BICYCLIST,SAME DIRECTION SIDESWIPE,CLEAR,DRY,DAYLIGHT,NO CONTROLS,UNKNOWN,NONE DETECTED,562E6F34-1269-479A-925F-2D6F3F61A41D,BICYCLIST,Walking/Riding w/Traffic,NO IMPROPER ACTIONS,ON ROADWAY NOT AT CROSSWALK,N/A,DARK CLOTHING,No,SUSPECTED MINOR INJURY,MC/BIKE HELMET,39.009205,-77.09755833,"(39.009205, -77.09755833)"
MCP3232001D,200032852,Montgomery County Police,Property Damage Crash,08/22/2020 06:40:00 PM,County,CASHELL RD,County,BOWIE MILL RD,,N/A,PEDESTRIAN,OTHER,CLEAR,DRY,DAYLIGHT,N/A,NONE DETECTED,NONE DETECTED,B5273266-CDE9-430A-BA77-9F9B62F5D5D5,PEDESTRIAN,Standing,IN ROADWAY IMPROPERLY,ON ROADWAY NOT AT CROSSWALK,N/A,MIXED CLOTHING,Yes,NO APPARENT INJURY,N/A,39.15479088,-77.09495999,"(39.15479088, -77.09495999)"
MCP2991004J,200032494,Montgomery County Police,Injury Crash,08/20/2020 09:00:00 AM,,OLD BALTIMORE ROAD,,WINTER MORNING WAY,,N/A,PEDESTRIAN,SINGLE VEHICLE,N/A,DRY,DAYLIGHT,NO CONTROLS,NONE DETECTED,NONE DETECTED,090BA119-7EE3-41AD-80DD-DC71673C8034,PEDESTRIAN,Cross/Enter at Intersection,NO IMPROPER ACTIONS,ON ROADWAY AT CROSSWALK,N/A,LIGHT CLOTHING,No,POSSIBLE INJURY,N/A,39.1422915,-77.05742067,"(39.1422915, -77.05742067)"
MCP2846006H,200047245,Montgomery County Police,Injury Crash,11/30/2020 05:30:00 PM,Maryland (State),UNIVERSITY BLVD W,County,INWOOD AVE,,N/A,PEDESTRIAN,OTHER,CLEAR,WET,DARK NO LIGHTS,NO CONTROLS,NONE DETECTED,NONE DETECTED,EE79D4F1-F794-4973-9D89-BF5034969DF2,PEDESTRIAN,Cross/Enter at Intersection,NO IMPROPER ACTIONS,ON ROADWAY AT CROSSWALK,OBEYED PED. SIGNAL,LIGHT CLOTHING,No,SUSPECTED MINOR INJURY,UNKNOWN,39.03897333,-77.06001667,"(39.03897333, -77.06001667)"
MCP93110030,200046712,Montgomery County Police,Injury Crash,11/26/2020 02:02:00 PM,Maryland (State),FALLS RD,County,BELLS MILL RD,,N/A,BICYCLIST,OTHER,CLEAR,DRY,DAYLIGHT,NO CONTROLS,NONE DETECTED,NONE DETECTED,F8D0F96E-836D-4385-9B73-48CD668A56C6,BICYCLIST,Walking/Riding w/Traffic,NO IMPROPER ACTIONS,SHOULDER,NO PED. SIGNAL,DARK CLOTHING,No,SUSPECTED MINOR INJURY,MC/BIKE HELMET,39.03465333,-77.194955,"(39.03465333, -77.194955)"
MCP29170078,200046848,Montgomery County Police,Injury Crash,11/27/2020 04:45:00 PM,County,EDGEBROOK RD,County,VEIRS MILL RD,,N/A,BICYCLIST,HEAD ON,CLEAR,DRY,DARK NO LIGHTS,STOP SIGN,NONE DETECTED,NONE DETECTED,9F7E92CE-A7AC-419E-A774-7BE283D69AA6,BICYCLIST,Walking/Riding w/Traffic,NO IMPROPER ACTIONS,ON ROADWAY NOT AT CROSSWALK,NO PED. SIGNAL,HEAD LIGHT AND REFLECTORS,No,SUSPECTED MINOR INJURY,MC/BIKE HELMET,39.05970607,-77.08921389,"(39.05970607, -77.08921389)"
MCP3245000V,200047383,Montgomery County Police,Injury Crash,12/01/2020 05:29:00 PM,Municipality,STORY DR,Municipality,GOLD KETTLE DR,,GAITHERSBURG,PEDESTRIAN,N/A,CLEAR,DRY,DARK LIGHTS ON,NO CONTROLS,NONE DETECTED,NONE DETECTED,E754242E-9F0C-4269-882D-BFA54FD5B70F,PEDESTRIAN,Walking/Cycling on Sidewalk,INATTENTIVE,AT INTERSECTION MARKED CROSSWALK,NO PED. SIGNAL,MIXED CLOTHING,No,SUSPECTED MINOR INJURY,NONE,39.11728004,-77.21242686,"(39.11728004, -77.21242686)"
MCP2693003F,200046853,Montgomery County Police,Injury Crash,11/27/2020 05:20:00 PM,County,BAUER DR,County,GREENSPAN LA,,N/A,PEDESTRIAN,SINGLE VEHICLE,CLEAR,DRY,DARK LIGHTS ON,NO CONTROLS,UNKNOWN,NONE DETECTED,B01D8D6E-50AF-407A-B46D-C316754E35D7,PEDESTRIAN,Getting off/on Vehicle,NO IMPROPER ACTIONS,SHOULDER,NO PED. SIGNAL,MIXED CLOTHING,No,POSSIBLE INJURY,N/A,39.09043193,-77.10772271,"(39.09043193, -77.10772271)"
MCP32470017,210020613,Montgomery County Police,Injury Crash,05/31/2021 03:11:00 PM,US (State),COLESVILLE RD,County,FENTON ST,,N/A,PEDESTRIAN,SINGLE VEHICLE,CLEAR,DRY,DAYLIGHT,TRAFFIC SIGNAL,NONE DETECTED,NONE DETECTED,3F5DE650-6434-4A74-ADA5-29C380C0D8B5,PEDESTRIAN,Cross/Enter not at Intersection,FAILURE TO OBEY TRAFFIC SIGNS SIGNALS OR OFFICER,ON ROADWAY NOT AT CROSSWALK,DISOBEYED PED. SIGNAL,MIXED CLOTHING,Yes,SUSPECTED MINOR INJURY,NONE,38.99741059,-77.02707101,"(38.99741059, -77.02707101)"
MCP30380053,210020082,Montgomery County Police,Injury Crash,05/27/2021 03:23:00 PM,County,FENTON ST,County,WAYNE AVE,,N/A,PEDESTRIAN,OTHER,CLEAR,DRY,DAYLIGHT,TRAFFIC SIGNAL,N/A,NONE DETECTED,985C0FA5-9AC3-4F4D-99CC-A530FA31CD23,PEDESTRIAN,Cross/Enter at Intersection,NO IMPROPER ACTIONS,ON ROADWAY AT CROSSWALK,OBEYED PED. SIGNAL,MIXED CLOTHING,No,SUSPECTED MINOR INJURY,N/A,38.99552664,-77.02445613,"(38.99552664, -77.02445613)"
MCP1301001J,210001908,Montgomery County Police,Fatal Crash,01/15/2021 08:16:00 PM,Maryland (State),NEW HAMPSHIRE AVE,County,POWDER MILL RD,,N/A,PEDESTRIAN,SINGLE VEHICLE,RAINING,WET,DARK LIGHTS ON,NO CONTROLS,UNKNOWN,NONE DETECTED,0552458D-A0AF-4930-BBA6-A6C2BA2C63CF,PEDESTRIAN,Cross/Enter not at Intersection,UNKNOWN,ON ROADWAY NOT AT CROSSWALK,NO PED. SIGNAL,REFLECTIVE MATERIAL,Unknown,FATAL INJURY,REFLECTIVE CLOTHING,39.02128333,-76.97695,"(39.02128333, -76.97695)"
MCP3243000C,200032846,Montgomery County Police,Injury Crash,08/22/2020 05:17:00 PM,County,ROCKLEDGE DR,County,ROCK SPRING DR,,N/A,BICYCLIST,STRAIGHT MOVEMENT ANGLE,CLEAR,DRY,DAYLIGHT,TRAFFIC SIGNAL,NONE DETECTED,NONE DETECTED,53442B68-0BC2-45DB-BC92-1230D88DEB02,BICYCLIST,Cross/Enter at Intersection,FAILURE TO OBEY TRAFFIC SIGNS SIGNALS OR OFFICER,ON ROADWAY AT CROSSWALK,DISOBEYED PED. SIGNAL,LIGHT CLOTHING,Yes,SUSPECTED MINOR INJURY,NONE,39.02691291,-77.13229168,"(39.02691291, -77.13229168)"
MCP23720035,200032047,Montgomery County Police,Injury Crash,08/17/2020 07:00:00 AM,Maryland (State),OLD GEORGETOWN RD,County,CEDAR LA,,N/A,OTHER,STRAIGHT MOVEMENT ANGLE,CLEAR,DRY,DAYLIGHT,TRAFFIC SIGNAL,NONE DETECTED,NONE DETECTED,E6BD807F-7D85-486C-8AF8-2D432B05C502,OTHER,Cross/Enter at Intersection,NO IMPROPER ACTIONS,AT INTERSECTION MARKED CROSSWALK,OBEYED PED. SIGNAL,LIGHT CLOTHING,No,SUSPECTED MINOR INJURY,MC/BIKE HELMET,39.00459917,-77.110397,"(39.00459917, -77.110397)"
MCP2177004H,20032118,Montgomery County Police,Injury Crash,08/17/2020 02:45:00 PM,,,,,PAVED DRIVEWAY OF 14031 GEORGIA AVENUE,,BICYCLIST,STRAIGHT MOVEMENT ANGLE,CLOUDY,,DAYLIGHT,NO CONTROLS,N/A,N/A,C3442C57-C500-476F-BAB2-C9A1499AD424,BICYCLIST,Walking/Cycling on Sidewalk,WRONG WAY RIDING OR WALKING,OTHER,N/A,MIXED CLOTHING,Yes,SUSPECTED MINOR INJURY,NONE,39.08497348,-77.07818107,"(39.08497348, -77.07818107)"
EJ7860002P,200033826,Gaithersburg Police Depar,Property Damage Crash,08/29/2020 08:03:00 PM,Municipality,MEEM AVE,Municipality,CHESTNUT ST,,GAITHERSBURG,PEDESTRIAN,OTHER,CLEAR,DRY,DARK LIGHTS ON,STOP SIGN,NONE DETECTED,NONE DETECTED,33741E51-6FB2-41E7-B88E-609C5BCC2693,PEDESTRIAN,Cross/Enter at Intersection,UNKNOWN,AT INTERSECTION MARKED CROSSWALK,NO PED. SIGNAL,LIGHT CLOTHING,Unknown,NO APPARENT INJURY,NONE,39.14161835,-77.20369181,"(39.14161835, -77.20369181)"
MCP3255000H,200034151,Montgomery County Police,Injury Crash,09/01/2020 10:30:00 AM,,,,,PARKING LOT OF MCDONALDS AT 19388 MONTGOMERY VILLAGE AVE,,BICYCLIST,SINGLE VEHICLE,CLOUDY,,DAYLIGHT,NO CONTROLS,NONE DETECTED,NONE DETECTED,86A3D50B-DF58-44F3-9066-23CDB76F6B81,BICYCLIST,Walking/Cycling on Sidewalk,NO IMPROPER ACTIONS,OTHER,N/A,DARK CLOTHING,No,SUSPECTED MINOR INJURY,NONE,39.17381667,-77.20373833,"(39.17381667, -77.20373833)"
HA24770003,20002031,Maryland-National Capital,Injury Crash,08/25/2020 07:53:00 AM,Government,BEACH DR,County,WEXFORD DR,,N/A,BICYCLIST,ANGLE MEETS RIGHT TURN,CLEAR,DRY,DAYLIGHT,STOP SIGN,NONE DETECTED,NONE DETECTED,A850809D-4628-439A-943F-F6D9A8BA2202,BICYCLIST,Walking/Riding w/Traffic,NO IMPROPER ACTIONS,AT INTERSECTION BUT NO CROSSWALK,N/A,MIXED CLOTHING,No,POSSIBLE INJURY,MC/BIKE HELMET,39.03618719,-77.08453341,"(39.03618719, -77.08453341)"
MCP2040001M,200032799,Montgomery County Police,Injury Crash,08/22/2020 10:30:00 AM,Maryland (State),WHITES FERRY RD,Municipality,SPATES HILL RD,,POOLESVILLE,BICYCLIST,SAME DIRECTION RIGHT TURN,CLOUDY,DRY,DAYLIGHT,NO CONTROLS,NONE DETECTED,NONE DETECTED,FB8C0EC5-CA6C-49E4-BC7E-B1FCC9EF5B87,BICYCLIST,Cross/Enter at Intersection,UNKNOWN,SHOULDER,N/A,DARK CLOTHING,No,POSSIBLE INJURY,MC/BIKE HELMET,39.134165,-77.40199667,"(39.134165, -77.40199667)"
MCP1174004J,200031668,Montgomery County Police,Injury Crash,08/14/2020 11:11:00 AM,,,,,PARKING LOT OF 2015 EAST WEST HWY.,,PEDESTRIAN,SINGLE VEHICLE,CLEAR,,DAYLIGHT,N/A,,NONE DETECTED,8519E1A8-E780-47C0-9B49-C03CC83E73B5,PEDESTRIAN,Getting off/on Vehicle,ENTERING EXITING PARKED STANDING VEHICLE,OTHER,NO PED. SIGNAL,LIGHT CLOTHING,Yes,SUSPECTED MINOR INJURY,N/A,38.99509287,-77.04511842,"(38.99509287, -77.04511842)"
MCP3238000T,200033959,Montgomery County Police,Injury Crash,08/30/2020 10:07:00 PM,Maryland (State),UNIVERSITY BLVD E,County,LEXINGTON DR,,N/A,BICYCLIST,SAME DIR REAR END,CLEAR,DRY,DARK LIGHTS ON,NO CONTROLS,UNKNOWN,NONE DETECTED,17454B80-6B72-46AD-B344-93B8F35E678D,BICYCLIST,Walking/Riding w/Traffic,NO IMPROPER ACTIONS,ON ROADWAY NOT AT CROSSWALK,N/A,REAR REFLECTOR,No,SUSPECTED SERIOUS INJURY,LIGHTING,39.01932888,-77.01003382,"(39.01932888, -77.01003382)"
MCP3270000B,200033405,Montgomery County Police,Injury Crash,08/26/2020 08:28:00 PM,County,HAWKESBURY LA,County,RANDOLPH RD,,N/A,PEDESTRIAN,OTHER,CLEAR,DRY,DARK LIGHTS ON,N/A,NONE DETECTED,NONE DETECTED,2B1181F9-D4E8-47F7-8E53-C616272F43CB,PEDESTRIAN,Cross/Enter not at Intersection,IN ROADWAY IMPROPERLY,ON ROADWAY NOT AT CROSSWALK,NO PED. SIGNAL,DARK CLOTHING,Yes,SUSPECTED MINOR INJURY,NONE,39.06686167,-77.01981467,"(39.06686167, -77.01981467)"
MCP9321003D,200034149,Montgomery County Police,Injury Crash,09/01/2020 10:25:00 AM,,,,,PARKING LOT OF 12039 GEORGIA AVE,,PEDESTRIAN,SINGLE VEHICLE,CLOUDY,,DAYLIGHT,NO CONTROLS,NONE DETECTED,NONE DETECTED,30A66D57-41D9-4E8D-A87A-4D77B0EBB275,PEDESTRIAN,Walking/Cycling on Sidewalk,NO IMPROPER ACTIONS,SIDEWALK,N/A,MIXED CLOTHING,No,POSSIBLE INJURY,NONE,39.05299545,-77.04997412,"(39.05299545, -77.04997412)"
MCP32500009,200033537,Montgomery County Police,Injury Crash,08/27/2020 03:12:00 PM,Maryland (State),GEORGIA AVE,County,HEWITT AVE,,N/A,BICYCLIST,STRAIGHT MOVEMENT ANGLE,CLOUDY,DRY,DAYLIGHT,TRAFFIC SIGNAL,NONE DETECTED,NONE DETECTED,7497ABFD-51CD-4A10-94C4-483799889A70,BICYCLIST,Cross/Enter at Intersection,NO IMPROPER ACTIONS,AT INTERSECTION MARKED CROSSWALK,OBEYED PED. SIGNAL,MIXED CLOTHING,No,POSSIBLE INJURY,NONE,39.077662,-77.070716,"(39.077662, -77.070716)"
MCP3257000P,200034335,Montgomery County Police,Property Damage Crash,09/02/2020 01:50:00 PM,Municipality,FRIENDSHIP BLVD,Municipality,N PARK AVE,,FRIENDSHIP HEIGHTS,PEDESTRIAN,OTHER,CLEAR,DRY,DAYLIGHT,STOP SIGN,NONE DETECTED,NONE DETECTED,98716E78-8C3D-490A-9747-3BE9A2916FF3,PEDESTRIAN,Cross/Enter at Intersection,NO IMPROPER ACTIONS,AT INTERSECTION MARKED CROSSWALK,OBEYED PED. SIGNAL,MIXED CLOTHING,No,NO APPARENT INJURY,NONE,38.9636837,-77.08938367,"(38.9636837, -77.08938367)"
MCP2783003N,200038852,Montgomery County Police,Injury Crash,10/02/2020 06:49:00 PM,Maryland (State),GEORGIA AVE,County,WINDHAM LA,,N/A,PEDESTRIAN,N/A,CLEAR,DRY,DARK NO LIGHTS,TRAFFIC SIGNAL,NONE DETECTED,N/A,9A50D8C6-B840-43A0-895A-742C4C80343C,PEDESTRIAN,Cross/Enter not at Intersection,IN ROADWAY IMPROPERLY,ON ROADWAY NOT AT CROSSWALK,NO PED. SIGNAL,MIXED CLOTHING,Yes,SUSPECTED MINOR INJURY,N/A,39.03258121,-77.04861901,"(39.03258121, -77.04861901)"
MCP2989001P,200038713,Montgomery County Police,Injury Crash,10/01/2020 11:37:00 PM,US (State),COLUMBIA PIKE,County,HILLWOOD DR,,N/A,PEDESTRIAN,OTHER,RAINING,WET,DARK LIGHTS ON,NO CONTROLS,N/A,ALCOHOL PRESENT,6F1A19D6-55A3-4C0F-BA8C-BB908090DCD0,PEDESTRIAN,Cross/Enter at Intersection,FAILURE TO YIELD RIGHT OF WAY,AT INTERSECTION BUT NO CROSSWALK,NO PED. SIGNAL,DARK CLOTHING,Yes,SUSPECTED MINOR INJURY,NONE,39.03373083,-77.00130483,"(39.03373083, -77.00130483)"
DD56280039,200039334,Rockville Police Departme,Injury Crash,10/06/2020 01:12:00 PM,Municipality,BALTIMORE RD,Municipality,S STONESTREET AVE,,ROCKVILLE,BICYCLIST,STRAIGHT MOVEMENT ANGLE,CLEAR,DRY,DAYLIGHT,STOP SIGN,NONE DETECTED,NONE DETECTED,38E94A31-9539-402C-B0F8-80CAAB78F645,BICYCLIST,Cross/Enter at Intersection,NO IMPROPER ACTIONS,AT INTERSECTION MARKED CROSSWALK,N/A,MIXED CLOTHING,No,SUSPECTED MINOR INJURY,MC/BIKE HELMET,39.08293725,-77.14348365,"(39.08293725, -77.14348365)"
MCP2635006F,200036642,Montgomery County Police,Injury Crash,09/18/2020 04:40:00 PM,County,BROOKEVILLE RD,County,ZION RD,,N/A,BICYCLIST,STRAIGHT MOVEMENT ANGLE,CLEAR,DRY,DAYLIGHT,STOP SIGN,N/A,N/A,207482C3-3A54-4593-9508-80065812DCF8,BICYCLIST,Cross/Enter at Intersection,FAILURE TO OBEY TRAFFIC SIGNS SIGNALS OR OFFICER,AT INTERSECTION BUT NO CROSSWALK,NO PED. SIGNAL,LIGHT CLOTHING,Yes,SUSPECTED MINOR INJURY,MC/BIKE HELMET,39.1849163,-77.1008186,"(39.1849163, -77.1008186)"
MCP94420020,200038819,Montgomery County Police,Injury Crash,10/02/2020 12:00:00 PM,,,,,PARKING LOT OF 19200 MONTGOMERY VILLAGE AVE,,PEDESTRIAN,OTHER,CLEAR,,DAYLIGHT,N/A,NONE DETECTED,NONE DETECTED,F7C469E8-B43D-4073-BF8D-DB5593E32564,PEDESTRIAN,Other,NO IMPROPER ACTIONS,OTHER,N/A,N/A,No,SUSPECTED MINOR INJURY,N/A,39.17182833,-77.20483833,"(39.17182833, -77.20483833)"
MCP2358007R,200031136,Montgomery County Police,Property Damage Crash,08/10/2020 07:00:00 PM,County,DORSET AVE,County,KENNEDY DR,,N/A,BICYCLIST,STRAIGHT MOVEMENT ANGLE,CLEAR,DRY,DUSK,STOP SIGN,UNKNOWN,NONE DETECTED,BE7CB23C-9646-41FC-AF01-8C5C49498019,BICYCLIST,Cross/Enter at Intersection,FAILURE TO OBEY TRAFFIC SIGNS SIGNALS OR OFFICER,ON ROADWAY AT CROSSWALK,NO PED. SIGNAL,MIXED CLOTHING,Yes,NO APPARENT INJURY,UNKNOWN,38.96887993,-77.10293722,"(38.96887993, -77.10293722)"
MCP3058003V,200039210,Montgomery County Police,Injury Crash,10/05/2020 05:00:00 PM,County,OUTPOST DR,County,LAKE WINDS WAY,,N/A,BICYCLIST,HEAD ON LEFT TURN,CLEAR,DRY,DAYLIGHT,NO CONTROLS,NONE DETECTED,NONE DETECTED,64D853F9-881A-47C1-8067-EE9ED8B7A743,BICYCLIST,Walking/Riding against Traffic,IN ROADWAY IMPROPERLY,AT INTERSECTION BUT NO CROSSWALK,NO PED. SIGNAL,LIGHT CLOTHING,Yes,SUSPECTED MINOR INJURY,N/A,39.08815802,-77.22665616,"(39.08815802, -77.22665616)"
MCP2639009T,200039284,Montgomery County Police,Injury Crash,10/06/2020 07:30:00 AM,Maryland (State),LAYHILL RD,County,BRIGGS RD,,N/A,PEDESTRIAN,STRAIGHT MOVEMENT ANGLE,CLEAR,DRY,DAYLIGHT,TRAFFIC SIGNAL,NONE DETECTED,NONE DETECTED,E3E61B0E-2248-4358-8D5C-27193EB97CC6,PEDESTRIAN,Cross/Enter at Intersection,NO IMPROPER ACTIONS,SIDEWALK,OBEYED PED. SIGNAL,DARK CLOTHING,No,POSSIBLE INJURY,NONE,39.06889333,-77.045155,"(39.06889333, -77.045155)"
MCP2192003N,200039452,Montgomery County Police,Injury Crash,10/07/2020 09:21:00 AM,Maryland (State),NEW HAMPSHIRE AVE,County,MIDLAND RD,,N/A,PEDESTRIAN,OTHER,CLEAR,DRY,DAYLIGHT,TRAFFIC SIGNAL,NONE DETECTED,NONE DETECTED,1EF952B4-A2AE-4399-9596-D5318B1BA455,PEDESTRIAN,Other Working,NO IMPROPER ACTIONS,ON ROADWAY NOT AT CROSSWALK,N/A,REFLECTIVE MATERIAL,No,SUSPECTED MINOR INJURY,REFLECTIVE CLOTHING,39.07765333,-77.001465,"(39.07765333, -77.001465)"
MCP2693003D,200038653,Montgomery County Police,Injury Crash,10/01/2020 04:12:00 PM,Maryland (State),GEORGIA AVE,County,BEL PRE RD,,N/A,PEDESTRIAN,OTHER,CLEAR,DRY,DAYLIGHT,TRAFFIC SIGNAL,NONE DETECTED,NONE DETECTED,9DEB0109-3E66-4BCC-8261-F511F15F4F9C,PEDESTRIAN,Cross/Enter at Intersection,NO IMPROPER ACTIONS,ON ROADWAY AT CROSSWALK,OBEYED PED. SIGNAL,LIGHT CLOTHING,No,POSSIBLE INJURY,N/A,39.0930412,-77.07972456,"(39.0930412, -77.07972456)"