Report Number,Local Case Number,Agency Name,ACRS Report Type,Crash Date/Time,Route Type,Road Name,Cross-Street Type,Cross-Street Name,Off-Road Description,Municipality,Related Non-Motorist,Collision Type,Weather,Surface Condition,Light,Traffic Control,Driver Substance Abuse,Non-Motorist Substance Abuse,Person ID,Pedestrian Type,Pedestrian Movement,Pedestrian Actions,Pedestrian Location,Pedestrian Obeyed Traffic Signal,Pedestrian Visibility,At Fault,Injury Severity,Safety Equipment,Latitude,Longitude,Location
EJ7866008S,200038773,Gaithersburg Police Depar,Injury Crash,10/02/2020 10:30:00 AM,,,,,211 N FREDERICK AVE,,PEDESTRIAN,SINGLE VEHICLE,CLEAR,,DAYLIGHT,NO CONTROLS,NONE DETECTED,NONE DETECTED,BCC490AD-BC22-4E2E-85AD-89AD8D1153C8,PEDESTRIAN,Walking/Cycling on Sidewalk,N/A,SIDEWALK,N/A,MIXED CLOTHING,No,POSSIBLE INJURY,N/A,39.14459353,-77.20184705,"(39.14459353, -77.20184705)"
MCP2639009S,200039102,Montgomery County Police,Injury Crash,10/05/2020 06:49:00 AM,Maryland (State),UNIVERSITY BLVD W,County,AMHERST AVE,,N/A,PEDESTRIAN,STRAIGHT MOVEMENT ANGLE,RAINING,WET,DARK LIGHTS ON,NO CONTROLS,NONE DETECTED,NONE DETECTED,9119BC50-44B1-4DC7-852E-6ECCBBB6E424,PEDESTRIAN,Cross/Enter not at Intersection,DART DASH,ON ROADWAY NOT AT CROSSWALK,NO PED. SIGNAL,DARK CLOTHING,Yes,POSSIBLE INJURY,NONE,39.04047,-77.04836,"(39.04047, -77.04836)"
DD56370022,200046625,Rockville Police Departme,Injury Crash,11/25/2020 06:51:00 PM,,,,,PARKING LOT OF 403 REDLAND BLVD,,PEDESTRIAN,SINGLE VEHICLE,CLEAR,,DARK LIGHTS ON,NO CONTROLS,NONE DETECTED,NONE DETECTED,4669AC2E-84A5-486B-8349-1B226A4B6018,PEDESTRIAN,Cross/Enter at Intersection,NO IMPROPER ACTIONS,AT INTERSECTION MARKED CROSSWALK,NO PED. SIGNAL,DARK CLOTHING,No,POSSIBLE INJURY,NONE,39.11285733,-77.17183467,"(39.11285733, -77.17183467)"
MCP271700SD,200034582,Montgomery County Police,Injury Crash,09/03/2020 08:30:00 PM,Maryland (State),UNIVERSITY BLVD W,County,ST PAUL ST,,N/A,PEDESTRIAN,OTHER,CLOUDY,WET,DARK LIGHTS ON,NO CONTROLS,NONE DETECTED,NONE DETECTED,AB9C199A-21B0-4919-97C4-99FC5E83E4EF,PEDESTRIAN,Cross/Enter at Intersection,NO IMPROPER ACTIONS,ON ROADWAY AT CROSSWALK,NO PED. SIGNAL,DARK CLOTHING,No,SUSPECTED MINOR INJURY,NONE,38.99764383,-77.10979817,"(38.99764383, -77.10979817)"
MCP271700SG,200035252,Montgomery County Police,Injury Crash,09/08/2020 07:10:00 PM,,,,,5000 BRADLEY BLVD (PARKING LOT EXIT OF SAFEWAY GROCERY),,BICYCLIST,OTHER,CLEAR,,DARK LIGHTS ON,NO CONTROLS,UNKNOWN,NONE DETECTED,DC5DB57C-7A8B-4DCB-90AD-4D99ECCDF163,BICYCLIST,Cross/Enter at Intersection,NO IMPROPER ACTIONS,ON ROADWAY AT CROSSWALK,NO PED. SIGNAL,MIXED CLOTHING,No,SUSPECTED MINOR INJURY,MC/BIKE HELMET,38.949512,-77.11782383,"(38.949512, -77.11782383)"
MCP2107003N,220032576,Montgomery County Police,Injury Crash,07/29/2022 10:52:00 AM,,LONGSPUR ALLEY,,DOVEKIE AVE,,N/A,PEDESTRIAN,OTHER,CLOUDY,DRY,DAYLIGHT,NO CONTROLS,NONE DETECTED,NONE DETECTED,6E637678-FB8B-4312-9566-E6593229CD17,PEDESTRIAN,Standing,N/A,OTHER,N/A,MIXED CLOTHING,No,POSSIBLE INJURY,N/A,39.21689883,-77.2822025,"(39.21689883, -77.2822025)"
MCP3257000R,200035349,Montgomery County Police,Injury Crash,09/09/2020 02:01:00 PM,,,,,PARKING LOT OF LEDOS PIZZA 5245 RIVER RD,,PEDESTRIAN,OTHER,CLEAR,,DAYLIGHT,NO CONTROLS,UNKNOWN,N/A,C766C177-36C4-4AA1-87C9-D06FC903C9DE,PEDESTRIAN,Standing,N/A,OTHER,NO PED. SIGNAL,DARK CLOTHING,No,SUSPECTED MINOR INJURY,NONE,38.96603276,-77.10452051,"(38.96603276, -77.10452051)"
MCP003600DB,200035356,Montgomery County Police,Injury Crash,09/09/2020 02:10:00 PM,County,DIXIE RIDGE TERR,County,ROLLING FORK WAY,,N/A,BICYCLIST,SINGLE VEHICLE,CLOUDY,DRY,DAYLIGHT,NO CONTROLS,NONE DETECTED,NONE DETECTED,9F04B0F6-12B2-473E-A370-E83ABAE3561D,BICYCLIST,Cross/Enter not at Intersection,FAILURE TO YIELD RIGHT OF WAY,SHARED USE PATH OR TRAILS,N/A,MIXED CLOTHING,Yes,SUSPECTED SERIOUS INJURY,NONE,39.24751433,-77.20027017,"(39.24751433, -77.20027017)"
MCP27230052,200035305,Montgomery County Police,Injury Crash,09/09/2020 09:45:00 AM,,,,,18100 VILLAGE CENTER DRIVE,,PEDESTRIAN,SINGLE VEHICLE,CLOUDY,,DAYLIGHT,NO CONTROLS,NONE DETECTED,NONE DETECTED,D36AD02D-1B06-4F31-9E4E-4F100C7187D5,PEDESTRIAN,Standing,NO IMPROPER ACTIONS,SIDEWALK,N/A,MIXED CLOTHING,No,SUSPECTED MINOR INJURY,N/A,39.15281833,-77.06443167,"(39.15281833, -77.06443167)"
MCP2192003M,200034762,Montgomery County Police,Injury Crash,09/05/2020 06:15:00 AM,Maryland (State),GEORGIA AVE,Maryland (State),OLNEY SANDY SPRING RD,,N/A,PEDESTRIAN,OTHER,N/A,DRY,DARK LIGHTS ON,N/A,UNKNOWN,N/A,494C65FD-7CA3-4707-AC14-84795D07DAEA,PEDESTRIAN,Cross/Enter not at Intersection,NO IMPROPER ACTIONS,ON ROADWAY NOT AT CROSSWALK,NO PED. SIGNAL,MIXED CLOTHING,No,SUSPECTED MINOR INJURY,N/A,39.1536124,-77.06752065,"(39.1536124, -77.06752065)"
EJ7875001H,200034838,Gaithersburg Police Depar,Injury Crash,09/05/2020 07:51:00 PM,County,MUDDY BRANCH RD,Municipality,WEST SIDE DR,,GAITHERSBURG,BICYCLIST,OTHER,CLEAR,DRY,OTHER,TRAFFIC SIGNAL,N/A,N/A,2361FF6C-BF3D-4B9F-B6DD-AAD05B8CF1D4,BICYCLIST,Walking/Cycling on Sidewalk,NO IMPROPER ACTIONS,ON ROADWAY AT CROSSWALK,OBEYED PED. SIGNAL,MIXED CLOTHING,No,POSSIBLE INJURY,NONE,39.12924667,-77.20770327,"(39.12924667, -77.20770327)"
MCP2809004F,20034574,Montgomery County Police,Injury Crash,09/03/2020 08:20:00 PM,Maryland (State),UNIVERSITY BLVD E,Maryland (State),PINEY BRANCH RD,,N/A,PEDESTRIAN,OTHER,RAINING,WET,DARK LIGHTS ON,TRAFFIC SIGNAL,N/A,N/A,F1397E41-2A21-49C1-B815-AA372749E713,PEDESTRIAN,Cross/Enter at Intersection,NO IMPROPER ACTIONS,AT INTERSECTION MARKED CROSSWALK,OBEYED PED. SIGNAL,DARK CLOTHING,No,SUSPECTED SERIOUS INJURY,N/A,38.99963667,-76.99598333,"(38.99963667, -76.99598333)"
MCP9432002S,200034713,Montgomery County Police,Injury Crash,09/04/2020 07:00:00 PM,,GODWIT STREET,,MERLIN AVENUE,,N/A,BICYCLIST,STRAIGHT MOVEMENT ANGLE,CLEAR,DRY,DUSK,NO CONTROLS,UNKNOWN,NONE DETECTED,B35B0E44-5B7D-468B-88B9-F2647DC5DE27,BICYCLIST,Cross/Enter at Intersection,NO IMPROPER ACTIONS,ON ROADWAY NOT AT CROSSWALK,NO PED. SIGNAL,LIGHT CLOTHING,No,SUSPECTED MINOR INJURY,MC/BIKE HELMET,39.21974833,-77.29039,"(39.21974833, -77.29039)"
MCP3197001K,200035078,Montgomery County Police,Injury Crash,09/07/2020 07:19:00 PM,,,,,3592 GLENEAGLES DRIVE,,BICYCLIST,SAME DIRECTION SIDESWIPE,CLEAR,,DUSK,NO CONTROLS,NONE DETECTED,NONE DETECTED,64E79372-7BCC-4713-842A-6BE532CFB01C,BICYCLIST,Walking/Riding w/Traffic,NO IMPROPER ACTIONS,ON ROADWAY NOT AT CROSSWALK,OBEYED PED. SIGNAL,MIXED CLOTHING,No,SUSPECTED MINOR INJURY,MC/BIKE HELMET,39.10025817,-77.0722135,"(39.10025817, -77.0722135)"
MCP2396003L,200034356,Montgomery County Police,Property Damage Crash,09/02/2020 03:51:00 PM,County,CEDAR ST,County,ELLSWORTH DR,,N/A,PEDESTRIAN,OTHER,CLEAR,DRY,DAYLIGHT,N/A,N/A,N/A,2987A2FF-7244-4A1C-80D0-68B3794CB1E7,PEDESTRIAN,Cross/Enter at Intersection,NO IMPROPER ACTIONS,ON ROADWAY AT CROSSWALK,OBEYED PED. SIGNAL,MIXED CLOTHING,No,NO APPARENT INJURY,NONE,38.99901713,-77.02443783,"(38.99901713, -77.02443783)"
MCP3249000H,200035420,Montgomery County Police,Injury Crash,09/09/2020 09:20:00 PM,County,DENNIS AVE,Maryland (State),UNIVERSITY BLVD W,,N/A,PEDESTRIAN,OTHER,RAINING,WET,DARK LIGHTS ON,TRAFFIC SIGNAL,NONE DETECTED,NONE DETECTED,E37B48A4-D042-4338-922A-41C148DF6913,PEDESTRIAN,Cross/Enter at Intersection,N/A,AT INTERSECTION MARKED CROSSWALK,OBEYED PED. SIGNAL,MIXED CLOTHING,No,SUSPECTED MINOR INJURY,NONE,39.02661129,-77.02008882,"(39.02661129, -77.02008882)"
MCP2615003R,200034623,Montgomery County Police,Injury Crash,09/04/2020 11:05:00 AM,,,,,"DASH IN (PARKING LOT)
11150 NEW HAMPSHIRE AVE 
SILVER SPRING, MD 20904",,PEDESTRIAN,OTHER,CLEAR,,DAYLIGHT,NO CONTROLS,NONE DETECTED,NONE DETECTED,9B955731-9C0E-4CB5-9E2A-B455BE3A8BC3,PEDESTRIAN,Other,NO IMPROPER ACTIONS,OTHER,NO PED. SIGNAL,LIGHT CLOTHING,No,POSSIBLE INJURY,N/A,39.03922465,-76.99075028,"(39.03922465, -76.99075028)"
MCP271700SD,200034582,Montgomery County Police,Injury Crash,09/03/2020 08:30:00 PM,Maryland (State),UNIVERSITY BLVD W,County,ST PAUL ST,,N/A,PEDESTRIAN,OTHER,CLOUDY,WET,DARK LIGHTS ON,NO CONTROLS,NONE DETECTED,NONE DETECTED,E7B4F333-12BA-44B3-87AC-33D7A9F301EE,PEDESTRIAN,Cross/Enter at Intersection,NO IMPROPER ACTIONS,ON ROADWAY AT CROSSWALK,NO PED. SIGNAL,UNKNOWN,No,SUSPECTED SERIOUS INJURY,NONE,38.99764383,-77.10979817,"(38.99764383, -77.10979817)"
MCP29820044,210029269,Montgomery County Police,Injury Crash,07/28/2021 03:12:00 PM,Maryland (State),GEORGIA AVE,County,CAMERON ST,,N/A,PEDESTRIAN,OTHER,N/A,DRY,DAYLIGHT,TRAFFIC SIGNAL,NONE DETECTED,NONE DETECTED,D48087F1-7854-46E2-BBD0-12B8D6C320DA,PEDESTRIAN,Cross/Enter at Intersection,NO IMPROPER ACTIONS,AT INTERSECTION MARKED CROSSWALK,OBEYED PED. SIGNAL,LIGHT CLOTHING,No,SUSPECTED SERIOUS INJURY,N/A,38.99768333,-77.02990667,"(38.99768333, -77.02990667)"
MCP3091002Q,210028782,Montgomery County Police,Injury Crash,07/25/2021 10:38:00 AM,County,SHADY GROVE RD,Unknown,ENT TO MONT CO TRANSFER STATION,,N/A,PEDESTRIAN,OTHER,CLEAR,DRY,DAYLIGHT,PERSON,UNKNOWN,N/A,092D9189-23C4-40C5-BA1B-DD446EDC670A,PEDESTRIAN,Standing,NO IMPROPER ACTIONS,OTHER,OBEYED PED. SIGNAL,REFLECTIVE MATERIAL,No,POSSIBLE INJURY,NONE,39.05411483,-77.1133085,"(39.05411483, -77.1133085)"
MCP32320023,210027194,Montgomery County Police,Injury Crash,07/12/2021 07:52:00 PM,Maryland (State),OLNEY SANDY SPRING RD,County,BENTLEY RD,,N/A,BICYCLIST,STRAIGHT MOVEMENT ANGLE,CLEAR,DRY,DAYLIGHT,NO CONTROLS,UNKNOWN,NONE DETECTED,8FC592CC-0A0C-45A7-9E1E-97F6DA0499FD,BICYCLIST,Cross/Enter at Intersection,NO IMPROPER ACTIONS,SIDEWALK,NO PED. SIGNAL,MIXED CLOTHING,No,POSSIBLE INJURY,UNKNOWN,39.14894587,-77.01859144,"(39.14894587, -77.01859144)"
MCP30420039,210029396,Montgomery County Police,Injury Crash,07/29/2021 10:50:00 AM,County,FERRARA AVE,County,FERRARA DR,,N/A,PEDESTRIAN,N/A,CLEAR,DRY,DAYLIGHT,NO CONTROLS,,NONE DETECTED,1C0E41A0-2316-48E3-99D0-E9F8EB4050D6,PEDESTRIAN,Getting off/on Vehicle,ENTERING EXITING PARKED STANDING VEHICLE,MEDIAN,NO PED. SIGNAL,MIXED CLOTHING,Yes,SUSPECTED SERIOUS INJURY,NONE,39.052365,-77.077675,"(39.052365, -77.077675)"
MCP3139002P,210030134,Montgomery County Police,Injury Crash,08/03/2021 03:15:00 PM,,,,,10113 NEW HAMPSHIRE AVE PARKING LOT,,PEDESTRIAN,SINGLE VEHICLE,CLEAR,,DAYLIGHT,STOP SIGN,N/A,N/A,82BB03D1-A371-4111-B560-1D28C6C36A16,PEDESTRIAN,Cross/Enter not at Intersection,NO IMPROPER ACTIONS,DRIVEWAY ACCESS MARKED CROSSWALK,N/A,MIXED CLOTHING,No,POSSIBLE INJURY,NONE,39.02086126,-76.97547974,"(39.02086126, -76.97547974)"
MCP20080089,210009231,Montgomery County Police,Fatal Crash,03/11/2021 09:08:00 PM,Maryland (State),NEW HAMPSHIRE AVE,Interstate (State),CAPITAL BELTWAY,,N/A,PEDESTRIAN,OTHER,CLEAR,DRY,DARK NO LIGHTS,NO CONTROLS,NONE DETECTED,NONE DETECTED,951350A3-5590-418F-AD4A-14442DEF10BF,PEDESTRIAN,Cross/Enter not at Intersection,IN ROADWAY IMPROPERLY,ON ROADWAY NOT AT CROSSWALK,NO PED. SIGNAL,DARK CLOTHING,Yes,FATAL INJURY,N/A,39.01722684,-76.97709106,"(39.01722684, -76.97709106)"
MCP2859009J,200048151,Montgomery County Police,Property Damage Crash,12/07/2020 07:10:00 AM,County,MUDDY BRANCH RD,County,HARMONY HALL RD,,N/A,PEDESTRIAN,OTHER,N/A,DRY,DUSK,STOP SIGN,NONE DETECTED,NONE DETECTED,4EAF8799-427D-4FDA-93D8-85E8D9FC054F,PEDESTRIAN,Cross/Enter at Intersection,NO IMPROPER ACTIONS,ON ROADWAY AT CROSSWALK,NO PED. SIGNAL,DARK CLOTHING,Yes,NO APPARENT INJURY,NONE,39.13658667,-77.20536,"(39.13658667, -77.20536)"
MCP2198008F,200047701,Montgomery County Police,Injury Crash,12/03/2020 07:06:00 PM,County,SHADY GROVE RD,Unknown,CROSSOVER,,N/A,PEDESTRIAN,SINGLE VEHICLE,CLEAR,DRY,DARK LIGHTS ON,NO CONTROLS,N/A,N/A,4B1A33EB-885A-432A-A5AC-AACAE87A8757,PEDESTRIAN,Cross/Enter at Intersection,NO IMPROPER ACTIONS,AT INTERSECTION BUT NO CROSSWALK,NO PED. SIGNAL,UNKNOWN,No,POSSIBLE INJURY,N/A,39.120055,-77.18045216,"(39.120055, -77.18045216)"
MCP2001001G,200045803,Montgomery County Police,Fatal Crash,11/20/2020 05:16:00 AM,Maryland (State),ROCKVILLE PIKE,County,GROSVENOR LA,,N/A,PEDESTRIAN,SINGLE VEHICLE,CLEAR,DRY,DARK LIGHTS ON,OTHER,NONE DETECTED,N/A,6F258D73-FB16-43ED-A9A7-0542E55FCC2A,PEDESTRIAN,Cross/Enter at Intersection,UNKNOWN,ON ROADWAY AT CROSSWALK,UNKNOWN,DARK CLOTHING,Yes,FATAL INJURY,OTHER,39.02256036,-77.10278445,"(39.02256036, -77.10278445)"
MCP2475005F,200047541,Montgomery County Police,Injury Crash,12/02/2020 05:18:00 PM,County,OAKVIEW DR,County,BRADDOCK RD,,N/A,PEDESTRIAN,SAME DIRECTION LEFT TURN,N/A,DRY,DARK LIGHTS ON,STOP SIGN,NONE DETECTED,NONE DETECTED,0D836E00-5D53-4CB3-9FA1-65F066D1189F,PEDESTRIAN,Cross/Enter at Intersection,NOT VISIBLE,AT INTERSECTION BUT NO CROSSWALK,NO PED. SIGNAL,DARK CLOTHING,No,SUSPECTED MINOR INJURY,N/A,39.015615,-76.981455,"(39.015615, -76.981455)"
EJ7882000T,200047878,Gaithersburg Police Depar,Injury Crash,12/04/2020 09:17:00 PM,Municipality,FIRSTFIELD RD,Maryland (State),CLOPPER RD,,N/A,PEDESTRIAN,OTHER,RAINING,WET,DARK LIGHTS ON,TRAFFIC SIGNAL,NONE DETECTED,NONE DETECTED,CAE12915-A09D-4C34-B906-F6FFC7C9C598,PEDESTRIAN,Other,IMPROPER PASSING,ON ROADWAY NOT AT CROSSWALK,DISOBEYED PED. SIGNAL,DARK CLOTHING,Yes,SUSPECTED SERIOUS INJURY,NONE,39.14356652,-77.22390541,"(39.14356652, -77.22390541)"
MCP9432002X,200048406,Montgomery County Police,Injury Crash,12/08/2020 05:40:00 PM,,JAEGER ROAD,,WOODCOCK WAY,,N/A,PEDESTRIAN,STRAIGHT MOVEMENT ANGLE,CLEAR,DRY,DARK NO LIGHTS,STOP SIGN,NONE DETECTED,NONE DETECTED,6F9FAB8A-6094-4F2C-A6B5-4E69973EE4FE,PEDESTRIAN,Cross/Enter at Intersection,NOT VISIBLE,AT INTERSECTION BUT NO CROSSWALK,NO PED. SIGNAL,DARK CLOTHING,No,POSSIBLE INJURY,NONE,39.21697667,-77.29607667,"(39.21697667, -77.29607667)"
MCP12270013,200007223,Montgomery County Police,Fatal Crash,02/12/2020 07:05:00 PM,Maryland (State),MIDCOUNTY HWY,County,PIER POINT PL,,N/A,PEDESTRIAN,SINGLE VEHICLE,RAINING,WET,DARK LIGHTS ON,NO CONTROLS,NONE DETECTED,ALCOHOL CONTRIBUTED,CAA22B2B-9962-49BA-B144-2C6BD1724E13,PEDESTRIAN,Cross/Enter at Intersection,FAILURE TO YIELD RIGHT OF WAY,AT INTERSECTION BUT NO CROSSWALK,NO PED. SIGNAL,MIXED CLOTHING,Yes,FATAL INJURY,NONE,39.15924546,-77.19848265,"(39.15924546, -77.19848265)"
MCP2445001W,200039777,Montgomery County Police,Injury Crash,10/09/2020 12:36:00 PM,County,GERMANTOWN RD,County,SCENERY DR,,N/A,PEDESTRIAN,SINGLE VEHICLE,CLEAR,DRY,DAYLIGHT,TRAFFIC SIGNAL,NONE DETECTED,NONE DETECTED,A1B0B838-C5E0-4CA9-B3E3-635F8F6BD7F4,PEDESTRIAN,Cross/Enter at Intersection,NO IMPROPER ACTIONS,ON ROADWAY AT CROSSWALK,OBEYED PED. SIGNAL,MIXED CLOTHING,No,SUSPECTED MINOR INJURY,NONE,39.19226433,-77.23377617,"(39.19226433, -77.23377617)"
MCP2846006J,210003305,Montgomery County Police,Injury Crash,01/26/2021 06:10:00 PM,County,NEWPORT MILL RD,County,MAPLE VIEW DR,,N/A,PEDESTRIAN,SINGLE VEHICLE,RAINING,WET,DARK -- UNKNOWN LIGHTING,NO CONTROLS,NONE DETECTED,NONE DETECTED,84010F7D-A8F0-4FE3-8C46-3FD70741C3C5,PEDESTRIAN,Other,NO IMPROPER ACTIONS,SHOULDER,N/A,MIXED CLOTHING,No,POSSIBLE INJURY,NONE,39.04281843,-77.06896988,"(39.04281843, -77.06896988)"
MCP3069003N,210003298,Montgomery County Police,Injury Crash,01/26/2021 05:17:00 PM,County,WILLARD AVE,Municipality,N PARK AVE,,FRIENDSHIP HEIGHTS,PEDESTRIAN,OTHER,RAINING,WET,DUSK,NO CONTROLS,NONE DETECTED,NONE DETECTED,E51CAF0E-2CA3-4814-846D-E6E904C87A2C,PEDESTRIAN,Cross/Enter at Intersection,NO IMPROPER ACTIONS,ON ROADWAY AT CROSSWALK,N/A,DARK CLOTHING,No,POSSIBLE INJURY,NONE,38.96281636,-77.09330852,"(38.96281636, -77.09330852)"
MCP2016005L,210004492,Montgomery County Police,Injury Crash,02/04/2021 02:32:00 PM,Maryland (State),ROCKVILLE PIKE,County,BOU AVE,,N/A,BICYCLIST,OTHER,CLEAR,DRY,DAYLIGHT,TRAFFIC SIGNAL,NONE DETECTED,NONE DETECTED,24AF8946-9ABB-4AD7-8417-B06E7F4B83DB,BICYCLIST,Walking/Riding against Traffic,WRONG WAY RIDING OR WALKING,ON ROADWAY AT CROSSWALK,OBEYED PED. SIGNAL,LIGHT CLOTHING,Yes,SUSPECTED MINOR INJURY,NONE,39.05617167,-77.11937167,"(39.05617167, -77.11937167)"
MCP3276000T,210013552,Montgomery County Police,Injury Crash,04/11/2021 07:59:00 PM,Maryland (State),COLESVILLE RD,Maryland (State),EAST WEST HWY,,N/A,PEDESTRIAN,SINGLE VEHICLE,RAINING,WET,DARK LIGHTS ON,TRAFFIC SIGNAL,ALCOHOL PRESENT,NONE DETECTED,8FD2B0F9-5425-4565-BBA4-6BD814D40EB0,PEDESTRIAN,Cross/Enter at Intersection,NO IMPROPER ACTIONS,ON ROADWAY AT CROSSWALK,OBEYED PED. SIGNAL,MIXED CLOTHING,No,SUSPECTED MINOR INJURY,N/A,38.99339134,-77.03212156,"(38.99339134, -77.03212156)"
MCP3268000K,200040192,Montgomery County Police,Injury Crash,10/12/2020 05:00:00 PM,Maryland (State),COLESVILLE RD,Maryland (State),EAST WEST HWY,,N/A,OTHER,STRAIGHT MOVEMENT ANGLE,CLEAR,DRY,DAYLIGHT,STOP SIGN,N/A,N/A,70839808-DDEC-4427-924C-E3D42ED6B47B,OTHER,Cross/Enter at Intersection,NO IMPROPER ACTIONS,ON ROADWAY AT CROSSWALK,OBEYED PED. SIGNAL,N/A,No,SUSPECTED MINOR INJURY,N/A,38.9935873,-77.03225235,"(38.9935873, -77.03225235)"
MCP30390052,200039668,Montgomery County Police,Injury Crash,10/08/2020 05:15:00 PM,County,FENTON ST,County,SLIGO AVE,,N/A,PEDESTRIAN,OTHER,CLEAR,DRY,DAYLIGHT,TRAFFIC SIGNAL,NONE DETECTED,NONE DETECTED,68DD22B0-EF67-4DBA-B9C8-0A4EF1F9A7C1,PEDESTRIAN,Cross/Enter at Intersection,NO IMPROPER ACTIONS,ON ROADWAY AT CROSSWALK,OBEYED PED. SIGNAL,MIXED CLOTHING,No,SUSPECTED MINOR INJURY,NONE,38.99015233,-77.0236765,"(38.99015233, -77.0236765)"
EJ7884000Q,200039679,Gaithersburg Police Depar,Injury Crash,10/08/2020 05:40:00 PM,County,MUDDY BRANCH RD,County,DIAMONDBACK DR,,N/A,PEDESTRIAN,N/A,CLEAR,DRY,DAYLIGHT,TRAFFIC SIGNAL,NONE DETECTED,NONE DETECTED,75A2642B-2EA3-4E11-BB1E-AA9A3E51EF76,PEDESTRIAN,Cross/Enter at Intersection,UNKNOWN,ON ROADWAY AT CROSSWALK,OBEYED PED. SIGNAL,N/A,No,SUSPECTED MINOR INJURY,N/A,39.11511135,-77.21595598,"(39.11511135, -77.21595598)"
MCP30050058,200039793,Montgomery County Police,Injury Crash,10/09/2020 02:40:00 PM,,,,,REAR PARKING LOT OF 3000 MCCOMAS AVE,,OTHER CONVEYANCE,SINGLE VEHICLE,CLEAR,,DAYLIGHT,NO CONTROLS,NONE DETECTED,NONE DETECTED,14A27C0D-694A-4E9D-A892-F60CE293844C,OTHER CONVEYANCE,Other,NO IMPROPER ACTIONS,OTHER,N/A,DARK CLOTHING,No,POSSIBLE INJURY,N/A,39.03172167,-77.06211167,"(39.03172167, -77.06211167)"
MCP3136003W,200039508,Montgomery County Police,Injury Crash,10/07/2020 02:46:00 PM,US (State),GEORGIA AVE,County,WAYNE AVE,,N/A,OTHER CONVEYANCE,N/A,CLEAR,DRY,DAYLIGHT,TRAFFIC SIGNAL,NONE DETECTED,NONE DETECTED,CEC8ED66-B42F-41AC-BB6D-3B01832B0864,OTHER CONVEYANCE,Walking/Riding w/Traffic,NO IMPROPER ACTIONS,IN BIKEWAY,N/A,N/A,No,SUSPECTED MINOR INJURY,N/A,38.99453757,-77.02685276,"(38.99453757, -77.02685276)"
MCP2348005S,200002572,Montgomery County Police,Fatal Crash,01/15/2020 08:41:00 PM,Maryland (State),ROCKVILLE PIKE,Municipality,ROLLINS AVE,,ROCKVILLE,PEDESTRIAN,SINGLE VEHICLE,CLEAR,DRY,DARK LIGHTS ON,TRAFFIC SIGNAL,NONE DETECTED,UNKNOWN,8B5E5D5B-C526-476F-829D-28228166602C,PEDESTRIAN,Unknown,UNKNOWN,UNKNOWN,UNKNOWN,DARK CLOTHING,Yes,FATAL INJURY,NONE,39.05748,-77.12031,"(39.05748, -77.12031)"
MCP3270000J,200039204,Montgomery County Police,Injury Crash,10/05/2020 04:22:00 PM,,,,,PARKING LOT 3661 TURBRIDGE DRIVE,,PEDESTRIAN,SINGLE VEHICLE,CLEAR,,DAYLIGHT,N/A,,N/A,78E38193-A853-43AB-A026-AB5AB25A4620,PEDESTRIAN,Getting off/on Vehicle,ENTERING EXITING PARKED STANDING VEHICLE,OTHER,N/A,LIGHT CLOTHING,Yes,SUSPECTED MINOR INJURY,NONE,39.0912075,-76.931871,"(39.0912075, -76.931871)"
MCP20080083,200035799,Montgomery County Police,Injury Crash,09/12/2020 05:15:00 PM,County,DEMOCRACY BLVD,County,SEVEN LOCKS RD,,N/A,BICYCLIST,HEAD ON LEFT TURN,CLOUDY,DRY,DAYLIGHT,TRAFFIC SIGNAL,NONE DETECTED,NONE DETECTED,39D2454B-638B-45D9-BE3D-3D2F11F90C5B,BICYCLIST,Cross/Enter at Intersection,FAILURE TO OBEY TRAFFIC SIGNS SIGNALS OR OFFICER,ON ROADWAY NOT AT CROSSWALK,DISOBEYED PED. SIGNAL,LIGHT CLOTHING,Yes,SUSPECTED MINOR INJURY,MC/BIKE HELMET,39.02323,-77.16216,"(39.02323, -77.16216)"
MCP9386007P,200039447,Montgomery County Police,Injury Crash,10/07/2020 08:30:00 AM,County,MICHAELS DR,County,FERNWOOD RD,,N/A,PEDESTRIAN,OTHER,CLEAR,DRY,DAYLIGHT,NO CONTROLS,NONE DETECTED,NONE DETECTED,B27BE46E-E672-4334-B359-930700679E80,PEDESTRIAN,Getting off/on Vehicle,DART DASH,ON ROADWAY NOT AT CROSSWALK,NO PED. SIGNAL,MIXED CLOTHING,Yes,SUSPECTED MINOR INJURY,N/A,39.01041167,-77.13343833,"(39.01041167, -77.13343833)"
MCP3009002V,200039493,Montgomery County Police,Injury Crash,10/07/2020 01:00:00 PM,County,APPLEDOWRE WAY,Maryland (State),FREDERICK RD,,N/A,BICYCLIST,N/A,CLEAR,DRY,DAYLIGHT,STOP SIGN,N/A,N/A,11A694C3-77C1-4E10-92CE-77D4BA599650,BICYCLIST,Cross/Enter at Intersection,NO IMPROPER ACTIONS,ON ROADWAY AT CROSSWALK,NO PED. SIGNAL,LIGHT CLOTHING,No,SUSPECTED MINOR INJURY,UNKNOWN,39.185635,-77.23936167,"(39.185635, -77.23936167)"