Report Number,Local Case Number,Agency Name,ACRS Report Type,Crash Date/Time,Route Type,Road Name,Cross-Street Type,Cross-Street Name,Off-Road Description,Municipality,Related Non-Motorist,Collision Type,Weather,Surface Condition,Light,Traffic Control,Driver Substance Abuse,Non-Motorist Substance Abuse,Person ID,Pedestrian Type,Pedestrian Movement,Pedestrian Actions,Pedestrian Location,Pedestrian Obeyed Traffic Signal,Pedestrian Visibility,At Fault,Injury Severity,Safety Equipment,Latitude,Longitude,Location
MCP2231005P,200040024,Montgomery County Police,Injury Crash,10/11/2020 12:39:00 PM,Municipality,MAIN ST,Maryland (State),DARNESTOWN RD,,N/A,BICYCLIST,SINGLE VEHICLE,CLOUDY,DRY,DAYLIGHT,TRAFFIC SIGNAL,NONE DETECTED,NONE DETECTED,59DAD8CF-D49A-40A2-B39C-6CD438F3FDC8,BICYCLIST,Cross/Enter at Intersection,NO IMPROPER ACTIONS,ON ROADWAY AT CROSSWALK,OBEYED PED. SIGNAL,MIXED CLOTHING,No,SUSPECTED MINOR INJURY,MC/BIKE HELMET,39.11239333,-77.24042667,"(39.11239333, -77.24042667)"
MCP3112004V,200039555,Montgomery County Police,Injury Crash,10/07/2020 07:00:00 PM,,,,,"PARKING LOT IN FRONT OF 5077 BRADLEY BLVD, CHEVY CHASE, MD",,PEDESTRIAN,OTHER,CLEAR,,DARK NO LIGHTS,N/A,NONE DETECTED,NONE DETECTED,19E023A9-F7A7-4ED3-BCD4-E67A63233AAD,PEDESTRIAN,Cross/Enter not at Intersection,NO IMPROPER ACTIONS,OTHER,N/A,DARK CLOTHING,No,SUSPECTED MINOR INJURY,N/A,38.9785653,-77.09983529,"(38.9785653, -77.09983529)"
MCP3165002G,200039752,Montgomery County Police,Injury Crash,10/09/2020 09:30:00 AM,County,MCKNEW RD,Maryland (State),SANDY SPRING RD,,N/A,PEDESTRIAN,SAME DIR REAR END,CLEAR,DRY,DAYLIGHT,N/A,NONE DETECTED,NONE DETECTED,BE3131D8-88B4-4473-95CD-023996A26891,PEDESTRIAN,Walking/Riding w/Traffic,NO IMPROPER ACTIONS,SHOULDER,NO PED. SIGNAL,DARK CLOTHING,No,POSSIBLE INJURY,NONE,39.10522,-76.91962833,"(39.10522, -76.91962833)"
HA2393000B,21001427,Maryland-National Capital,Injury Crash,07/27/2021 06:35:00 PM,Government,SLIGO CREEK PKWY,County,BRUNETT AVE,,N/A,BICYCLIST,STRAIGHT MOVEMENT ANGLE,CLEAR,DRY,DAYLIGHT,N/A,NONE DETECTED,NONE DETECTED,4014FCFD-A893-404C-B8F6-95A789BF8971,BICYCLIST,Cross/Enter at Intersection,NO IMPROPER ACTIONS,ON ROADWAY AT CROSSWALK,NO PED. SIGNAL,LIGHT CLOTHING,No,SUSPECTED SERIOUS INJURY,UNKNOWN,39.00986683,-77.02214133,"(39.00986683, -77.02214133)"
DD5637001X,200039940,Rockville Police Departme,Property Damage Crash,10/10/2020 04:00:00 PM,,,,,PARKING LOT OF 1701 ROCKVILLE PIKE,,PEDESTRIAN,OTHER,CLOUDY,,DAYLIGHT,N/A,NONE DETECTED,NONE DETECTED,8A2B547F-1FE4-4144-9E86-14F5826E39A9,PEDESTRIAN,Standing,NO IMPROPER ACTIONS,OTHER,N/A,LIGHT CLOTHING,No,NO APPARENT INJURY,NONE,39.061456,-77.12415,"(39.061456, -77.12415)"
MCP2770002L,200040296,Montgomery County Police,Injury Crash,10/13/2020 12:45:00 PM,Maryland (State),FREDERICK RD,Municipality,PROFESSIONAL DR,,GAITHERSBURG,PEDESTRIAN,OTHER,CLEAR,N/A,DAYLIGHT,TRAFFIC SIGNAL,NONE DETECTED,NONE DETECTED,00A25C6E-B1D4-4408-9997-963F8555C168,PEDESTRIAN,Cross/Enter at Intersection,NO IMPROPER ACTIONS,ON ROADWAY AT CROSSWALK,OBEYED PED. SIGNAL,MIXED CLOTHING,No,SUSPECTED MINOR INJURY,N/A,39.16347213,-77.22623722,"(39.16347213, -77.22623722)"
MCP30930030,200039653,Montgomery County Police,Injury Crash,10/08/2020 03:02:00 PM,Maryland (State),EAST WEST HWY,County,MEADOWBROOK LA,,N/A,BICYCLIST,N/A,N/A,DRY,DAYLIGHT,TRAFFIC SIGNAL,N/A,N/A,CFBEDCF8-BB9C-4086-A037-159328614F11,BICYCLIST,Cross/Enter at Intersection,INATTENTIVE,ON ROADWAY AT CROSSWALK,DISOBEYED PED. SIGNAL,UNKNOWN,Yes,SUSPECTED MINOR INJURY,MC/BIKE HELMET,38.99254051,-77.06065823,"(38.99254051, -77.06065823)"
MCP2198008G,200048411,Montgomery County Police,Injury Crash,12/08/2020 06:28:00 PM,Municipality,KENTLANDS BLVD,Maryland (State),GREAT SENECA HWY,,N/A,PEDESTRIAN,SINGLE VEHICLE,CLEAR,DRY,DARK LIGHTS ON,NO CONTROLS,N/A,N/A,831D8427-A0F8-4989-B06F-6C4608B3367F,PEDESTRIAN,Cross/Enter at Intersection,DART DASH,SIDEWALK,N/A,UNKNOWN,Yes,POSSIBLE INJURY,N/A,39.12277333,-77.23328,"(39.12277333, -77.23328)"
MCP29360049,200047862,Montgomery County Police,Injury Crash,12/04/2020 07:50:00 PM,County,NICHOLSON LA,County,WOODGLEN DR,,N/A,PEDESTRIAN,OTHER,RAINING,WET,DARK LIGHTS ON,TRAFFIC SIGNAL,NONE DETECTED,NONE DETECTED,4029F7BB-D91C-445D-AF83-064D1E44A4B1,PEDESTRIAN,Cross/Enter at Intersection,NO IMPROPER ACTIONS,AT INTERSECTION MARKED CROSSWALK,OBEYED PED. SIGNAL,DARK CLOTHING,No,SUSPECTED MINOR INJURY,NONE,39.04512833,-77.11329333,"(39.04512833, -77.11329333)"
MCP3121003R,200044081,Montgomery County Police,Injury Crash,11/08/2020 04:15:00 PM,,,,,PARKING LOT IFO 18325 LOST KNIFE CIR.,,PEDESTRIAN,STRAIGHT MOVEMENT ANGLE,CLEAR,,DAYLIGHT,NO CONTROLS,NONE DETECTED,NONE DETECTED,5132DC20-D17D-4189-8416-3B2AB853B49E,PEDESTRIAN,Other Working,NO IMPROPER ACTIONS,OTHER,N/A,MIXED CLOTHING,No,POSSIBLE INJURY,N/A,39.15826071,-77.20168765,"(39.15826071, -77.20168765)"
EJ7866009J,200048190,Gaithersburg Police Depar,Injury Crash,12/07/2020 12:08:00 PM,Municipality,RUSSELL AVE,Municipality,MARYLAND AVE,,GAITHERSBURG,PEDESTRIAN,OTHER,CLEAR,DRY,DAYLIGHT,STOP SIGN,NONE DETECTED,NONE DETECTED,29B0A4BF-B709-4E3B-A6EA-AB3CD92501ED,PEDESTRIAN,Cross/Enter at Intersection,NO IMPROPER ACTIONS,ON ROADWAY AT CROSSWALK,N/A,MIXED CLOTHING,No,POSSIBLE INJURY,NONE,39.14851765,-77.19946173,"(39.14851765, -77.19946173)"
EJ7866009J,200048190,Gaithersburg Police Depar,Injury Crash,12/07/2020 12:08:00 PM,Municipality,RUSSELL AVE,Municipality,MARYLAND AVE,,GAITHERSBURG,PEDESTRIAN,OTHER,CLEAR,DRY,DAYLIGHT,STOP SIGN,NONE DETECTED,NONE DETECTED,02037026-53B2-440B-899C-EC17C8546201,PEDESTRIAN,Cross/Enter at Intersection,NO IMPROPER ACTIONS,ON ROADWAY AT CROSSWALK,N/A,LIGHT CLOTHING,No,POSSIBLE INJURY,NONE,39.14851765,-77.19946173,"(39.14851765, -77.19946173)"
MCP271700TB,210002365,Montgomery County Police,Injury Crash,01/19/2021 03:31:00 PM,Maryland (State),CONNECTICUT AVE,Municipality,ROSEMARY ST #2,,CHEVY CHASE #4,BICYCLIST,OTHER,CLEAR,DRY,DAYLIGHT,TRAFFIC SIGNAL,NONE DETECTED,NONE DETECTED,44A86B54-5448-4946-A2DA-D7D98E757D8E,BICYCLIST,Cross/Enter at Intersection,NO IMPROPER ACTIONS,ON ROADWAY AT CROSSWALK,OBEYED PED. SIGNAL,MIXED CLOTHING,No,SUSPECTED MINOR INJURY,MC/BIKE HELMET,38.97779433,-77.07710317,"(38.97779433, -77.07710317)"
MCP3211001Z,210003853,Montgomery County Police,Injury Crash,01/30/2021 11:39:00 AM,County,TUCKERMAN LA,Unknown,GROSVENOR PL,,N/A,BICYCLIST,SINGLE VEHICLE,CLEAR,DRY,DAYLIGHT,NO CONTROLS,NONE DETECTED,NONE DETECTED,4FD128EC-4791-481B-B8AB-B76C2221A1B2,BICYCLIST,Cross/Enter at Intersection,NO IMPROPER ACTIONS,ON ROADWAY NOT AT CROSSWALK,NO PED. SIGNAL,DARK CLOTHING,No,POSSIBLE INJURY,MC/BIKE HELMET,39.02759634,-77.10739224,"(39.02759634, -77.10739224)"
EJ78750021,210029,Gaithersburg Police Depar,Property Damage Crash,07/31/2021 09:03:00 PM,Maryland (State),GREAT SENECA HWY,Municipality,LAKELANDS DR,,GAITHERSBURG,PEDESTRIAN,OTHER,CLEAR,DRY,DARK LIGHTS ON,N/A,N/A,N/A,FE010DED-0A0D-4619-BFD2-0898BD241066,PEDESTRIAN,Other,IN ROADWAY IMPROPERLY,OTHER,N/A,UNKNOWN,Yes,NO APPARENT INJURY,N/A,39.12208107,-77.22855244,"(39.12208107, -77.22855244)"
MCP3289000D,210003353,Montgomery County Police,Injury Crash,01/27/2021 09:20:00 AM,County,CANNON RD,County,KARA LA,,N/A,PEDESTRIAN,SINGLE VEHICLE,CLOUDY,DRY,DAYLIGHT,NO CONTROLS,NONE DETECTED,NONE DETECTED,B009D9AE-F0C0-402A-97F0-D00212835755,PEDESTRIAN,Cross/Enter at Intersection,NO IMPROPER ACTIONS,ON ROADWAY AT CROSSWALK,N/A,DARK CLOTHING,No,SUSPECTED MINOR INJURY,N/A,39.0702475,-77.0019805,"(39.0702475, -77.0019805)"
MCP09420033,210003657,Montgomery County Police,Injury Crash,01/29/2021 07:30:00 AM,Maryland (State),OLD GEORGETOWN RD,County,FAIRMONT AVE,,N/A,BICYCLIST,STRAIGHT MOVEMENT ANGLE,CLEAR,DRY,DAYLIGHT,NO CONTROLS,NONE DETECTED,NONE DETECTED,A2E84624-E3D7-4286-9988-12DE97B2ECCE,BICYCLIST,Cross/Enter at Intersection,NO IMPROPER ACTIONS,SIDEWALK,NO PED. SIGNAL,MIXED CLOTHING,No,SUSPECTED MINOR INJURY,MC/BIKE HELMET,38.98660671,-77.09718937,"(38.98660671, -77.09718937)"
MCP3171001G,210003908,Montgomery County Police,Injury Crash,01/29/2021 11:00:00 PM,Maryland (State),GREAT SENECA HWY,County,MIDDLEBROOK RD,,N/A,PEDESTRIAN,STRAIGHT MOVEMENT ANGLE,CLEAR,DRY,DARK LIGHTS ON,NO CONTROLS,N/A,NONE DETECTED,0F45C163-3011-4509-8B3E-ADC00057B124,PEDESTRIAN,Walking/Riding against Traffic,IN ROADWAY IMPROPERLY,ON ROADWAY NOT AT CROSSWALK,NO PED. SIGNAL,DARK CLOTHING,Yes,SUSPECTED SERIOUS INJURY,NONE,39.17390833,-77.26152833,"(39.17390833, -77.26152833)"
MCP2348005W,200034859,Montgomery County Police,Fatal Crash,09/05/2020 10:37:00 PM,Maryland (State),UNIVERSITY BLVD E,County,LANGLEY DR,,N/A,PEDESTRIAN,SINGLE VEHICLE,CLEAR,DRY,DARK LIGHTS ON,NO CONTROLS,NONE DETECTED,ALCOHOL PRESENT,1BD42259-0FCC-4BD4-9443-17400A675E51,PEDESTRIAN,Cross/Enter not at Intersection,DART DASH,ON ROADWAY NOT AT CROSSWALK,NO PED. SIGNAL,MIXED CLOTHING,Yes,FATAL INJURY,N/A,39.00158406,-76.99549353,"(39.00158406, -76.99549353)"
MCP2936004F,210012350,Montgomery County Police,Injury Crash,04/02/2021 04:17:00 PM,County,NICHOLSON LA,County,WOODGLEN DR,,N/A,PEDESTRIAN,OTHER,CLEAR,DRY,N/A,TRAFFIC SIGNAL,UNKNOWN,NONE DETECTED,9958476B-BA66-433F-8F2C-80FC04DDB68F,PEDESTRIAN,Cross/Enter at Intersection,NO IMPROPER ACTIONS,AT INTERSECTION MARKED CROSSWALK,OBEYED PED. SIGNAL,MIXED CLOTHING,No,SUSPECTED MINOR INJURY,NONE,39.045375,-77.118855,"(39.045375, -77.118855)"
MCP2516003G,210029088,Montgomery County Police,Injury Crash,07/26/2021 06:00:00 PM,County,CENTURY BLVD,County,PINNACLE DR,,N/A,PEDESTRIAN,OTHER,CLEAR,DRY,DAYLIGHT,STOP SIGN,N/A,N/A,8BC775A3-9E01-42AA-824E-742FC5A43394,PEDESTRIAN,Cross/Enter at Intersection,NO IMPROPER ACTIONS,ON ROADWAY AT CROSSWALK,NO PED. SIGNAL,MIXED CLOTHING,No,POSSIBLE INJURY,N/A,39.18604667,-77.262235,"(39.18604667, -77.262235)"
MCP28920092,200048871,Montgomery County Police,Injury Crash,12/11/2020 05:34:00 PM,County,FENTON ST,County,WAYNE AVE,,N/A,PEDESTRIAN,SINGLE VEHICLE,CLEAR,DRY,DARK LIGHTS ON,NO CONTROLS,NONE DETECTED,NONE DETECTED,42577D65-7EAC-445B-BC0E-C859BB1A7CAA,PEDESTRIAN,Cross/Enter not at Intersection,DART DASH,ON ROADWAY NOT AT CROSSWALK,NO PED. SIGNAL,MIXED CLOTHING,Unknown,POSSIBLE INJURY,NONE,38.9971,-77.02420833,"(38.9971, -77.02420833)"
MCP27260058,200048813,Montgomery County Police,Injury Crash,12/11/2020 12:26:00 PM,,,,,1600 BLOCK OF ROCKVILLE PIKE (CONGRESSIONAL PLAZA),,BICYCLIST,OTHER,CLEAR,,DAYLIGHT,NO CONTROLS,NONE DETECTED,NONE DETECTED,CCCD6E15-7717-436D-93EF-6B4BF8538464,BICYCLIST,Walking/Cycling on Sidewalk,N/A,SIDEWALK,N/A,MIXED CLOTHING,No,SUSPECTED MINOR INJURY,NONE,39.06297528,-77.12499665,"(39.06297528, -77.12499665)"
MCP913000BD,200049594,Montgomery County Police,Injury Crash,12/17/2020 06:15:00 AM,Maryland (State),UNIVERSITY BLVD E,Maryland (State),PINEY BRANCH RD,,N/A,PEDESTRIAN,SINGLE VEHICLE,CLEAR,ICE,DARK LIGHTS ON,TRAFFIC SIGNAL,UNKNOWN,NONE DETECTED,8F2891B5-09DB-45D6-B952-23542391FE75,PEDESTRIAN,Cross/Enter at Intersection,NO IMPROPER ACTIONS,MIDBLOCK MARKED CROSSWALK,OBEYED PED. SIGNAL,MIXED CLOTHING,No,POSSIBLE INJURY,NONE,38.99972721,-76.99528514,"(38.99972721, -76.99528514)"
MCP26250012,200049001,Montgomery County Police,Injury Crash,12/12/2020 01:40:00 PM,County,OVERLEA RD,County,SANGAMORE RD,,N/A,PEDESTRIAN,HEAD ON LEFT TURN,CLEAR,DRY,DAYLIGHT,TRAFFIC SIGNAL,UNKNOWN,N/A,07D954E7-6C2D-4F6E-8A84-AA9E38A6BC70,PEDESTRIAN,Cross/Enter at Intersection,NO IMPROPER ACTIONS,AT INTERSECTION MARKED CROSSWALK,OBEYED PED. SIGNAL,MIXED CLOTHING,No,SUSPECTED MINOR INJURY,N/A,38.95211721,-77.12087021,"(38.95211721, -77.12087021)"
EJ7873003C,200049103,Gaithersburg Police Depar,Injury Crash,12/13/2020 10:26:00 AM,Municipality,RAWLINGS RD,Municipality,HARMONY HALL RD,,GAITHERSBURG,PEDESTRIAN,OTHER,CLEAR,DRY,DAYLIGHT,NO CONTROLS,NONE DETECTED,NONE DETECTED,5267A784-F4D8-439E-878D-C73B0C513EAD,PEDESTRIAN,Getting off/on Vehicle,INATTENTIVE,ON ROADWAY NOT AT CROSSWALK,NO PED. SIGNAL,MIXED CLOTHING,No,POSSIBLE INJURY,NONE,39.13614704,-77.20229452,"(39.13614704, -77.20229452)"
MCP209400GR,200049485,Montgomery County Police,Injury Crash,12/16/2020 10:33:00 AM,County,WELLINGTON DR,County,STRATHMORE ST,,N/A,PEDESTRIAN,OTHER,SNOW,WET,DAYLIGHT,NO CONTROLS,NONE DETECTED,NONE DETECTED,01EC9BD3-E482-4A5E-8712-02CE29B1CD96,PEDESTRIAN,Cross/Enter at Intersection,NO IMPROPER ACTIONS,ON ROADWAY AT CROSSWALK,NO PED. SIGNAL,MIXED CLOTHING,No,POSSIBLE INJURY,N/A,38.97928,-77.09307,"(38.97928, -77.09307)"
MCP26560050,200050075,Montgomery County Police,Injury Crash,12/20/2020 08:50:00 PM,,,,,PARKING LOT OF 12814 SAGE TERRACE,,PEDESTRIAN,OTHER,N/A,,DARK LIGHTS ON,N/A,N/A,NONE DETECTED,47763640-756B-4DB7-A926-7FC953E0689C,PEDESTRIAN,Other,IN ROADWAY IMPROPERLY,OTHER,N/A,DARK CLOTHING,Yes,POSSIBLE INJURY,N/A,39.16015333,-77.26538,"(39.16015333, -77.26538)"
MCP2900003G,200049682,Montgomery County Police,Injury Crash,12/17/2020 06:09:00 PM,County,MONTGOMERY VILLAGE AVE,County,CENTERWAY RD,,N/A,PEDESTRIAN,OTHER,N/A,WET,DARK NO LIGHTS,N/A,N/A,N/A,465CDA7D-03F0-4815-8636-AFD8BFD57BB4,PEDESTRIAN,Cross/Enter not at Intersection,IN ROADWAY IMPROPERLY,ON ROADWAY NOT AT CROSSWALK,NO PED. SIGNAL,MIXED CLOTHING,Yes,SUSPECTED MINOR INJURY,NONE,39.17379917,-77.2037745,"(39.17379917, -77.2037745)"
MCP3195001Q,200047400,Montgomery County Police,Injury Crash,12/01/2020 04:00:00 PM,County,BUCKNELL DR,Unknown,ROAD END,,N/A,PEDESTRIAN,OTHER,CLEAR,DRY,DAYLIGHT,N/A,N/A,N/A,66F084FE-83FC-46B6-9B1B-F22BF4A244B1,PEDESTRIAN,Cross/Enter not at Intersection,NO IMPROPER ACTIONS,ON ROADWAY NOT AT CROSSWALK,N/A,MIXED CLOTHING,No,SUSPECTED MINOR INJURY,OTHER,39.03577069,-77.04681735,"(39.03577069, -77.04681735)"
MCP3283000J,210013166,Montgomery County Police,Injury Crash,04/08/2021 05:40:00 PM,County,FALLS CHAPEL WAY,County,WILLOW VALLEY DR,,N/A,BICYCLIST,SINGLE VEHICLE,CLEAR,DRY,N/A,NO CONTROLS,NONE DETECTED,NONE DETECTED,02492018-8ED5-41F9-B54B-75678E86FD4D,BICYCLIST,Cross/Enter not at Intersection,FAILURE TO YIELD RIGHT OF WAY,ON ROADWAY NOT AT CROSSWALK,NO PED. SIGNAL,LIGHT CLOTHING,Yes,SUSPECTED MINOR INJURY,NONE,39.051085,-77.19096833,"(39.051085, -77.19096833)"
MCP2723005F,210013011,Montgomery County Police,Injury Crash,04/07/2021 03:35:00 PM,,N LEISURE WORLD BLVD,,NORBECK BLVD,,N/A,BICYCLIST,STRAIGHT MOVEMENT ANGLE,CLEAR,DRY,DAYLIGHT,STOP SIGN,NONE DETECTED,NONE DETECTED,7F1DF040-A7D8-402B-831A-B30AAE9C3890,BICYCLIST,Walking/Riding w/Traffic,NO IMPROPER ACTIONS,ON ROADWAY NOT AT CROSSWALK,N/A,MIXED CLOTHING,No,SUSPECTED SERIOUS INJURY,UNKNOWN,39.10908667,-77.06872333,"(39.10908667, -77.06872333)"
MCP3284000K,210013156,Montgomery County Police,Injury Crash,04/08/2021 04:50:00 PM,County,E RANDOLPH RD,County,LAURIE DR,,N/A,PEDESTRIAN,OTHER,CLEAR,DRY,DAYLIGHT,N/A,NONE DETECTED,NONE DETECTED,AC293A73-7BFF-4BB8-A003-24CBACFBD768,PEDESTRIAN,Cross/Enter not at Intersection,INATTENTIVE,ON ROADWAY NOT AT CROSSWALK,NO PED. SIGNAL,DARK CLOTHING,Yes,SUSPECTED MINOR INJURY,NONE,39.066107,-76.980964,"(39.066107, -76.980964)"
MCP3218001H,210012867,Montgomery County Police,Injury Crash,04/06/2021 05:30:00 PM,County,DEWEY RD,County,DAHILL RD,,N/A,BICYCLIST,STRAIGHT MOVEMENT ANGLE,CLEAR,DRY,DAYLIGHT,STOP SIGN,NONE DETECTED,NONE DETECTED,7C50C05A-5987-4CBB-BC02-9C43A6B0A516,BICYCLIST,Cross/Enter at Intersection,NO IMPROPER ACTIONS,ON ROADWAY NOT AT CROSSWALK,NO PED. SIGNAL,MIXED CLOTHING,No,SUSPECTED MINOR INJURY,MC/BIKE HELMET,39.048628,-77.088574,"(39.048628, -77.088574)"
MCP2939005H,210013410,Montgomery County Police,Injury Crash,04/10/2021 03:57:00 PM,County,SYCAMORE FARM DR,County,CYPRESS SPRING RD,,N/A,PEDESTRIAN,OTHER,CLEAR,DRY,DAYLIGHT,NO CONTROLS,N/A,N/A,80059B36-9AED-456F-8EC0-F4D5ED26D933,PEDESTRIAN,Playing,FAILURE TO YIELD RIGHT OF WAY,ON ROADWAY NOT AT CROSSWALK,N/A,MIXED CLOTHING,Yes,SUSPECTED MINOR INJURY,NONE,39.23239805,-77.25516148,"(39.23239805, -77.25516148)"
MCP2767008M,200040705,Montgomery County Police,Injury Crash,10/15/2020 05:30:00 PM,,,,,"ON SIDEWALK IN FRONT OF 2624 WEISMAN RD., SILVER SPRING MD",,BICYCLIST,STRAIGHT MOVEMENT ANGLE,CLEAR,,DAYLIGHT,NO CONTROLS,NONE DETECTED,NONE DETECTED,739CFF5E-8C0E-4242-BF2C-1F9941D85FE9,BICYCLIST,Walking/Cycling on Sidewalk,NO IMPROPER ACTIONS,SIDEWALK,NO PED. SIGNAL,DARK CLOTHING,No,POSSIBLE INJURY,NONE,39.05484033,-77.05692455,"(39.05484033, -77.05692455)"
MCP3121003M,200039969,Montgomery County Police,Property Damage Crash,10/10/2020 08:00:00 PM,,,,,IFO 19508 BURLINGAME WAY MONTGOMERY VILLAGE MD 20886,,PEDESTRIAN,HEAD ON,CLEAR,,DARK LIGHTS ON,NO CONTROLS,UNKNOWN,NONE DETECTED,EF6D5B66-CC0D-4EC2-B874-4F99FC547351,PEDESTRIAN,Standing,NO IMPROPER ACTIONS,OTHER,N/A,DARK CLOTHING,No,NO APPARENT INJURY,NONE,39.17551415,-77.21163542,"(39.17551415, -77.21163542)"
DM8479000J,200031997,Takoma Park Police Depart,Injury Crash,08/16/2020 06:01:00 PM,Maryland (State),UNIVERSITY BLVD E,Unknown,PRINCE GEORGES CO/L,,N/A,PEDESTRIAN,OTHER,CLOUDY,DRY,DAYLIGHT,TRAFFIC SIGNAL,NONE DETECTED,NONE DETECTED,9740B3A7-4477-408D-A0BD-EAD0AB63330E,PEDESTRIAN,Cross/Enter at Intersection,NO IMPROPER ACTIONS,ON ROADWAY AT CROSSWALK,OBEYED PED. SIGNAL,MIXED CLOTHING,No,SUSPECTED MINOR INJURY,N/A,38.98794582,-76.98641554,"(38.98794582, -76.98641554)"
MCP2504005Z,200040526,Montgomery County Police,Injury Crash,10/14/2020 04:32:00 PM,County,TRAVILAH RD,County,PINEY MEETINGHOUSE RD,,N/A,BICYCLIST,STRAIGHT MOVEMENT ANGLE,CLEAR,DRY,DAYLIGHT,STOP SIGN,NONE DETECTED,NONE DETECTED,D35CA7D4-9F0A-4FF7-B772-FDAA998D5BC1,BICYCLIST,Walking/Riding w/Traffic,NO IMPROPER ACTIONS,ON ROADWAY NOT AT CROSSWALK,N/A,MIXED CLOTHING,No,SUSPECTED SERIOUS INJURY,MC/BIKE HELMET,39.08632667,-77.21847833,"(39.08632667, -77.21847833)"
MCP2395001N,200040507,Montgomery County Police,Injury Crash,10/14/2020 02:25:00 PM,Maryland (State),FISHER AVE,Municipality,FYFFE RD,,POOLESVILLE,BICYCLIST,SINGLE VEHICLE,CLEAR,DRY,DAYLIGHT,OTHER,NONE DETECTED,NONE DETECTED,EEA39DE7-EDE1-45FA-B072-393F372E0D1E,BICYCLIST,Cross/Enter at Intersection,NO IMPROPER ACTIONS,ON ROADWAY AT CROSSWALK,UNKNOWN,LIGHT CLOTHING,No,SUSPECTED MINOR INJURY,MC/BIKE HELMET,39.14494176,-77.41264201,"(39.14494176, -77.41264201)"
MCP2974003J,210004511,Montgomery County Police,Injury Crash,02/04/2021 04:31:00 PM,,,,,"PARKING LOT OF 13807 OUTLET DR, SILVER SPRING, MARYLAND",,MACHINE OPERATOR/RIDER,OTHER,CLEAR,,DAYLIGHT,NO CONTROLS,NONE DETECTED,NONE DETECTED,5624267B-C0F4-4CD0-86F4-8F09B0EB1CF2,MACHINE OPERATOR/RIDER,Cross/Enter at Intersection,N/A,ON ROADWAY AT CROSSWALK,NO PED. SIGNAL,MIXED CLOTHING,No,POSSIBLE INJURY,NONE,39.08211833,-76.946325,"(39.08211833, -76.946325)"
MCP2756003L,200041458,Montgomery County Police,Injury Crash,10/20/2020 07:57:00 PM,Maryland (State),GEORGIA AVE,County,REEDIE DR,,N/A,PEDESTRIAN,SAME DIRECTION SIDESWIPE,CLEAR,DRY,DARK LIGHTS ON,NO CONTROLS,NONE DETECTED,ALCOHOL PRESENT,6BB25EAB-0BAB-4A18-A556-8DEA4EFD3826,PEDESTRIAN,Cross/Enter not at Intersection,FAILURE TO YIELD RIGHT OF WAY,ON ROADWAY NOT AT CROSSWALK,NO PED. SIGNAL,DARK CLOTHING,Yes,POSSIBLE INJURY,NONE,39.03897333,-77.0517,"(39.03897333, -77.0517)"
MCP3121003M,200039969,Montgomery County Police,Property Damage Crash,10/10/2020 08:00:00 PM,,,,,IFO 19508 BURLINGAME WAY MONTGOMERY VILLAGE MD 20886,,PEDESTRIAN,HEAD ON,CLEAR,,DARK LIGHTS ON,NO CONTROLS,UNKNOWN,NONE DETECTED,4756E6B8-026E-48CF-8150-587F905CE5D0,PEDESTRIAN,Standing,NO IMPROPER ACTIONS,OTHER,N/A,DARK CLOTHING,No,NO APPARENT INJURY,NONE,39.17551415,-77.21163542,"(39.17551415, -77.21163542)"
MCP913000B6,200040911,Montgomery County Police,Injury Crash,10/17/2020 10:27:00 AM,Maryland (State),NEW HAMPSHIRE AVE,County,DILSTON RD,,N/A,PEDESTRIAN,SINGLE VEHICLE,CLEAR,DRY,DAYLIGHT,TRAFFIC SIGNAL,NONE DETECTED,NONE DETECTED,F04A547C-9FCD-4D50-BDA6-5780FF215312,PEDESTRIAN,Cross/Enter at Intersection,NO IMPROPER ACTIONS,ON ROADWAY AT CROSSWALK,OBEYED PED. SIGNAL,MIXED CLOTHING,No,POSSIBLE INJURY,NONE,39.01138699,-76.97903723,"(39.01138699, -76.97903723)"
DD5575001W,200041478,Rockville Police Departme,Injury Crash,10/20/2020 11:23:00 PM,Municipality,VEIRS MILL SERV RD,Municipality,CLAGETT DR,,ROCKVILLE,OTHER,OTHER,CLEAR,DRY,DARK LIGHTS ON,NO CONTROLS,UNKNOWN,NONE DETECTED,79666A22-F054-40A5-99F2-07027AA79483,OTHER,Walking/Riding w/Traffic,IN ROADWAY IMPROPERLY,ON ROADWAY NOT AT CROSSWALK,NO PED. SIGNAL,DARK CLOTHING,Yes,SUSPECTED MINOR INJURY,NONE,39.08361,-77.15354167,"(39.08361, -77.15354167)"
MCP29730057,200040243,Montgomery County Police,Injury Crash,10/12/2020 11:20:00 PM,Maryland (State),GEORGIA AVE,Other Public Roadway,GEORGIAN WAY,,N/A,PEDESTRIAN,OTHER,RAINING,WET,DARK LIGHTS ON,NO CONTROLS,N/A,N/A,24A4B5BC-399D-4F28-B480-D6E1EB191959,PEDESTRIAN,Cross/Enter not at Intersection,FAILURE TO YIELD RIGHT OF WAY,ON ROADWAY NOT AT CROSSWALK,NO PED. SIGNAL,DARK CLOTHING,Yes,POSSIBLE INJURY,N/A,39.05417941,-77.05045591,"(39.05417941, -77.05045591)"