Report Number,Local Case Number,Agency Name,ACRS Report Type,Crash Date/Time,Route Type,Road Name,Cross-Street Type,Cross-Street Name,Off-Road Description,Municipality,Related Non-Motorist,Collision Type,Weather,Surface Condition,Light,Traffic Control,Driver Substance Abuse,Non-Motorist Substance Abuse,Person ID,Pedestrian Type,Pedestrian Movement,Pedestrian Actions,Pedestrian Location,Pedestrian Obeyed Traffic Signal,Pedestrian Visibility,At Fault,Injury Severity,Safety Equipment,Latitude,Longitude,Location
MCP271700VD,210021992,Montgomery County Police,Injury Crash,06/09/2021 05:00:00 PM,County,CHARLCOTE RD,County,MOORLAND LA,,N/A,OTHER CONVEYANCE,OTHER,CLEAR,DRY,DAYLIGHT,NO CONTROLS,NONE DETECTED,NONE DETECTED,975B4082-8BE7-4B51-939D-130394720717,OTHER CONVEYANCE,Walking/Riding w/Traffic,NO IMPROPER ACTIONS,ON ROADWAY NOT AT CROSSWALK,NO PED. SIGNAL,MIXED CLOTHING,No,SUSPECTED SERIOUS INJURY,MC/BIKE HELMET,38.992773,-77.1120785,"(38.992773, -77.1120785)"
MCP2919008Z,220001171,Montgomery County Police,Injury Crash,01/10/2022 06:40:00 PM,Maryland (State),PINEY BRANCH RD,County,ARLISS ST,,N/A,PEDESTRIAN,STRAIGHT MOVEMENT ANGLE,CLEAR,DRY,DARK LIGHTS ON,N/A,NONE DETECTED,NONE DETECTED,36EE2F6F-03DC-4B0A-8BB3-70D5039FB81B,PEDESTRIAN,Cross/Enter not at Intersection,FAILURE TO YIELD RIGHT OF WAY,ON ROADWAY NOT AT CROSSWALK,NO PED. SIGNAL,DARK CLOTHING,Yes,POSSIBLE INJURY,NONE,38.998555,-77.00186167,"(38.998555, -77.00186167)"
MCP30180049,220000180,Montgomery County Police,Injury Crash,01/02/2022 04:49:00 PM,Maryland (State),GEORGIA AVE,County,REEDIE DR,,N/A,PEDESTRIAN,OTHER,CLEAR,DRY,DAYLIGHT,TRAFFIC SIGNAL,NONE DETECTED,NONE DETECTED,7B6421A8-59F8-47CB-A1C5-532050BED017,PEDESTRIAN,Cross/Enter at Intersection,NO IMPROPER ACTIONS,AT INTERSECTION MARKED CROSSWALK,OBEYED PED. SIGNAL,LIGHT CLOTHING,No,POSSIBLE INJURY,NONE,39.03879333,-77.05089667,"(39.03879333, -77.05089667)"
DD5604003Q,200043423,Rockville Police Departme,Injury Crash,11/03/2020 04:46:00 PM,Municipality,EDMONSTON DR,Municipality,DENHAM RD,,ROCKVILLE,BICYCLIST,OTHER,CLEAR,DRY,DUSK,NO CONTROLS,NONE DETECTED,NONE DETECTED,8ED98D7F-E606-47E0-B70B-9FC6DB5DD97A,BICYCLIST,Walking/Riding w/Traffic,IN ROADWAY IMPROPERLY,ON ROADWAY NOT AT CROSSWALK,NO PED. SIGNAL,LIGHT CLOTHING,Yes,SUSPECTED MINOR INJURY,MC/BIKE HELMET,39.08669317,-77.13380933,"(39.08669317, -77.13380933)"
MCP2905004W,200042628,Montgomery County Police,Injury Crash,10/29/2020 07:19:00 AM,,,,,ACCESS ROAD AT SUBURBAN HOSPITAL,,PEDESTRIAN,OTHER,RAINING,,DARK LIGHTS ON,STOP SIGN,N/A,N/A,13160380-4104-4443-BC65-9F90FADDADAF,PEDESTRIAN,Cross/Enter at Intersection,NO IMPROPER ACTIONS,DRIVEWAY ACCESS MARKED CROSSWALK,NO PED. SIGNAL,MIXED CLOTHING,No,SUSPECTED MINOR INJURY,N/A,38.99797667,-77.11014333,"(38.99797667, -77.11014333)"
MCP28990040,200042035,Montgomery County Police,Injury Crash,10/24/2020 09:41:00 PM,County,MONTGOMERY VILLAGE AVE,Maryland (State),MIDCOUNTY HWY,,N/A,PEDESTRIAN,OTHER,CLEAR,DRY,DARK LIGHTS ON,TRAFFIC SIGNAL,NONE DETECTED,UNKNOWN,224279B8-6EB3-492A-A695-45374A9F72F2,PEDESTRIAN,Cross/Enter not at Intersection,DART DASH,ON ROADWAY NOT AT CROSSWALK,NO PED. SIGNAL,DARK CLOTHING,Yes,SUSPECTED SERIOUS INJURY,NONE,39.15993033,-77.20247867,"(39.15993033, -77.20247867)"
MCP263900B0,200042762,Montgomery County Police,Injury Crash,10/30/2020 06:53:00 AM,Maryland (State),GEORGIA AVE,County,HEATHFIELD RD,,N/A,PEDESTRIAN,STRAIGHT MOVEMENT ANGLE,RAINING,WET,DARK LIGHTS ON,TRAFFIC SIGNAL,NONE DETECTED,NONE DETECTED,EDCAE54E-EDED-4728-A622-6A20E44E3FC5,PEDESTRIAN,Cross/Enter at Intersection,DART DASH,ON ROADWAY AT CROSSWALK,DISOBEYED PED. SIGNAL,DARK CLOTHING,Yes,POSSIBLE INJURY,NONE,39.08771167,-77.07952667,"(39.08771167, -77.07952667)"
DD5633004D,200043647,Rockville Police Departme,Injury Crash,11/05/2020 11:45:00 AM,Municipality,MONROE PL,Maryland (State),ROCKVILLE PIKE,,N/A,PEDESTRIAN,OTHER,CLEAR,DRY,DAYLIGHT,TRAFFIC SIGNAL,NONE DETECTED,NONE DETECTED,3B3A4C6E-708F-4A0C-9F05-CA254DD819A7,PEDESTRIAN,Cross/Enter at Intersection,INATTENTIVE,ON ROADWAY AT CROSSWALK,OBEYED PED. SIGNAL,MIXED CLOTHING,No,POSSIBLE INJURY,NONE,39.08344462,-77.14695636,"(39.08344462, -77.14695636)"
MCP3276000H,210007539,Montgomery County Police,Injury Crash,02/27/2021 05:30:00 PM,US (State),GEORGIA AVE,County,SLIGO AVE,,N/A,BICYCLIST,SINGLE VEHICLE,CLEAR,DRY,DARK LIGHTS ON,TRAFFIC SIGNAL,UNKNOWN,NONE DETECTED,F8A235CB-FE99-46C8-8392-556807CCDDC5,BICYCLIST,Cross/Enter at Intersection,UNKNOWN,ON ROADWAY AT CROSSWALK,UNKNOWN,DARK CLOTHING,Unknown,SUSPECTED MINOR INJURY,UNKNOWN,38.99020956,-77.0266066,"(38.99020956, -77.0266066)"
MCP31640044,210007828,Montgomery County Police,Injury Crash,03/02/2021 07:50:00 AM,Maryland (State),GEORGIA AVE,County,RANDOLPH RD,,N/A,PEDESTRIAN,SINGLE VEHICLE,CLEAR,DRY,DAYLIGHT,TRAFFIC SIGNAL,NONE DETECTED,NONE DETECTED,C720A46A-A27B-4944-ABE1-C264238746EC,PEDESTRIAN,Cross/Enter at Intersection,UNKNOWN,ON ROADWAY AT CROSSWALK,UNKNOWN,DARK CLOTHING,Unknown,POSSIBLE INJURY,NONE,39.05779333,-77.04981667,"(39.05779333, -77.04981667)"
MCP32250018,210007430,Montgomery County Police,Injury Crash,02/26/2021 09:13:00 PM,,,,,PARKING LOT OF 2571 ENNALS AVE,,PEDESTRIAN,STRAIGHT MOVEMENT ANGLE,RAINING,,DARK LIGHTS ON,NO CONTROLS,NONE DETECTED,NONE DETECTED,2FF5F64C-7DB6-4982-A0E4-6E88191CEFB7,PEDESTRIAN,Walking/Cycling on Sidewalk,NO IMPROPER ACTIONS,SIDEWALK,NO PED. SIGNAL,UNKNOWN,No,POSSIBLE INJURY,NONE,39.03969418,-77.05452095,"(39.03969418, -77.05452095)"
EJ7889000J,210008835,Gaithersburg Police Depar,Property Damage Crash,03/09/2021 08:15:00 AM,,,,,"15740 SHADY GROVE ROAD, GAITHERSBURG, MD 20877 IN THE HOME DEPOT PAKING LOT.",,PEDESTRIAN,SINGLE VEHICLE,N/A,,DAYLIGHT,NO CONTROLS,NONE DETECTED,NONE DETECTED,F8B96DE6-A0AD-49C2-8C83-5D96E616518A,PEDESTRIAN,Standing,N/A,OUTSIDE RIGHT OF WAY,N/A,DARK CLOTHING,No,NO APPARENT INJURY,NONE,39.11484788,-77.18680825,"(39.11484788, -77.18680825)"
MCP3253000T,210008110,Montgomery County Police,Injury Crash,03/03/2021 11:14:00 PM,County,SHADOW OAK DR,County,SHADOW OAK CT,,N/A,PEDESTRIAN,SINGLE VEHICLE,CLEAR,DRY,DARK LIGHTS ON,N/A,NONE DETECTED,NONE DETECTED,4AC174E1-2FA6-48A7-9350-93E0EDE1A303,PEDESTRIAN,Standing,IN ROADWAY IMPROPERLY,ON ROADWAY NOT AT CROSSWALK,NO PED. SIGNAL,MIXED CLOTHING,No,POSSIBLE INJURY,NONE,39.1908499,-77.1992302,"(39.1908499, -77.1992302)"
MCP271700TQ,210007143,Montgomery County Police,Injury Crash,02/24/2021 05:50:00 PM,Municipality,DORSET AVE,Government,LITTLE FALLS PKWY,,N/A,BICYCLIST,OTHER,CLEAR,DRY,DARK LIGHTS ON,STOP SIGN,NONE DETECTED,NONE DETECTED,001E9B06-8BC9-4488-A8F2-A21AFC9EFA05,BICYCLIST,Cross/Enter at Intersection,NO IMPROPER ACTIONS,ON ROADWAY AT CROSSWALK,NO PED. SIGNAL,MIXED CLOTHING,No,SUSPECTED MINOR INJURY,MC/BIKE HELMET,38.96878033,-77.10200367,"(38.96878033, -77.10200367)"
MCP3233001F,210013548,Montgomery County Police,Injury Crash,04/11/2021 08:00:00 PM,Maryland (State),UNIVERSITY BLVD E,Maryland (State),PINEY BRANCH RD,,N/A,PEDESTRIAN,OTHER,CLOUDY,DRY,DARK LIGHTS ON,NO CONTROLS,NONE DETECTED,NONE DETECTED,FFFBF1DC-3703-4683-A90F-F960AE40A59D,PEDESTRIAN,Walking/Riding against Traffic,INATTENTIVE,ON ROADWAY NOT AT CROSSWALK,NO PED. SIGNAL,MIXED CLOTHING,Yes,POSSIBLE INJURY,NONE,39.01156883,-77.0012435,"(39.01156883, -77.0012435)"
MCP2845007M,210013945,Montgomery County Police,Injury Crash,04/14/2021 02:49:00 PM,Maryland (State),UNIVERSITY BLVD W,County,SUTHERLAND RD,,N/A,PEDESTRIAN,SINGLE VEHICLE,RAINING,WET,DAYLIGHT,TRAFFIC SIGNAL,NONE DETECTED,NONE DETECTED,BEB25B40-A2F8-4A49-9F08-D6EECE2E999F,PEDESTRIAN,Cross/Enter at Intersection,DART DASH,AT INTERSECTION MARKED CROSSWALK,OBEYED PED. SIGNAL,DARK CLOTHING,No,SUSPECTED MINOR INJURY,N/A,39.01997667,-77.013618,"(39.01997667, -77.013618)"
MCP243600DJ,210038389,Montgomery County Police,Injury Crash,09/28/2021 11:00:00 AM,Maryland (State),UNIVERSITY BLVD E,County,LANGLEY DR,,N/A,PEDESTRIAN,SINGLE VEHICLE,RAINING,WET,DAYLIGHT,OTHER,NONE DETECTED,NONE DETECTED,CF3C1F48-E12D-4082-B3A5-1D26D4C2A37D,PEDESTRIAN,Cross/Enter at Intersection,NO IMPROPER ACTIONS,ON ROADWAY AT CROSSWALK,NO PED. SIGNAL,DARK CLOTHING,No,SUSPECTED MINOR INJURY,NONE,39.00163898,-76.99573983,"(39.00163898, -76.99573983)"
MCP32980015,220008285,Montgomery County Police,Injury Crash,02/23/2022 11:30:00 PM,,,,,PARKING LOT OF RESIDENCE,,PEDESTRIAN,N/A,CLEAR,,DARK LIGHTS ON,NO CONTROLS,UNKNOWN,NONE DETECTED,76F12666-A7E9-4116-A655-4AAD8AFD2C71,PEDESTRIAN,Other,NO IMPROPER ACTIONS,N/A,NO PED. SIGNAL,UNKNOWN,No,SUSPECTED MINOR INJURY,N/A,39.18853182,-77.16383449,"(39.18853182, -77.16383449)"
MCP2968003L,200050987,Montgomery County Police,Injury Crash,12/28/2020 08:57:00 AM,County,SHADY GROVE RD,Maryland (State),W MONTGOMERY AVE,,N/A,PEDESTRIAN,SINGLE VEHICLE,CLEAR,DRY,DAYLIGHT,TRAFFIC SIGNAL,NONE DETECTED,N/A,1521911B-410F-4447-AEEB-6C76E94F2D9E,PEDESTRIAN,Cross/Enter at Intersection,NO IMPROPER ACTIONS,ON ROADWAY AT CROSSWALK,OBEYED PED. SIGNAL,MIXED CLOTHING,No,POSSIBLE INJURY,N/A,39.10297833,-77.190165,"(39.10297833, -77.190165)"
MCP2682002F,200050689,Montgomery County Police,Injury Crash,12/24/2020 05:51:00 PM,,,,,PARKING LOT OF 300 N FREDERICK AVE GAITHERSBURG MD 20877,,PEDESTRIAN,OTHER,CLOUDY,,DARK LIGHTS ON,STOP SIGN,UNKNOWN,NONE DETECTED,CD3F386B-83FB-46F4-AA0F-B2F335415E16,PEDESTRIAN,Walking/Cycling on Sidewalk,NO IMPROPER ACTIONS,DRIVEWAY ACCESS MARKED CROSSWALK,NO PED. SIGNAL,MIXED CLOTHING,No,POSSIBLE INJURY,NONE,39.14492,-77.20322,"(39.14492, -77.20322)"
MCP3005005H,200051190,Montgomery County Police,Injury Crash,12/29/2020 11:35:00 AM,County,REEDIE DR,County,FERN ST,,N/A,PEDESTRIAN,OTHER,CLEAR,DRY,DAYLIGHT,TRAFFIC SIGNAL,UNKNOWN,NONE DETECTED,CFAADBCF-F92F-4C95-9DEC-C5A077F1A1F4,PEDESTRIAN,Cross/Enter at Intersection,NO IMPROPER ACTIONS,AT INTERSECTION MARKED CROSSWALK,OBEYED PED. SIGNAL,MIXED CLOTHING,No,POSSIBLE INJURY,NONE,39.0389752,-77.04961914,"(39.0389752, -77.04961914)"
MCP26830053,210000271,Montgomery County Police,Injury Crash,01/03/2021 03:08:00 PM,County,ODENDHAL AVE,County,LOST KNIFE RD,,N/A,PEDESTRIAN,OTHER,RAINING,WET,DAYLIGHT,TRAFFIC SIGNAL,NONE DETECTED,NONE DETECTED,53B8B3A0-6BF9-4E86-BD75-EBFB60BC0207,PEDESTRIAN,Cross/Enter at Intersection,NO IMPROPER ACTIONS,AT INTERSECTION MARKED CROSSWALK,OBEYED PED. SIGNAL,MIXED CLOTHING,No,POSSIBLE INJURY,NONE,39.15242833,-77.19883,"(39.15242833, -77.19883)"
MCP3071001W,210000758,Montgomery County Police,Injury Crash,01/06/2021 10:23:00 PM,Maryland (State),FREDERICK RD,County,GUNNERS BRANCH RD,,N/A,PEDESTRIAN,SINGLE VEHICLE,CLEAR,DRY,DARK LIGHTS ON,PERSON,NONE DETECTED,ALCOHOL CONTRIBUTED,38336BA3-4C9F-42E3-8C46-92C58C9236DC,PEDESTRIAN,Cross/Enter not at Intersection,DART DASH,AT INTERSECTION BUT NO CROSSWALK,NO PED. SIGNAL,MIXED CLOTHING,Yes,POSSIBLE INJURY,NONE,39.179145,-77.23843,"(39.179145, -77.23843)"
MCP28920093,210000732,Montgomery County Police,Injury Crash,01/06/2021 05:17:00 PM,Maryland (State),GEORGIA AVE,Maryland (State),FOREST GLEN RD,,N/A,PEDESTRIAN,SINGLE VEHICLE,CLEAR,DRY,DARK LIGHTS ON,TRAFFIC SIGNAL,NONE DETECTED,NONE DETECTED,5563C982-1DD6-4E00-BDB6-30B31E4A20BB,PEDESTRIAN,Cross/Enter not at Intersection,DART DASH,ON ROADWAY NOT AT CROSSWALK,DISOBEYED PED. SIGNAL,MIXED CLOTHING,Yes,POSSIBLE INJURY,NONE,39.01551847,-77.04255305,"(39.01551847, -77.04255305)"
MCP3249001F,210000286,Montgomery County Police,Injury Crash,01/03/2021 05:29:00 PM,Maryland (State),NEW HAMPSHIRE AVE,County,DILSTON RD,,N/A,PEDESTRIAN,OTHER,RAINING,WET,DARK LIGHTS ON,TRAFFIC SIGNAL,NONE DETECTED,ALCOHOL CONTRIBUTED,26C7482F-80F6-4F92-9393-F692D23F828A,PEDESTRIAN,Cross/Enter at Intersection,DART DASH,AT INTERSECTION MARKED CROSSWALK,DISOBEYED PED. SIGNAL,DARK CLOTHING,Yes,SUSPECTED SERIOUS INJURY,NONE,39.011195,-76.97908167,"(39.011195, -76.97908167)"
MCP9134001T,210000760,Montgomery County Police,Injury Crash,01/06/2021 10:12:00 PM,County,FAIRLAND RD,County,OLD COLUMBIA PIKE,,N/A,PEDESTRIAN,OTHER,CLOUDY,DRY,DARK LIGHTS ON,TRAFFIC SIGNAL,NONE DETECTED,NONE DETECTED,8BA363AA-939C-4B6F-A8DD-EC1570AF9259,PEDESTRIAN,Standing,OTHER,ON ROADWAY NOT AT CROSSWALK,UNKNOWN,DARK CLOTHING,No,SUSPECTED SERIOUS INJURY,NONE,39.07663,-76.957725,"(39.07663, -76.957725)"
MCP2739003R,200051544,Montgomery County Police,Injury Crash,12/31/2020 11:12:00 PM,US (State),COLESVILLE RD,County,CRESTMOOR DR,,N/A,BICYCLIST,SAME DIR REAR END,CLEAR,DRY,DARK LIGHTS ON,NO CONTROLS,OTHER,N/A,AE93E677-84E8-4E5D-9B89-7395C535CD08,BICYCLIST,Walking/Riding w/Traffic,N/A,SHOULDER,UNKNOWN,REFLECTIVE MATERIAL,No,SUSPECTED MINOR INJURY,REFLECTIVE CLOTHING,39.030665,-77.00602,"(39.030665, -77.00602)"
DM8388003L,200051119,Takoma Park Police Depart,Injury Crash,12/28/2020 06:38:00 PM,Maryland (State),NEW HAMPSHIRE AVE,Municipality,AUBURN AVE,,TAKOMA PARK,PEDESTRIAN,SINGLE VEHICLE,CLEAR,DRY,DARK LIGHTS ON,NO CONTROLS,NONE DETECTED,COMBINATION CONTRIBUTED,332EEBAD-CC97-4806-B867-ED4F5277370B,PEDESTRIAN,Cross/Enter not at Intersection,IN ROADWAY IMPROPERLY,ON ROADWAY NOT AT CROSSWALK,N/A,DARK CLOTHING,Yes,SUSPECTED MINOR INJURY,NONE,38.9758395,-76.99383967,"(38.9758395, -76.99383967)"
EJ7884001T,210014148,Gaithersburg Police Depar,Injury Crash,04/15/2021 08:28:00 PM,Maryland (State),S FREDERICK RD,Municipality,W DEER PARK RD,,GAITHERSBURG,PEDESTRIAN,OTHER,N/A,DRY,DARK NO LIGHTS,TRAFFIC SIGNAL,NONE DETECTED,ALCOHOL CONTRIBUTED,B832651A-9C9F-4E75-89BF-05845F911C42,PEDESTRIAN,Walking/Riding against Traffic,IN ROADWAY IMPROPERLY,ON ROADWAY NOT AT CROSSWALK,UNKNOWN,LIGHT CLOTHING,Yes,SUSPECTED MINOR INJURY,N/A,39.13239822,-77.18920265,"(39.13239822, -77.18920265)"
MCP209400H3,210007963,Montgomery County Police,Injury Crash,03/03/2021 06:59:00 AM,County,MACARTHUR BLVD,Government,CLARA BARTON PKWY,,N/A,BICYCLIST,OTHER,CLEAR,DRY,DAYLIGHT,NO CONTROLS,NONE DETECTED,NONE DETECTED,DFAA19E2-B9FC-4E77-AF11-DFE05C15F137,BICYCLIST,Walking/Riding w/Traffic,NO IMPROPER ACTIONS,ON ROADWAY NOT AT CROSSWALK,N/A,MIXED CLOTHING,No,SUSPECTED SERIOUS INJURY,MC/BIKE HELMET,38.97863667,-77.20802833,"(38.97863667, -77.20802833)"
EJ78510067,210008384,Gaithersburg Police Depar,Injury Crash,03/05/2021 05:53:00 PM,,,,,BEHIND 422 MARKET STREET (PARKING LOT),,PEDESTRIAN,OTHER,CLEAR,,DAYLIGHT,NO CONTROLS,UNKNOWN,NONE DETECTED,81D5F8AD-E529-4618-BD83-6F70465A4E5A,PEDESTRIAN,Other,INATTENTIVE,OTHER,NO PED. SIGNAL,LIGHT CLOTHING,No,SUSPECTED MINOR INJURY,NONE,39.12174383,-77.23678555,"(39.12174383, -77.23678555)"
MCP2411006N,210014713,Montgomery County Police,Injury Crash,04/20/2021 11:50:00 AM,,,,,MONTROSE CROSSING SHOPPING CENTER,,PEDESTRIAN,SINGLE VEHICLE,CLEAR,,DAYLIGHT,N/A,NONE DETECTED,NONE DETECTED,20B0F68F-E65C-4688-9374-B8A763875189,PEDESTRIAN,Cross/Enter at Intersection,NO IMPROPER ACTIONS,ON ROADWAY AT CROSSWALK,UNKNOWN,MIXED CLOTHING,No,POSSIBLE INJURY,NONE,39.05544652,-77.11733761,"(39.05544652, -77.11733761)"
MCP9386008C,210014691,Montgomery County Police,Property Damage Crash,04/20/2021 10:15:00 AM,County,BOILING BROOK PKWY,County,HUNTERS LA,,N/A,BICYCLIST,SAME DIRECTION SIDESWIPE,CLEAR,DRY,DAYLIGHT,NO CONTROLS,NONE DETECTED,NONE DETECTED,77E13935-1334-4793-ADB8-11D0DD6D63EC,BICYCLIST,Walking/Riding w/Traffic,NO IMPROPER ACTIONS,N/A,OBEYED PED. SIGNAL,MIXED CLOTHING,No,NO APPARENT INJURY,MC/BIKE HELMET,39.04812417,-77.09875133,"(39.04812417, -77.09875133)"
MCP3005005D,200044401,Montgomery County Police,Injury Crash,11/10/2020 02:13:00 PM,,,,,"THRU ROADWAY (COMMONLY REFERRED TO AS RING ROAD) AT 11160 VEIRS MILL ROAD, SILVER SPRING, MD, 20902",,PEDESTRIAN,OTHER,CLEAR,,DAYLIGHT,NO CONTROLS,NONE DETECTED,NONE DETECTED,07855E67-403E-4582-9927-4F341C5CBF23,PEDESTRIAN,Other,NO IMPROPER ACTIONS,ON ROADWAY AT CROSSWALK,NO PED. SIGNAL,LIGHT CLOTHING,No,POSSIBLE INJURY,NONE,39.03732667,-77.05743833,"(39.03732667, -77.05743833)"
MCP136600B1,20004686,Montgomery County Police,Injury Crash,10/22/2020 12:46:00 PM,Maryland (State),DARNESTOWN RD,County,MUDDY BRANCH RD,,N/A,BICYCLIST,SAME DIRECTION SIDESWIPE,CLEAR,DRY,DAYLIGHT,TRAFFIC SIGNAL,NONE DETECTED,NONE DETECTED,D2AB854A-B546-4230-A6CC-049638D7B170,BICYCLIST,Cross/Enter at Intersection,NO IMPROPER ACTIONS,ON ROADWAY AT CROSSWALK,OBEYED PED. SIGNAL,MIXED CLOTHING,No,SUSPECTED MINOR INJURY,MC/BIKE HELMET,39.10287667,-77.220525,"(39.10287667, -77.220525)"
MCP29360045,200043988,Montgomery County Police,Injury Crash,11/07/2020 05:40:00 PM,Maryland (State),ROCKVILLE PIKE,Unknown,ENT TO MID-PIKE PLAZA,,N/A,PEDESTRIAN,OTHER,N/A,DRY,DARK LIGHTS ON,OTHER,NONE DETECTED,NONE DETECTED,5580C31F-11C1-4C99-99E3-8B305142F021,PEDESTRIAN,Cross/Enter at Intersection,NO IMPROPER ACTIONS,ON ROADWAY AT CROSSWALK,OBEYED PED. SIGNAL,MIXED CLOTHING,No,SUSPECTED MINOR INJURY,NONE,39.051275,-77.115935,"(39.051275, -77.115935)"
MCP3012007H,200044352,Montgomery County Police,Injury Crash,11/10/2020 10:48:00 AM,Maryland (State),VEIRS MILL RD,Unknown,ENT TO BUSINESS,,N/A,PEDESTRIAN,OTHER,CLEAR,DRY,DAYLIGHT,NO CONTROLS,NONE DETECTED,NONE DETECTED,81858FC3-D906-4D79-9A84-74C639E7551F,PEDESTRIAN,Cross/Enter not at Intersection,IN ROADWAY IMPROPERLY,OUTSIDE RIGHT OF WAY,NO PED. SIGNAL,MIXED CLOTHING,Yes,SUSPECTED MINOR INJURY,NONE,39.05671333,-77.08339167,"(39.05671333, -77.08339167)"
DD5645000M,200044339,Rockville Police Departme,Injury Crash,11/10/2020 09:32:00 AM,Maryland (State),ROCKVILLE PIKE,Unknown,CONGRESSIONAL LA,,N/A,PEDESTRIAN,SINGLE VEHICLE,CLEAR,DRY,DAYLIGHT,TRAFFIC SIGNAL,NONE DETECTED,NONE DETECTED,CEB65C9B-3A09-4381-A614-222D8DA7941B,PEDESTRIAN,Cross/Enter at Intersection,FAILURE TO OBEY TRAFFIC SIGNS SIGNALS OR OFFICER,ON ROADWAY AT CROSSWALK,DISOBEYED PED. SIGNAL,MIXED CLOTHING,Yes,SUSPECTED MINOR INJURY,NONE,39.06440333,-77.12626833,"(39.06440333, -77.12626833)"
MCP0613001Y,200044166,Montgomery County Police,Injury Crash,11/09/2020 09:36:00 AM,Maryland (State),NEW HAMPSHIRE AVE,County,CLOVERLY ST,,N/A,BICYCLIST,OTHER,CLEAR,DRY,DAYLIGHT,NO CONTROLS,NONE DETECTED,NONE DETECTED,A9A01828-690E-4330-AF24-C683D3B3CAF0,BICYCLIST,Walking/Riding w/Traffic,NO IMPROPER ACTIONS,AT INTERSECTION BUT NO CROSSWALK,N/A,LIGHT CLOTHING,No,SUSPECTED MINOR INJURY,MC/BIKE HELMET,39.109595,-76.99651333,"(39.109595, -76.99651333)"
DD5610006V,210037804,Rockville Police Departme,Injury Crash,09/24/2021 01:36:00 PM,,,,,1054 ROCKVILLE PIKE,,BICYCLIST,OTHER,CLEAR,,DAYLIGHT,NO CONTROLS,N/A,N/A,957F09E7-E4D5-4F58-B515-D44974329621,BICYCLIST,Other,UNKNOWN,CURB,UNKNOWN,MIXED CLOTHING,Unknown,SUSPECTED MINOR INJURY,UNKNOWN,39.07257459,-77.13324277,"(39.07257459, -77.13324277)"
MCP3274000H,210008468,Montgomery County Police,Injury Crash,03/06/2021 01:30:00 PM,Municipality,N PARK AVE,Municipality,SHOEMAKER FARM LA,,FRIENDSHIP HEIGHTS,PEDESTRIAN,SAME DIR REAR END,CLEAR,DRY,DAYLIGHT,NO CONTROLS,NONE DETECTED,NONE DETECTED,9D055FDE-D440-44E5-B9AD-D0DC9F932F92,PEDESTRIAN,Standing,NO IMPROPER ACTIONS,OTHER,OTHER,DARK CLOTHING,No,SUSPECTED MINOR INJURY,NONE,38.96343567,-77.09180917,"(38.96343567, -77.09180917)"
MCP2617008S,200043720,Montgomery County Police,Injury Crash,11/05/2020 05:52:00 PM,Maryland (State),LAYHILL RD,County,POST LA,,N/A,BICYCLIST,OTHER,CLEAR,DRY,DARK NO LIGHTS,NO CONTROLS,NONE DETECTED,NONE DETECTED,7F433424-2B36-452E-B696-4DEF66DD6E5E,BICYCLIST,Cross/Enter at Intersection,UNKNOWN,AT INTERSECTION BUT NO CROSSWALK,NO PED. SIGNAL,DARK CLOTHING,Unknown,SUSPECTED MINOR INJURY,MC/BIKE HELMET,39.0840475,-77.04641833,"(39.0840475, -77.04641833)"
MCP2286003F,200043960,Montgomery County Police,Injury Crash,11/07/2020 03:00:00 PM,County,RIVER RD,County,HUGHES RD,,N/A,BICYCLIST,OTHER,CLEAR,DRY,DAYLIGHT,NO CONTROLS,NONE DETECTED,NONE DETECTED,B2156102-D65D-4557-AB88-A8087B7A3028,BICYCLIST,Walking/Riding w/Traffic,NO IMPROPER ACTIONS,N/A,N/A,REFLECTIVE MATERIAL,No,NO APPARENT INJURY,MC/BIKE HELMET,39.086815,-77.43595,"(39.086815, -77.43595)"
MCP3264000X,200043209,Montgomery County Police,Injury Crash,11/02/2020 11:21:00 AM,,,,,PARKING LOT NEXT TO 9802 GEORGIA AVE,,PEDESTRIAN,N/A,CLEAR,,DAYLIGHT,NO CONTROLS,NONE DETECTED,NONE DETECTED,DFE909E3-73E1-4041-8F20-8209E4C43ACC,PEDESTRIAN,Other,NO IMPROPER ACTIONS,OTHER,NO PED. SIGNAL,MIXED CLOTHING,Unknown,POSSIBLE INJURY,NONE,39.01636167,-77.04335667,"(39.01636167, -77.04335667)"
MCP9404002V,200043181,Montgomery County Police,Injury Crash,11/02/2020 08:39:00 AM,,,,,PARKING LOT OF 16021 INDUSTRIAL DRIVE,,PEDESTRIAN,STRAIGHT MOVEMENT ANGLE,CLEAR,,DAYLIGHT,N/A,NONE DETECTED,NONE DETECTED,29020B58-0CEE-4797-80DB-42E4EEC63E37,PEDESTRIAN,Other,FAILURE TO YIELD RIGHT OF WAY,OTHER,N/A,LIGHT CLOTHING,Yes,SUSPECTED MINOR INJURY,NONE,39.12054,-77.18921167,"(39.12054, -77.18921167)"