Report Number,Local Case Number,Agency Name,ACRS Report Type,Crash Date/Time,Route Type,Road Name,Cross-Street Type,Cross-Street Name,Off-Road Description,Municipality,Related Non-Motorist,Collision Type,Weather,Surface Condition,Light,Traffic Control,Driver Substance Abuse,Non-Motorist Substance Abuse,Person ID,Pedestrian Type,Pedestrian Movement,Pedestrian Actions,Pedestrian Location,Pedestrian Obeyed Traffic Signal,Pedestrian Visibility,At Fault,Injury Severity,Safety Equipment,Latitude,Longitude,Location
MCP2617008T,200043733,Montgomery County Police,Injury Crash,11/05/2020 07:00:00 PM,Maryland (State),GEORGIA AVE,County,WENDY LA,,N/A,PEDESTRIAN,OTHER,CLEAR,DRY,DARK -- UNKNOWN LIGHTING,NO CONTROLS,NONE DETECTED,UNKNOWN,5246A647-30FB-4AF5-A170-7EB1B26CE1D2,PEDESTRIAN,Cross/Enter at Intersection,DART DASH,ON ROADWAY NOT AT CROSSWALK,NO PED. SIGNAL,DARK CLOTHING,Yes,SUSPECTED SERIOUS INJURY,NONE,39.07968883,-77.07368017,"(39.07968883, -77.07368017)"
MCP24960020,200044354,Montgomery County Police,Injury Crash,11/10/2020 10:52:00 AM,US (State),COLESVILLE RD,Unknown,SPUR TO SLIGO CREEK PKWY,,N/A,BICYCLIST,OTHER,CLEAR,DRY,DAYLIGHT,TRAFFIC SIGNAL,NONE DETECTED,NONE DETECTED,83D6C3C7-BB25-4E59-8A43-16E6EDF3F991,BICYCLIST,Cross/Enter at Intersection,NO IMPROPER ACTIONS,AT INTERSECTION MARKED CROSSWALK,OBEYED PED. SIGNAL,MIXED CLOTHING,No,POSSIBLE INJURY,MC/BIKE HELMET,39.00769202,-77.02013074,"(39.00769202, -77.02013074)"
MCP1564004Y,200041970,Montgomery County Police,Injury Crash,10/24/2020 12:50:00 PM,Maryland (State),NEW HAMPSHIRE AVE,County,STONEGATE DR,,N/A,BICYCLIST,STRAIGHT MOVEMENT ANGLE,CLOUDY,DRY,DAYLIGHT,STOP SIGN,NONE DETECTED,NONE DETECTED,158952D7-CFCA-4205-B3CC-AC57BC1D1245,BICYCLIST,Cross/Enter at Intersection,NO IMPROPER ACTIONS,SHOULDER,NO PED. SIGNAL,LIGHT CLOTHING,No,POSSIBLE INJURY,MC/BIKE HELMET,39.09988988,-77.00380024,"(39.09988988, -77.00380024)"
DD5646000J,200044035,Rockville Police Departme,Injury Crash,11/08/2020 08:50:00 AM,Municipality,BLACKWELL RD,Municipality,FALLSGROVE DR,,ROCKVILLE,PEDESTRIAN,OTHER,CLEAR,DRY,DAYLIGHT,NO CONTROLS,NONE DETECTED,NONE DETECTED,886CD18E-A155-4A81-A6B7-A417E9F42ADC,PEDESTRIAN,Walking/Riding w/Traffic,IN ROADWAY IMPROPERLY,ON ROADWAY NOT AT CROSSWALK,N/A,MIXED CLOTHING,Yes,SUSPECTED MINOR INJURY,NONE,39.09927333,-77.189928,"(39.09927333, -77.189928)"
MCP2859009P,210000363,Montgomery County Police,Injury Crash,01/04/2021 10:52:00 AM,,,,,"PARKING LOT OF 9901 MEDICAL CENTER DR, GAITHERSBURG, MD 20878",,PEDESTRIAN,OTHER,CLOUDY,,DAYLIGHT,NO CONTROLS,NONE DETECTED,NONE DETECTED,667318EC-2F33-4469-B2A9-75ED1384C033,PEDESTRIAN,Other,NO IMPROPER ACTIONS,OTHER,NO PED. SIGNAL,MIXED CLOTHING,No,POSSIBLE INJURY,NONE,39.09766438,-77.19954882,"(39.09766438, -77.19954882)"
MCP229800VR,210007256,Montgomery County Police,Property Damage Crash,02/23/2021 11:51:00 AM,County,CONNECTICUT AVE,County,GRAND PRE RD,,N/A,PEDESTRIAN,SINGLE VEHICLE,CLEAR,SLUSH,DAYLIGHT,NO CONTROLS,NONE DETECTED,NONE DETECTED,89ADE460-CA93-4BCD-B113-37C5E4F99E33,PEDESTRIAN,Other,DART DASH,OTHER,N/A,N/A,No,NO APPARENT INJURY,N/A,39.09191456,-77.07032261,"(39.09191456, -77.07032261)"
MCP3257001Q,210014167,Montgomery County Police,Injury Crash,04/15/2021 10:48:00 PM,Maryland (State),WISCONSIN AVE,County,AVONDALE ST,,N/A,PEDESTRIAN,OTHER,CLEAR,DRY,DARK LIGHTS ON,OTHER,UNKNOWN,NONE DETECTED,1998D2EE-91D7-4324-B398-23083E3EA999,PEDESTRIAN,Cross/Enter at Intersection,NO IMPROPER ACTIONS,AT INTERSECTION MARKED CROSSWALK,OBEYED PED. SIGNAL,MIXED CLOTHING,No,SUSPECTED MINOR INJURY,NONE,38.99007513,-77.09048403,"(38.99007513, -77.09048403)"
MCP3148002Z,210014145,Montgomery County Police,Injury Crash,04/15/2021 08:13:00 PM,Maryland (State),RIVER RD,County,POTOMAC MANORS DR,,N/A,PEDESTRIAN,OTHER,CLEAR,N/A,DARK LIGHTS ON,OTHER,NONE DETECTED,NONE DETECTED,6ED5FB6D-0648-478E-997B-487EF41B3E2D,PEDESTRIAN,Cross/Enter at Intersection,NO IMPROPER ACTIONS,ON ROADWAY AT CROSSWALK,NO PED. SIGNAL,DARK CLOTHING,No,SUSPECTED MINOR INJURY,NONE,39.02023667,-77.21232,"(39.02023667, -77.21232)"
DD56280044,210014844,Rockville Police Departme,Injury Crash,04/21/2021 12:02:00 PM,,,,,DRIVEWAY OF 761 HUNGERFORD DR.,,BICYCLIST,STRAIGHT MOVEMENT ANGLE,CLOUDY,,DAYLIGHT,NO CONTROLS,NONE DETECTED,NONE DETECTED,A88E3760-6C8E-4D82-BE53-272E255BB304,BICYCLIST,Walking/Cycling on Sidewalk,NO IMPROPER ACTIONS,SIDEWALK,NO PED. SIGNAL,REFLECTIVE MATERIAL,No,SUSPECTED MINOR INJURY,NONE,39.09351715,-77.15323946,"(39.09351715, -77.15323946)"
MCP3124003Z,210014266,Montgomery County Police,Injury Crash,04/16/2021 05:48:00 PM,Maryland (State),GEORGIA AVE,County,RANDOLPH RD,,N/A,BICYCLIST,OTHER,CLOUDY,DRY,DAYLIGHT,TRAFFIC SIGNAL,NONE DETECTED,NONE DETECTED,9E9411C9-8C7D-49ED-A95A-A0F8DFEEE38E,BICYCLIST,Cross/Enter at Intersection,NO IMPROPER ACTIONS,AT INTERSECTION MARKED CROSSWALK,OBEYED PED. SIGNAL,N/A,No,POSSIBLE INJURY,N/A,39.05784,-77.04976833,"(39.05784, -77.04976833)"
MCP263900BY,210014685,Montgomery County Police,Injury Crash,04/20/2021 09:57:00 AM,,,,,PARKING LOT OF 2201 RANDOLPH RD,,PEDESTRIAN,OTHER,CLEAR,,DAYLIGHT,NO CONTROLS,NONE DETECTED,NONE DETECTED,3931ECCD-BE70-412E-BDAB-CECDFE3D72C1,PEDESTRIAN,Other,NO IMPROPER ACTIONS,OTHER,NO PED. SIGNAL,DARK CLOTHING,No,POSSIBLE INJURY,NONE,39.05984667,-77.047215,"(39.05984667, -77.047215)"
MCP3198002T,210013549,Montgomery County Police,Injury Crash,04/11/2021 08:05:00 PM,Maryland (State),GEORGIA AVE,Unknown,JONES LA,,N/A,PEDESTRIAN,OTHER,CLEAR,DRY,DARK LIGHTS ON,N/A,NONE DETECTED,ALCOHOL PRESENT,0DA3D146-A511-4D14-BFD5-172A52CA3214,PEDESTRIAN,Cross/Enter not at Intersection,DART DASH,ON ROADWAY NOT AT CROSSWALK,N/A,MIXED CLOTHING,Yes,SUSPECTED MINOR INJURY,N/A,39.05393575,-77.05056254,"(39.05393575, -77.05056254)"
MCP3029003J,210038114,Montgomery County Police,Injury Crash,09/26/2021 05:10:00 PM,County,BRIGGS CHANEY RD,County,NEES LA,,N/A,BICYCLIST,SINGLE VEHICLE,CLEAR,DRY,DAYLIGHT,STOP SIGN,NONE DETECTED,NONE DETECTED,8463C453-1C86-4B63-92B4-E0036B2F59D8,BICYCLIST,Cross/Enter at Intersection,NO IMPROPER ACTIONS,SHOULDER,NO PED. SIGNAL,N/A,No,SUSPECTED MINOR INJURY,UNKNOWN,39.087185,-76.96059167,"(39.087185, -76.96059167)"
MCP15630070,210038220,Montgomery County Police,Injury Crash,09/27/2021 11:23:00 AM,,,,,PARKING LOT OF 2450 LYTTONSVILLE RD,,PEDESTRIAN,SINGLE VEHICLE,CLEAR,,DAYLIGHT,NO CONTROLS,NONE DETECTED,NONE DETECTED,96EFA1D0-56A3-4B11-87AC-5745CD7913BF,PEDESTRIAN,Other,NO IMPROPER ACTIONS,OTHER,N/A,MIXED CLOTHING,No,POSSIBLE INJURY,N/A,38.9987267,-77.05132741,"(38.9987267, -77.05132741)"
MCP31300040,210037566,Montgomery County Police,Injury Crash,09/23/2021 07:10:00 AM,Maryland (State),CONNECTICUT AVE,County,ASPEN HILL RD,,N/A,PEDESTRIAN,SINGLE VEHICLE,RAINING,WET,DAWN,TRAFFIC SIGNAL,NONE DETECTED,N/A,51872215-A92B-46BF-9B4E-C133D4ABBF50,PEDESTRIAN,Cross/Enter at Intersection,FAILURE TO OBEY TRAFFIC SIGNS SIGNALS OR OFFICER,ON ROADWAY AT CROSSWALK,DISOBEYED PED. SIGNAL,UNKNOWN,Yes,SUSPECTED MINOR INJURY,N/A,39.08033167,-77.08037,"(39.08033167, -77.08037)"
MCP32680015,210038606,Montgomery County Police,Injury Crash,09/29/2021 01:49:00 PM,,,,,"PARKING LOT OF ""FRYER'S ROADSIDE"" LOCATED @ 12830 NEW HAMPSHIRE AVE MD 20904",,OTHER,OTHER,CLEAR,,DAYLIGHT,NO CONTROLS,N/A,N/A,392F93F9-3121-4AB5-B3F7-4CBF384A66D4,OTHER,Standing,N/A,OTHER,N/A,LIGHT CLOTHING,No,SUSPECTED MINOR INJURY,N/A,39.06593667,-77.00082283,"(39.06593667, -77.00082283)"
MCP28660077,210037086,Montgomery County Police,Injury Crash,09/20/2021 12:05:00 PM,,,,,"SECOND LEVEL PARKING GARAGE 7725 WISCONSIN AVE, BETHESDA, MD, 20814",,PEDESTRIAN,SINGLE VEHICLE,CLEAR,,DAYLIGHT,NO CONTROLS,NONE DETECTED,NONE DETECTED,E443788E-4F22-4740-8F5C-5E3AC43C0F16,PEDESTRIAN,Other Working,OTHER,OTHER,N/A,DARK CLOTHING,No,SUSPECTED SERIOUS INJURY,NONE,38.98820397,-77.09430048,"(38.98820397, -77.09430048)"
MCP27830043,210020523,Montgomery County Police,Injury Crash,05/30/2021 08:00:00 PM,County,LIVINGSTON ST,County,LINDELL ST,,N/A,PEDESTRIAN,SAME DIRECTION SIDESWIPE,CLEAR,DRY,DAYLIGHT,NO CONTROLS,N/A,N/A,39A2FC92-DA57-4654-9BD1-0D514DACC520,PEDESTRIAN,Standing,N/A,N/A,N/A,MIXED CLOTHING,No,POSSIBLE INJURY,NONE,39.05622096,-77.05809768,"(39.05622096, -77.05809768)"
MCP3115004K,20000253,Montgomery County Police,Injury Crash,01/02/2021 06:32:00 PM,,,,,PARKING LOT OF 10504 CONNECTICUT AVENUE,,PEDESTRIAN,OTHER,CLEAR,,N/A,N/A,N/A,N/A,57F316EF-91CB-4D7F-97D8-171E27B79105,PEDESTRIAN,Walking/Cycling on Sidewalk,NO IMPROPER ACTIONS,SIDEWALK,N/A,MIXED CLOTHING,No,POSSIBLE INJURY,N/A,39.02820578,-77.07649608,"(39.02820578, -77.07649608)"
MCP3125002L,210001108,Montgomery County Police,Injury Crash,01/09/2021 03:20:00 PM,County,MARY CASSATT DR,County,SEVEN LOCKS RD,,N/A,PEDESTRIAN,SINGLE VEHICLE,CLEAR,DRY,DAYLIGHT,NO CONTROLS,NONE DETECTED,NONE DETECTED,66B67C25-C4F1-4E40-B9A9-C166F3D62AB7,PEDESTRIAN,Cross/Enter at Intersection,NO IMPROPER ACTIONS,AT INTERSECTION BUT NO CROSSWALK,N/A,DARK CLOTHING,No,SUSPECTED MINOR INJURY,NONE,39.04669833,-77.16098167,"(39.04669833, -77.16098167)"
MCP91130070,210001100,Montgomery County Police,Property Damage Crash,01/09/2021 01:56:00 PM,County,ATHERTON DR,County,GREENLY ST,,N/A,OTHER,STRAIGHT MOVEMENT ANGLE,CLEAR,DRY,DAYLIGHT,STOP SIGN,NONE DETECTED,NONE DETECTED,521BF898-D328-47A7-8EAA-F0F3CBA8AD4E,OTHER,Other,OTHER,OTHER,N/A,N/A,No,NO APPARENT INJURY,NONE,39.06148,-77.07553167,"(39.06148, -77.07553167)"
DD5633004V,210001084,Rockville Police Departme,Injury Crash,01/09/2021 01:00:00 PM,Municipality,BROADWOOD DR,Maryland (State),VEIRS MILL RD,,N/A,PEDESTRIAN,OTHER,CLEAR,DRY,DAYLIGHT,TRAFFIC SIGNAL,NONE DETECTED,NONE DETECTED,8E471E0F-353B-4DFF-8770-490355BD921F,PEDESTRIAN,Cross/Enter at Intersection,NO IMPROPER ACTIONS,ON ROADWAY AT CROSSWALK,OBEYED PED. SIGNAL,MIXED CLOTHING,No,POSSIBLE INJURY,NONE,39.07720979,-77.12379602,"(39.07720979, -77.12379602)"
DD5604003S,210001474,Rockville Police Departme,Injury Crash,01/12/2021 01:57:00 PM,Municipality,E JEFFERSON ST,Municipality,CONGRESSIONAL LA,,ROCKVILLE,PEDESTRIAN,OTHER,CLEAR,DRY,DAYLIGHT,STOP SIGN,NONE DETECTED,NONE DETECTED,EDE7021D-95D9-4371-A242-2F2CF6C0F6AC,PEDESTRIAN,Cross/Enter at Intersection,NO IMPROPER ACTIONS,AT INTERSECTION MARKED CROSSWALK,NO PED. SIGNAL,DARK CLOTHING,No,SUSPECTED MINOR INJURY,NONE,39.06208217,-77.12915567,"(39.06208217, -77.12915567)"
MCP31540027,210022474,Montgomery County Police,Injury Crash,06/12/2021 02:48:00 PM,Maryland (State),GERMANTOWN RD,County,CROWNSGATE WAY,,N/A,BICYCLIST,SINGLE VEHICLE,CLEAR,DRY,DAYLIGHT,NO CONTROLS,NONE DETECTED,NONE DETECTED,AB06485C-8627-4B88-A8E9-61259B3D5C53,BICYCLIST,Walking/Riding w/Traffic,NO IMPROPER ACTIONS,SHOULDER,N/A,MIXED CLOTHING,No,SUSPECTED SERIOUS INJURY,MC/BIKE HELMET,39.15750667,-77.28540833,"(39.15750667, -77.28540833)"
MCP3209002H,210009226,Montgomery County Police,Injury Crash,03/11/2021 07:57:00 PM,Maryland (State),GEORGIA AVE,County,DAYTON ST,,N/A,PEDESTRIAN,OTHER,CLEAR,DRY,DARK NO LIGHTS,NO CONTROLS,NONE DETECTED,NONE DETECTED,AB9FD99C-714C-4CB1-AC0E-46071A257F3C,PEDESTRIAN,Walking/Cycling on Sidewalk,NO IMPROPER ACTIONS,SIDEWALK,N/A,MIXED CLOTHING,No,SUSPECTED MINOR INJURY,NONE,39.02838333,-77.046875,"(39.02838333, -77.046875)"
MCP3079003J,210014260,Montgomery County Police,Injury Crash,04/16/2021 05:08:00 PM,,,,,IN PARKING LOT OF 19700 BLK CRYSTAL ROCK DR,,PEDESTRIAN,OTHER,CLEAR,,DAYLIGHT,NO CONTROLS,NONE DETECTED,N/A,B42F4A6D-4D08-4390-A091-8EA96A08F96C,PEDESTRIAN,Getting off/on Vehicle,NO IMPROPER ACTIONS,OTHER,N/A,UNKNOWN,No,SUSPECTED MINOR INJURY,NONE,39.17947398,-77.25986635,"(39.17947398, -77.25986635)"
MCP137800WW,210009336,Montgomery County Police,Injury Crash,03/12/2021 03:33:00 PM,,,,,PARKING LOT OF 8097 SNOUFFER SCHOOL RD,,OTHER,SINGLE VEHICLE,CLEAR,,DAYLIGHT,N/A,NONE DETECTED,NONE DETECTED,5C4B6491-454C-45F9-A7D9-60F8FE0E2DEE,OTHER,Other,NO IMPROPER ACTIONS,OTHER,N/A,N/A,No,SUSPECTED MINOR INJURY,N/A,39.16229092,-77.16519664,"(39.16229092, -77.16519664)"
MCP31650032,210037948,Montgomery County Police,Injury Crash,09/25/2021 11:20:00 AM,County,GREENCASTLE RD,County,OLD COLUMBIA PIKE,,N/A,PEDESTRIAN,SINGLE VEHICLE,CLEAR,DRY,DAYLIGHT,N/A,NONE DETECTED,NONE DETECTED,2186FD23-E5A8-4679-999B-9016B262655A,PEDESTRIAN,Cross/Enter not at Intersection,INATTENTIVE,ON ROADWAY NOT AT CROSSWALK,NO PED. SIGNAL,LIGHT CLOTHING,No,POSSIBLE INJURY,NONE,39.09803833,-76.94348833,"(39.09803833, -76.94348833)"
MCP3030004D,210038005,Montgomery County Police,Injury Crash,09/25/2021 07:24:00 PM,County,MACARTHUR BLVD,County,SANGAMORE RD,,N/A,PEDESTRIAN,SINGLE VEHICLE,CLEAR,DRY,DARK LIGHTS ON,TRAFFIC SIGNAL,N/A,N/A,688E91C7-FAC8-449F-8522-4EA824F73BD0,PEDESTRIAN,Other,NO IMPROPER ACTIONS,ON ROADWAY NOT AT CROSSWALK,N/A,DARK CLOTHING,No,POSSIBLE INJURY,NONE,38.9442785,-77.11691967,"(38.9442785, -77.11691967)"
MCP3125002S,210015321,Montgomery County Police,Injury Crash,04/24/2021 05:30:00 PM,Ramp,RAMP 5 FR IS 270 SB TO SHADY GROVE RD,County,SHADY GROVE RD,,N/A,OTHER CONVEYANCE,SINGLE VEHICLE,CLEAR,DRY,DAYLIGHT,NO CONTROLS,NONE DETECTED,NONE DETECTED,2BCEB3F7-0B7E-4454-8A52-3C4C87364F8D,OTHER CONVEYANCE,Cross/Enter at Intersection,NO IMPROPER ACTIONS,ON ROADWAY AT CROSSWALK,OBEYED PED. SIGNAL,MIXED CLOTHING,No,SUSPECTED MINOR INJURY,NONE,39.10945167,-77.188435,"(39.10945167, -77.188435)"
MCP2686004V,210015714,Montgomery County Police,Injury Crash,04/27/2021 05:30:00 PM,,,,,"PARKING LOT OF DSW WAREHOUSE, 12922 MIDDLEBROOK RD, GERMANTOWN MD 20874",,OTHER CONVEYANCE,SINGLE VEHICLE,CLEAR,,DAYLIGHT,N/A,N/A,NONE DETECTED,FAA3AF3C-11C0-4CE0-994A-EB164B7CA86C,OTHER CONVEYANCE,Unknown,UNKNOWN,OTHER,N/A,MIXED CLOTHING,Unknown,SUSPECTED MINOR INJURY,NONE,39.18009466,-77.27085497,"(39.18009466, -77.27085497)"
MCP28640044,210030426,Montgomery County Police,Injury Crash,08/05/2021 04:06:00 PM,County,E GUDE DR,County,CECIL ST,,N/A,BICYCLIST,STRAIGHT MOVEMENT ANGLE,CLEAR,DRY,DAYLIGHT,TRAFFIC SIGNAL,NONE DETECTED,NONE DETECTED,3C05C192-C3A5-466C-9C74-A1037CFE87A8,BICYCLIST,Cross/Enter at Intersection,FAILURE TO YIELD RIGHT OF WAY,AT INTERSECTION MARKED CROSSWALK,UNKNOWN,MIXED CLOTHING,Yes,POSSIBLE INJURY,MC/BIKE HELMET,39.10629333,-77.15243167,"(39.10629333, -77.15243167)"
MCP2516003C,210009574,Montgomery County Police,Injury Crash,03/14/2021 02:12:00 PM,Maryland (State),GREAT SENECA HWY,County,QUEENSTOWN LA,,N/A,PEDESTRIAN,N/A,CLEAR,DRY,DAYLIGHT,TRAFFIC SIGNAL,N/A,N/A,E1B761BD-7151-4165-9CE7-08D3E08BCAD8,PEDESTRIAN,Cross/Enter at Intersection,NO IMPROPER ACTIONS,AT INTERSECTION MARKED CROSSWALK,OBEYED PED. SIGNAL,MIXED CLOTHING,No,POSSIBLE INJURY,N/A,39.15341511,-77.27825728,"(39.15341511, -77.27825728)"
MCP3195001Y,21000093,Montgomery County Police,Injury Crash,03/03/2021 08:16:00 PM,County,PLUM ORCHARD DR,County,CHERRY HILL RD,,N/A,PEDESTRIAN,STRAIGHT MOVEMENT ANGLE,N/A,DRY,DARK LIGHTS ON,TRAFFIC SIGNAL,NONE DETECTED,NONE DETECTED,7AAF61D1-E83C-4A16-9525-5E214AE01EBB,PEDESTRIAN,Cross/Enter at Intersection,NO IMPROPER ACTIONS,ON ROADWAY AT CROSSWALK,OBEYED PED. SIGNAL,DARK CLOTHING,No,POSSIBLE INJURY,NONE,39.0525918,-76.95317796,"(39.0525918, -76.95317796)"
MCP30800030,210009350,Montgomery County Police,Injury Crash,03/12/2021 05:22:00 PM,Maryland (State),GREAT SENECA HWY,County,CLOPPERS MILL DR,,N/A,BICYCLIST,N/A,CLEAR,DRY,DAYLIGHT,TRAFFIC SIGNAL,NONE DETECTED,NONE DETECTED,837760C3-1FB2-4BDA-96E3-5842F5FD8385,BICYCLIST,Cross/Enter at Intersection,NO IMPROPER ACTIONS,ON ROADWAY AT CROSSWALK,OBEYED PED. SIGNAL,LIGHT CLOTHING,No,SUSPECTED MINOR INJURY,MC/BIKE HELMET,39.1486525,-77.27636176,"(39.1486525, -77.27636176)"
MCP2723005J,210015343,Montgomery County Police,Injury Crash,04/24/2021 08:15:00 PM,County,PARKLAND DR,County,INDEPENDENCE ST,,N/A,PEDESTRIAN,SINGLE VEHICLE,RAINING,WET,DARK LIGHTS ON,STOP SIGN,NONE DETECTED,NONE DETECTED,E8600EFC-1FF0-4B58-879D-DDE45CB3B327,PEDESTRIAN,Cross/Enter at Intersection,UNKNOWN,AT INTERSECTION MARKED CROSSWALK,NO PED. SIGNAL,MIXED CLOTHING,No,POSSIBLE INJURY,NONE,39.07246333,-77.08724333,"(39.07246333, -77.08724333)"
EJ7889000N,210015206,Gaithersburg Police Depar,Injury Crash,04/23/2021 09:50:00 PM,County,SHADY GROVE RD,Ramp,RAMP 2 FR SHADY GROVE RD WB TO IS 270 NB,,N/A,PEDESTRIAN,OTHER,CLEAR,N/A,OTHER,NO CONTROLS,NONE DETECTED,ALCOHOL PRESENT,010F580A-5947-4BEC-9D0A-D51115B0E05C,PEDESTRIAN,Cross/Enter not at Intersection,IN ROADWAY IMPROPERLY,ON ROADWAY NOT AT CROSSWALK,NO PED. SIGNAL,DARK CLOTHING,Yes,SUSPECTED SERIOUS INJURY,NONE,39.11422997,-77.18608143,"(39.11422997, -77.18608143)"
MCP3190002B,210015371,Montgomery County Police,Injury Crash,04/25/2021 04:19:00 AM,Maryland (State),CONNECTICUT AVE,County,GREENLY ST,,N/A,PEDESTRIAN,OTHER,RAINING,WET,DARK LIGHTS ON,NO CONTROLS,NONE DETECTED,ALCOHOL PRESENT,F4E5BDE1-C503-4225-A0DF-3A1F467664CD,PEDESTRIAN,Cross/Enter at Intersection,IN ROADWAY IMPROPERLY,ON ROADWAY NOT AT CROSSWALK,NO PED. SIGNAL,DARK CLOTHING,Yes,SUSPECTED MINOR INJURY,NONE,39.06115167,-77.07308,"(39.06115167, -77.07308)"
MCP3268000X,210022095,Montgomery County Police,Injury Crash,06/10/2021 10:17:00 AM,Maryland (State),NEW HAMPSHIRE AVE,County,LOCKWOOD DR,,N/A,OTHER,STRAIGHT MOVEMENT ANGLE,N/A,DRY,DAYLIGHT,N/A,N/A,NONE DETECTED,03CE9803-DCB5-4F31-9806-A1E5951CFCA1,OTHER,Cross/Enter at Intersection,FAILURE TO OBEY TRAFFIC SIGNS SIGNALS OR OFFICER,MEDIAN,DISOBEYED PED. SIGNAL,N/A,Yes,SUSPECTED SERIOUS INJURY,N/A,39.03978967,-76.99066067,"(39.03978967, -76.99066067)"
EJ7851006H,210023045,Gaithersburg Police Depar,Injury Crash,06/16/2021 04:40:00 PM,Maryland (State),S FREDERICK RD,Unknown,SPUR TO MD 117A,,N/A,BICYCLIST,SAME DIRECTION SIDESWIPE,CLEAR,DRY,DAYLIGHT,NO CONTROLS,NONE DETECTED,NONE DETECTED,EBCB32B6-FDAD-41DE-B4E8-B719415E1E72,BICYCLIST,Cross/Enter at Intersection,INATTENTIVE,ON ROADWAY AT CROSSWALK,NO PED. SIGNAL,LIGHT CLOTHING,Yes,POSSIBLE INJURY,NONE,39.14045253,-77.19793358,"(39.14045253, -77.19793358)"
MCP32870016,210022932,Montgomery County Police,Injury Crash,06/15/2021 08:58:00 PM,,,,,PARKING LOT OF 12029 GEORGIA AVE,,PEDESTRIAN,SINGLE VEHICLE,CLEAR,,DARK LIGHTS ON,N/A,N/A,N/A,D652DBDD-1B5E-4734-BFF4-8E9E84CD7B5D,PEDESTRIAN,Other,NOT VISIBLE,MEDIAN,N/A,MIXED CLOTHING,Yes,SUSPECTED MINOR INJURY,N/A,39.05546558,-77.04942146,"(39.05546558, -77.04942146)"
MCP2861004Y,210030265,Montgomery County Police,Injury Crash,08/04/2021 03:17:00 PM,,,,,SIDEWALK BY 4710 BETHESDA AVE,,BICYCLIST,OTHER,CLEAR,,DAYLIGHT,OTHER,NONE DETECTED,NONE DETECTED,DC2DD3C2-3BDD-4E79-9E72-E91F26A4F1A8,BICYCLIST,Walking/Riding against Traffic,INATTENTIVE,SIDEWALK,NO PED. SIGNAL,DARK CLOTHING,Unknown,SUSPECTED MINOR INJURY,NONE,38.981225,-77.094355,"(38.981225, -77.094355)"
DD5635003M,210016780,Rockville Police Departme,Injury Crash,05/04/2021 06:02:00 PM,Maryland (State),FREDERICK RD,Municipality,KING FARM BLVD,,ROCKVILLE,PEDESTRIAN,OTHER,RAINING,WET,DAYLIGHT,TRAFFIC SIGNAL,NONE DETECTED,NONE DETECTED,0B58A4EF-0DE4-4055-9EF0-E117667AFBB8,PEDESTRIAN,Cross/Enter at Intersection,NO IMPROPER ACTIONS,ON ROADWAY AT CROSSWALK,OBEYED PED. SIGNAL,MIXED CLOTHING,No,SUSPECTED MINOR INJURY,NONE,39.11712167,-77.1688005,"(39.11712167, -77.1688005)"
DD5637002D,210016410,Rockville Police Departme,Injury Crash,05/02/2021 05:30:00 PM,Other Public Roadway,GRAND CHAMPION DR,Municipality,REDLAND BLVD,,ROCKVILLE,BICYCLIST,OTHER,CLEAR,DRY,DAYLIGHT,NO CONTROLS,NONE DETECTED,NONE DETECTED,B2DF4689-3C61-4FB4-9BFF-379B62EC72EB,BICYCLIST,Cross/Enter at Intersection,DART DASH,ON ROADWAY NOT AT CROSSWALK,N/A,DARK CLOTHING,Yes,POSSIBLE INJURY,NONE,39.09343992,-77.14330512,"(39.09343992, -77.14330512)"
MCP28660071,210022763,Montgomery County Police,Injury Crash,06/14/2021 06:15:00 PM,,,,,"BETHESDA METRO CENTER BUS LOOP, 3 BETHESDA METRO CENTER, BETHESDA, MD, 20814",,PEDESTRIAN,SINGLE VEHICLE,CLEAR,,DAYLIGHT,NO CONTROLS,NONE DETECTED,NONE DETECTED,6BE6567C-7F32-45B8-944B-F1748AD443D4,PEDESTRIAN,Getting off/on Vehicle,NO IMPROPER ACTIONS,CURB,N/A,DARK CLOTHING,No,SUSPECTED MINOR INJURY,NONE,38.98458873,-77.09433653,"(38.98458873, -77.09433653)"
MCP3005005R,210023152,Montgomery County Police,Injury Crash,06/17/2021 11:18:00 AM,Maryland (State),VEIRS MILL RD,County,ENNALLS AVE,,N/A,OTHER,SINGLE VEHICLE,CLEAR,DRY,DAYLIGHT,NO CONTROLS,NONE DETECTED,NONE DETECTED,CCDC043E-939B-48BF-BE69-4C3E39BB66E9,OTHER,Cross/Enter at Intersection,DART DASH,ON ROADWAY NOT AT CROSSWALK,NO PED. SIGNAL,MIXED CLOTHING,Yes,POSSIBLE INJURY,NONE,39.03906333,-77.05424833,"(39.03906333, -77.05424833)"
MCP28770090,210022660,Montgomery County Police,Injury Crash,06/14/2021 08:23:00 AM,County,WILLARD AVE,County,FRIENDSHIP BLVD,,N/A,PEDESTRIAN,OTHER,CLEAR,DRY,DAYLIGHT,TRAFFIC SIGNAL,NONE DETECTED,NONE DETECTED,FD4BB509-886F-48E5-A1C0-5BFBF0A7917A,PEDESTRIAN,Cross/Enter at Intersection,NO IMPROPER ACTIONS,AT INTERSECTION MARKED CROSSWALK,OBEYED PED. SIGNAL,MIXED CLOTHING,No,SUSPECTED MINOR INJURY,NONE,38.96214079,-77.08894879,"(38.96214079, -77.08894879)"