Report Number,Local Case Number,Agency Name,ACRS Report Type,Crash Date/Time,Route Type,Road Name,Cross-Street Type,Cross-Street Name,Off-Road Description,Municipality,Related Non-Motorist,Collision Type,Weather,Surface Condition,Light,Traffic Control,Driver Substance Abuse,Non-Motorist Substance Abuse,Person ID,Pedestrian Type,Pedestrian Movement,Pedestrian Actions,Pedestrian Location,Pedestrian Obeyed Traffic Signal,Pedestrian Visibility,At Fault,Injury Severity,Safety Equipment,Latitude,Longitude,Location
EJ7873003Y,210021964,Gaithersburg Police Depar,Property Damage Crash,06/09/2021 02:15:00 PM,Municipality,FEATHERSTONE ST,Municipality,BRIGHT MEADOW DR,,GAITHERSBURG,BICYCLIST,OTHER,CLEAR,DRY,DAYLIGHT,YIELD SIGN,UNKNOWN,NONE DETECTED,EC126DDF-47F4-4111-A3E8-07A1D392E8AB,BICYCLIST,Walking/Riding w/Traffic,NO IMPROPER ACTIONS,ON ROADWAY NOT AT CROSSWALK,NO PED. SIGNAL,LIGHT CLOTHING,No,NO APPARENT INJURY,MC/BIKE HELMET,39.11583933,-77.22935888,"(39.11583933, -77.22935888)"
MCP1202004T,210010512,Montgomery County Police,Injury Crash,03/20/2021 03:02:00 PM,County,MADAWASKA RD,County,SANGAMORE RD,,N/A,PEDESTRIAN,OTHER,CLEAR,DRY,DAYLIGHT,STOP SIGN,NONE DETECTED,NONE DETECTED,4D32C7B2-F2E0-427C-811C-0C8DE24A62CA,PEDESTRIAN,Cross/Enter at Intersection,NO IMPROPER ACTIONS,ON ROADWAY AT CROSSWALK,NO PED. SIGNAL,MIXED CLOTHING,No,SUSPECTED MINOR INJURY,NONE,38.9582,-77.122,"(38.9582, -77.122)"
MCP2001001F,200042837,Montgomery County Police,Fatal Crash,10/30/2020 02:32:00 PM,Maryland (State),GERMANTOWN RD,County,MIDDLEBROOK RD,,N/A,PEDESTRIAN,SINGLE VEHICLE,CLEAR,DRY,DAYLIGHT,TRAFFIC SIGNAL,NONE DETECTED,NONE DETECTED,A141ABBA-69DE-4D04-B787-B8F48DCF726F,PEDESTRIAN,Cross/Enter at Intersection,FAILURE TO YIELD RIGHT OF WAY,ON ROADWAY AT CROSSWALK,DISOBEYED PED. SIGNAL,DARK CLOTHING,Yes,FATAL INJURY,NONE,39.17893647,-77.26728732,"(39.17893647, -77.26728732)"
MCP2456005D,210010499,Montgomery County Police,Injury Crash,03/20/2021 12:30:00 PM,Maryland (State),NEW HAMPSHIRE AVE,Ramp,RAMP 2 FR IS 495 WB TO MD 650 NB,,N/A,PEDESTRIAN,STRAIGHT MOVEMENT ANGLE,CLEAR,DRY,DAYLIGHT,TRAFFIC SIGNAL,UNKNOWN,NONE DETECTED,7BE80BB6-82BA-4929-AC56-81F5DB56844E,PEDESTRIAN,Cross/Enter at Intersection,UNKNOWN,ON ROADWAY AT CROSSWALK,UNKNOWN,MIXED CLOTHING,Unknown,POSSIBLE INJURY,N/A,39.02089833,-76.97657,"(39.02089833, -76.97657)"
MCP2492001M,210015917,Montgomery County Police,Fatal Crash,04/28/2021 11:02:00 PM,Maryland (State),GEORGIA AVE,County,RIPPLING BROOK DR,,N/A,PEDESTRIAN,OTHER,CLEAR,DRY,DARK LIGHTS ON,NO CONTROLS,NONE DETECTED,MEDICATION PRESENT,4A8EF8F3-B579-4AC5-942B-4471F0C71574,PEDESTRIAN,Cross/Enter not at Intersection,NO IMPROPER ACTIONS,ON ROADWAY NOT AT CROSSWALK,NO PED. SIGNAL,LIGHT CLOTHING,No,FATAL INJURY,NONE,39.07258,-77.06476,"(39.07258, -77.06476)"
MCP31360044,210009735,Montgomery County Police,Injury Crash,03/12/2021 07:30:00 PM,,,,,ENTRANCE TO SHOPPING CENTER,,PEDESTRIAN,OTHER,N/A,,N/A,N/A,N/A,N/A,EE7E0B01-B8A6-4978-B25E-EBED3F3E4487,PEDESTRIAN,Walking/Cycling on Sidewalk,UNKNOWN,DRIVEWAY ACCESS MARKED CROSSWALK,N/A,UNKNOWN,No,POSSIBLE INJURY,N/A,38.99842547,-77.00105105,"(38.99842547, -77.00105105)"
MCP31130033,210010543,Montgomery County Police,Injury Crash,03/20/2021 06:57:00 PM,Maryland (State),SPENCERVILLE RD,County,LIONS DEN RD,,N/A,PEDESTRIAN,OTHER,CLEAR,DRY,DUSK,NO CONTROLS,N/A,N/A,1344D1D3-3DBF-436A-8E9F-BA111068B321,PEDESTRIAN,Cross/Enter not at Intersection,DART DASH,ON ROADWAY NOT AT CROSSWALK,NO PED. SIGNAL,MIXED CLOTHING,Yes,SUSPECTED SERIOUS INJURY,NONE,39.06699135,-76.96432988,"(39.06699135, -76.96432988)"
MCP26500010,210015754,Montgomery County Police,Injury Crash,04/27/2021 09:49:00 PM,,,,,DRIVEWAY OF6912 BRADLEY BLVD,,PEDESTRIAN,OTHER,CLEAR,,DARK LIGHTS ON,N/A,N/A,ALCOHOL PRESENT,7BCD6B50-CF78-449E-A7C1-FEBBA0C77549,PEDESTRIAN,Standing,NO IMPROPER ACTIONS,OTHER,N/A,LIGHT CLOTHING,No,SUSPECTED MINOR INJURY,N/A,39.00566333,-77.14188333,"(39.00566333, -77.14188333)"
MCP1519003B,210016388,Montgomery County Police,Injury Crash,05/02/2021 01:20:00 PM,Maryland (State),GERMANTOWN RD,Unknown,BEGIN BRIDGE,,N/A,BICYCLIST,HEAD ON,CLEAR,DRY,DAYLIGHT,NO CONTROLS,ALCOHOL PRESENT,NONE DETECTED,DDE8A20A-A765-4201-9B68-A2D0ED4E4D7B,BICYCLIST,Walking/Riding w/Traffic,NO IMPROPER ACTIONS,SHOULDER,N/A,MIXED CLOTHING,No,SUSPECTED MINOR INJURY,MC/BIKE HELMET,39.126543,-77.296455,"(39.126543, -77.296455)"
MCP913000BN,210016114,Montgomery County Police,Injury Crash,04/30/2021 01:25:00 PM,County,MANCHESTER RD,County,E WAYNE AVE,,N/A,PEDESTRIAN,SINGLE VEHICLE,CLEAR,DRY,DAYLIGHT,NO CONTROLS,NONE DETECTED,NONE DETECTED,1102BDA3-3452-403B-B86C-FD47F24DE22A,PEDESTRIAN,Cross/Enter at Intersection,NO IMPROPER ACTIONS,ON ROADWAY AT CROSSWALK,NO PED. SIGNAL,MIXED CLOTHING,No,POSSIBLE INJURY,NONE,38.999742,-77.009792,"(38.999742, -77.009792)"
MCP3306000C,210030830,Montgomery County Police,Injury Crash,08/08/2021 04:39:00 PM,,,,,"PARKING LOT OF CHEESECAKE FACTORY LOCATED AT 7101 DEMOCRACY BLVD BETHESDA, MD 20817",,PEDESTRIAN,OTHER,CLEAR,,DAYLIGHT,NO CONTROLS,NONE DETECTED,NONE DETECTED,EEA80CFA-25DE-49BC-B10D-59414F91F08D,PEDESTRIAN,Other,NO IMPROPER ACTIONS,N/A,N/A,LIGHT CLOTHING,No,POSSIBLE INJURY,N/A,39.0259264,-77.146167,"(39.0259264, -77.146167)"
MCP2667007F,210030064,Montgomery County Police,Injury Crash,08/03/2021 09:03:00 AM,,,,,METRO ACCESS PARKING LOT AT 8210 BEECHCRAFT AVE,,PEDESTRIAN,SINGLE VEHICLE,CLEAR,,DAYLIGHT,NO CONTROLS,UNKNOWN,NONE DETECTED,AD72FEBC-02DB-4667-B3AC-6C50F101E653,PEDESTRIAN,Standing,NO IMPROPER ACTIONS,OTHER,N/A,REFLECTIVE MATERIAL,No,SUSPECTED MINOR INJURY,REFLECTIVE CLOTHING,39.1660161,-77.168074,"(39.1660161, -77.168074)"
MCP33040008,210030742,Montgomery County Police,Injury Crash,08/07/2021 08:56:00 PM,Maryland (State),EAST WEST HWY (W/B COUPLET),County,WAVERLY ST,,N/A,PEDESTRIAN,SAME DIRECTION LEFT TURN,CLEAR,DRY,DARK LIGHTS ON,TRAFFIC SIGNAL,NONE DETECTED,NONE DETECTED,56999657-6F99-4CA1-92EF-0AA7C0246EC4,PEDESTRIAN,Walking/Riding w/Traffic,NO IMPROPER ACTIONS,AT INTERSECTION MARKED CROSSWALK,OBEYED PED. SIGNAL,MIXED CLOTHING,No,SUSPECTED MINOR INJURY,N/A,38.98481033,-77.0923015,"(38.98481033, -77.0923015)"
MCP2991005L,210029237,Montgomery County Police,Injury Crash,07/28/2021 11:51:00 AM,County,QUEEN ELIZABETH DR,County,HERITAGE HILLS DR,,N/A,BICYCLIST,STRAIGHT MOVEMENT ANGLE,CLEAR,DRY,DAYLIGHT,STOP SIGN,NONE DETECTED,NONE DETECTED,D0F9D303-6402-4F15-8692-282A4D54CE12,BICYCLIST,Cross/Enter at Intersection,UNKNOWN,ON ROADWAY NOT AT CROSSWALK,UNKNOWN,LIGHT CLOTHING,Unknown,POSSIBLE INJURY,MC/BIKE HELMET,39.16176683,-77.0710375,"(39.16176683, -77.0710375)"
MCP3181001Z,210031154,Montgomery County Police,Injury Crash,08/10/2021 10:41:00 PM,Maryland (State),LAYHILL RD,County,POST LA,,N/A,PEDESTRIAN,SAME DIR REAR END,FOGGY,WET,DARK LIGHTS ON,NO CONTROLS,N/A,N/A,C100F63A-4E99-436B-89CC-BCE182A0F79C,PEDESTRIAN,Standing,IN ROADWAY IMPROPERLY,ON ROADWAY NOT AT CROSSWALK,NO PED. SIGNAL,DARK CLOTHING,Unknown,SUSPECTED MINOR INJURY,NONE,39.08248401,-77.04664901,"(39.08248401, -77.04664901)"
MCP32380015,210017240,Montgomery County Police,Injury Crash,05/08/2021 02:24:00 AM,,,,,PARKING LOT NEAR 8100 FENTON STREET; SILVER SPRING AVENUE @ FENTON STREET,,PEDESTRIAN,OTHER,CLEAR,,DARK LIGHTS ON,NO CONTROLS,ALCOHOL PRESENT,NONE DETECTED,6DF898C0-3FDE-4597-BE76-D2BA0B8AF4EC,PEDESTRIAN,Standing,NO IMPROPER ACTIONS,OTHER,N/A,LIGHT CLOTHING,No,SUSPECTED SERIOUS INJURY,NONE,38.99146653,-77.02467114,"(38.99146653, -77.02467114)"
HA24490016,21000833,Maryland-National Capital,Injury Crash,05/05/2021 07:08:00 AM,Government,SLIGO CREEK PKWY,County,DENNIS AVE,,N/A,BICYCLIST,SAME DIR REAR END,RAINING,WET,DAYLIGHT,N/A,N/A,N/A,9AA69E4D-3CF1-4781-8154-23659E7D1866,BICYCLIST,Walking/Riding w/Traffic,NO IMPROPER ACTIONS,ON ROADWAY NOT AT CROSSWALK,N/A,LIGHT CLOTHING,No,SUSPECTED MINOR INJURY,UNKNOWN,39.02169805,-77.03041724,"(39.02169805, -77.03041724)"
MCP94040034,210016740,Montgomery County Police,Injury Crash,05/04/2021 02:41:00 PM,Maryland (State),FREDERICK RD,County,S WESTLAND DR,,N/A,PEDESTRIAN,OTHER,CLEAR,DRY,DAYLIGHT,TRAFFIC SIGNAL,NONE DETECTED,NONE DETECTED,CB0EAAF2-0D45-4F64-895A-A46FB46776AF,PEDESTRIAN,Cross/Enter at Intersection,UNKNOWN,AT INTERSECTION MARKED CROSSWALK,UNKNOWN,LIGHT CLOTHING,Unknown,SUSPECTED MINOR INJURY,NONE,39.12590716,-77.18300281,"(39.12590716, -77.18300281)"
MCP271700V7,210017608,Montgomery County Police,Injury Crash,05/10/2021 05:50:00 PM,County,PORTER RD,County,SUNDALE DR,,N/A,BICYCLIST,OTHER,CLEAR,DRY,DAYLIGHT,NO CONTROLS,NONE DETECTED,NONE DETECTED,2A6F2A02-F86F-4D42-9C50-670CAB71DF6A,BICYCLIST,Cross/Enter not at Intersection,DART DASH,ON ROADWAY NOT AT CROSSWALK,NO PED. SIGNAL,MIXED CLOTHING,Yes,SUSPECTED MINOR INJURY,MC/BIKE HELMET,38.99185067,-77.09790933,"(38.99185067, -77.09790933)"
MCP2720005P,210017224,Montgomery County Police,Injury Crash,05/07/2021 09:42:00 PM,Maryland (State),VEIRS MILL RD,County,RANDOLPH RD,,N/A,PEDESTRIAN,SINGLE VEHICLE,CLEAR,WET,DARK LIGHTS ON,TRAFFIC SIGNAL,NONE DETECTED,ALCOHOL PRESENT,3B44BC10-B071-4C8C-BA24-4426DCC65F4E,PEDESTRIAN,Cross/Enter not at Intersection,FAILURE TO YIELD RIGHT OF WAY,ON ROADWAY NOT AT CROSSWALK,DISOBEYED PED. SIGNAL,DARK CLOTHING,Yes,SUSPECTED MINOR INJURY,NONE,39.05667333,-77.08317333,"(39.05667333, -77.08317333)"
MCP3169003Y,210017670,Montgomery County Police,Injury Crash,05/11/2021 09:00:00 AM,Maryland (State),GEORGIA AVE,Ramp,RAMP 6 FR IS 495 EB TO MD 97 SB,,N/A,PEDESTRIAN,OTHER,CLEAR,DRY,DAYLIGHT,N/A,N/A,N/A,C00AD95C-4666-48AF-BE70-A456F966010E,PEDESTRIAN,Standing,NO IMPROPER ACTIONS,SHOULDER,N/A,MIXED CLOTHING,No,POSSIBLE INJURY,N/A,39.01356542,-77.04205078,"(39.01356542, -77.04205078)"
MCP3109005F,210016670,Montgomery County Police,Injury Crash,05/04/2021 08:28:00 AM,US (State),COLESVILLE RD,Government,SLIGO CREEK PKWY,,N/A,BICYCLIST,STRAIGHT MOVEMENT ANGLE,CLEAR,DRY,DAYLIGHT,TRAFFIC SIGNAL,NONE DETECTED,NONE DETECTED,45E53F3E-82B1-48E0-B292-E6E498F073F4,BICYCLIST,Cross/Enter at Intersection,NO IMPROPER ACTIONS,ON ROADWAY AT CROSSWALK,OBEYED PED. SIGNAL,DARK CLOTHING,No,POSSIBLE INJURY,MC/BIKE HELMET,39.00775,-77.01983133,"(39.00775, -77.01983133)"
MCP2966005P,210017319,Montgomery County Police,Injury Crash,05/05/2021 05:30:00 PM,County,BRANDERMILL DR,Unknown,BRUNDIDGE TERR,,N/A,BICYCLIST,OTHER,N/A,N/A,DAYLIGHT,N/A,N/A,N/A,3CEE8725-86C8-4EC4-9CC5-83F27F166F3A,BICYCLIST,Cross/Enter at Intersection,NO IMPROPER ACTIONS,AT INTERSECTION BUT NO CROSSWALK,NO PED. SIGNAL,N/A,No,POSSIBLE INJURY,N/A,39.18772331,-77.23850772,"(39.18772331, -77.23850772)"
EJ7856009G,210029737,Gaithersburg Police Depar,Property Damage Crash,07/31/2021 06:37:00 PM,Municipality,SCHOOL DR,Municipality,STORY DR,,GAITHERSBURG,BICYCLIST,OTHER,CLEAR,DRY,DAYLIGHT,N/A,N/A,N/A,43C0F0C0-BF2A-42AA-946A-26DEE5D308C3,BICYCLIST,Cross/Enter at Intersection,FAILURE TO YIELD RIGHT OF WAY,OTHER,N/A,MIXED CLOTHING,Yes,NO APPARENT INJURY,NONE,39.11889078,-77.2139064,"(39.11889078, -77.2139064)"
MCP2772001M,210029640,Montgomery County Police,Injury Crash,07/30/2021 10:09:00 PM,,,,,"DRIVEWAY OF 4 HARTMAN CT, POTOMAC MD 20854",,PEDESTRIAN,SINGLE VEHICLE,CLEAR,,DARK NO LIGHTS,NO CONTROLS,,NONE DETECTED,9D98FABC-E961-4893-AFDF-F1CFB3DACABA,PEDESTRIAN,Getting off/on Vehicle,NO IMPROPER ACTIONS,OTHER,N/A,LIGHT CLOTHING,Yes,SUSPECTED MINOR INJURY,N/A,39.01940783,-77.175077,"(39.01940783, -77.175077)"
MCP33040008,210030742,Montgomery County Police,Injury Crash,08/07/2021 08:56:00 PM,Maryland (State),EAST WEST HWY (W/B COUPLET),County,WAVERLY ST,,N/A,PEDESTRIAN,SAME DIRECTION LEFT TURN,CLEAR,DRY,DARK LIGHTS ON,TRAFFIC SIGNAL,NONE DETECTED,UNKNOWN,B9FC02F1-E9C9-4521-91B0-693AD2838DF1,PEDESTRIAN,Walking/Riding w/Traffic,NO IMPROPER ACTIONS,AT INTERSECTION MARKED CROSSWALK,OBEYED PED. SIGNAL,UNKNOWN,No,SUSPECTED MINOR INJURY,NONE,38.98481033,-77.0923015,"(38.98481033, -77.0923015)"
MCP30780040,210030682,Montgomery County Police,Injury Crash,08/07/2021 01:32:00 PM,County,TUCKER LA,County,ASTORIA LA,,N/A,BICYCLIST,STRAIGHT MOVEMENT ANGLE,CLEAR,DRY,DAYLIGHT,STOP SIGN,NONE DETECTED,NONE DETECTED,8B9F4941-67E6-43ED-89F3-23A75E3D0E65,BICYCLIST,Cross/Enter at Intersection,FAILURE TO YIELD RIGHT OF WAY,ON ROADWAY NOT AT CROSSWALK,NO PED. SIGNAL,MIXED CLOTHING,Yes,SUSPECTED SERIOUS INJURY,NONE,39.14694,-76.98879833,"(39.14694, -76.98879833)"
MCP31480037,210030142,Montgomery County Police,Injury Crash,08/03/2021 04:40:00 PM,Maryland (State),BRADLEY BLVD,County,BRADMOOR DR,,N/A,BICYCLIST,STRAIGHT MOVEMENT ANGLE,CLEAR,DRY,DAYLIGHT,STOP SIGN,NONE DETECTED,NONE DETECTED,9A97C119-BAC3-4A22-8F68-0127F3D8A147,BICYCLIST,Walking/Riding w/Traffic,NO IMPROPER ACTIONS,OTHER,N/A,MIXED CLOTHING,No,SUSPECTED MINOR INJURY,MC/BIKE HELMET,38.99339,-77.119005,"(38.99339, -77.119005)"
MCP3295000C,210030288,Montgomery County Police,Injury Crash,08/04/2021 05:04:00 PM,County,SERPENTINE WAY,County,FAIRLAND RD,,N/A,PEDESTRIAN,N/A,CLEAR,DRY,DAYLIGHT,N/A,"MEDICATION PRESENT, NONE DETECTED",NONE DETECTED,9647EF21-2FC9-4FA7-AC4A-0D3E86F038B9,PEDESTRIAN,N/A,IN ROADWAY IMPROPERLY,OTHER,N/A,N/A,Yes,SUSPECTED MINOR INJURY,N/A,39.070455,-76.96958,"(39.070455, -76.96958)"
MCP3200003P,210038399,Montgomery County Police,Injury Crash,09/28/2021 11:54:00 AM,County,CEDAR LA,County,SAUL RD,,N/A,PEDESTRIAN,OTHER,CLOUDY,WET,DAYLIGHT,TRAFFIC SIGNAL,NONE DETECTED,NONE DETECTED,11FCB432-F73E-479B-B13A-14326DDCF106,PEDESTRIAN,Cross/Enter at Intersection,NO IMPROPER ACTIONS,ON ROADWAY AT CROSSWALK,OBEYED PED. SIGNAL,MIXED CLOTHING,No,SUSPECTED MINOR INJURY,NONE,39.016616,-77.08804533,"(39.016616, -77.08804533)"
MCP2968003Q,210023331,Montgomery County Police,Injury Crash,06/18/2021 10:40:00 AM,County,PINEY MEETINGHOUSE RD,County,TRAVILAH RD,,N/A,BICYCLIST,OTHER,CLEAR,DRY,DAYLIGHT,STOP SIGN,N/A,N/A,CC3CF0EC-7CC9-4CEA-9E54-BAF79E538735,BICYCLIST,Walking/Riding w/Traffic,NO IMPROPER ACTIONS,OTHER,OTHER,MIXED CLOTHING,No,SUSPECTED MINOR INJURY,UNKNOWN,39.086345,-77.21845333,"(39.086345, -77.21845333)"
MCP3190002M,210030914,Montgomery County Police,Injury Crash,08/09/2021 10:42:00 AM,,,,,14000 GEORGIA AVE (HOME DEPOT PARKING LOT),,PEDESTRIAN,OTHER,CLEAR,,DAYLIGHT,NO CONTROLS,UNKNOWN,NONE DETECTED,3A662C4A-5B9C-4564-929D-C1E41872883F,PEDESTRIAN,Other,NOT VISIBLE,OTHER,OTHER,LIGHT CLOTHING,No,SUSPECTED MINOR INJURY,NONE,39.08429974,-77.07955183,"(39.08429974, -77.07955183)"
EJ7881001B,210031546,Gaithersburg Police Depar,Property Damage Crash,08/13/2021 09:55:00 PM,,,,,132 ELLINGTON BLVD PARKING GARAGE,,PEDESTRIAN,SINGLE VEHICLE,CLEAR,,OTHER,NO CONTROLS,UNKNOWN,NONE DETECTED,2A9F2A31-1398-4DA5-9AEA-6CF170FA8081,PEDESTRIAN,Other,NO IMPROPER ACTIONS,OTHER,N/A,MIXED CLOTHING,No,NO APPARENT INJURY,NONE,39.11479907,-77.20379432,"(39.11479907, -77.20379432)"
MCP1235002X,210017760,Montgomery County Police,Injury Crash,05/11/2021 06:31:00 PM,,,,,PARKING LOT OF 10121 NEW HAMPSHIRE AVENUE,,PEDESTRIAN,SINGLE VEHICLE,CLEAR,,DAYLIGHT,N/A,NONE DETECTED,NONE DETECTED,BF13040A-2232-478F-B346-A30619209FBA,PEDESTRIAN,Other,NO IMPROPER ACTIONS,OTHER,N/A,MIXED CLOTHING,No,POSSIBLE INJURY,NONE,39.02064889,-76.9746419,"(39.02064889, -76.9746419)"
MCP3251000N,210018379,Montgomery County Police,Injury Crash,05/15/2021 08:00:00 PM,County,WISTERIA DR,Maryland (State),GREAT SENECA HWY,,N/A,BICYCLIST,OTHER,CLEAR,DRY,DARK LIGHTS ON,TRAFFIC SIGNAL,UNKNOWN,NONE DETECTED,3D094995-9B65-4844-886D-91D2E442142E,BICYCLIST,Cross/Enter at Intersection,N/A,ON ROADWAY AT CROSSWALK,OBEYED PED. SIGNAL,MIXED CLOTHING,No,SUSPECTED MINOR INJURY,UNKNOWN,39.17685715,-77.26996929,"(39.17685715, -77.26996929)"
MCP2849003W,210018785,Montgomery County Police,Injury Crash,05/18/2021 04:27:00 PM,Maryland (State),W DIAMOND AVE,Ramp,RAMP 1 FR IS 270 NB TO MD 117 WB,,N/A,BICYCLIST,OTHER,CLEAR,DRY,DAYLIGHT,TRAFFIC SIGNAL,NONE DETECTED,NONE DETECTED,D44E4612-D2DE-4879-9AE0-EFBF2185E34F,BICYCLIST,Cross/Enter at Intersection,IN ROADWAY IMPROPERLY,ON ROADWAY AT CROSSWALK,DISOBEYED PED. SIGNAL,DARK CLOTHING,Yes,SUSPECTED MINOR INJURY,MC/BIKE HELMET,39.14051939,-77.21074523,"(39.14051939, -77.21074523)"
MCP23300030,210031467,Montgomery County Police,Injury Crash,08/13/2021 12:47:00 PM,Maryland (State),GEORGIA AVE,Maryland (State),UNIVERSITY BLVD W,,N/A,BICYCLIST,OTHER,CLEAR,DRY,DAYLIGHT,TRAFFIC SIGNAL,NONE DETECTED,NONE DETECTED,53DEA9FB-7377-455E-B0B6-CB5DE05E129B,BICYCLIST,Walking/Riding w/Traffic,NO IMPROPER ACTIONS,SIDEWALK,N/A,MIXED CLOTHING,No,SUSPECTED MINOR INJURY,MC/BIKE HELMET,39.04186,-77.05174333,"(39.04186, -77.05174333)"
MCP1595001L,210031950,Montgomery County Police,Injury Crash,08/16/2021 06:21:00 PM,,,,,PARKING LOT OF 11215 GEORGIA AVENUE,,PEDESTRIAN,OTHER,CLEAR,,DARK LIGHTS ON,NO CONTROLS,NONE DETECTED,NONE DETECTED,450DD2ED-B1B0-4E38-965F-252A6F424E97,PEDESTRIAN,Other,NO IMPROPER ACTIONS,OTHER,NO PED. SIGNAL,MIXED CLOTHING,No,POSSIBLE INJURY,NONE,39.03912235,-77.05016286,"(39.03912235, -77.05016286)"
MCP3059006L,210032333,Montgomery County Police,Injury Crash,08/19/2021 04:53:00 PM,Other Public Roadway,MAGNOLIA DR,Maryland (State),FREDERICK RD,,N/A,PEDESTRIAN,OTHER,CLEAR,DRY,DAYLIGHT,STOP SIGN,NONE DETECTED,NONE DETECTED,26C87CFD-6E9B-46CC-9633-4B3406403F77,PEDESTRIAN,Cross/Enter at Intersection,NO IMPROPER ACTIONS,ON ROADWAY AT CROSSWALK,NO PED. SIGNAL,MIXED CLOTHING,No,SUSPECTED MINOR INJURY,NONE,39.17726833,-77.23838833,"(39.17726833, -77.23838833)"
MCP3225001P,210030126,Montgomery County Police,Injury Crash,08/03/2021 03:35:00 PM,Maryland (State),UNIVERSITY BLVD W,County,MAYHEW DR,,N/A,OTHER,STRAIGHT MOVEMENT ANGLE,CLEAR,DRY,DAYLIGHT,STOP SIGN,NONE DETECTED,NONE DETECTED,FF3DFDC0-2204-4D76-B762-ACBB1AA039E5,OTHER,Cross/Enter at Intersection,WRONG WAY RIDING OR WALKING,IN BIKEWAY,NO PED. SIGNAL,N/A,Unknown,POSSIBLE INJURY,N/A,39.03612841,-77.03736134,"(39.03612841, -77.03736134)"
MCP3030004F,210038117,Montgomery County Police,Injury Crash,09/26/2021 05:32:00 PM,County,FALLS RD,County,BRICKYARD RD,,N/A,BICYCLIST,STRAIGHT MOVEMENT ANGLE,CLEAR,DRY,DAYLIGHT,STOP SIGN,N/A,N/A,9CBF7C6E-04CB-4898-81E8-6ED084E207D3,BICYCLIST,Walking/Riding w/Traffic,NO IMPROPER ACTIONS,OTHER,N/A,LIGHT CLOTHING,No,SUSPECTED SERIOUS INJURY,MC/BIKE HELMET,39.00242883,-77.2261555,"(39.00242883, -77.2261555)"
DD559500B7,210038447,Rockville Police Departme,Property Damage Crash,09/28/2021 04:23:00 PM,Municipality,FIRST ST,Municipality,LYNN CT,,ROCKVILLE,BICYCLIST,OTHER,CLEAR,DRY,DAYLIGHT,NO CONTROLS,NONE DETECTED,NONE DETECTED,3CD76E8A-5ED7-4F77-B721-E3B8E2CF1F6C,BICYCLIST,Cross/Enter at Intersection,NO IMPROPER ACTIONS,ON ROADWAY NOT AT CROSSWALK,N/A,OTHER,No,NO APPARENT INJURY,N/A,39.08993333,-77.135355,"(39.08993333, -77.135355)"
MCP3124004Z,220001172,Montgomery County Police,Injury Crash,01/10/2022 06:26:00 PM,County,RANDOLPH RD,Other Public Roadway,GLENMONT CIR #1,,N/A,PEDESTRIAN,OTHER,N/A,DRY,DARK LIGHTS ON,NO CONTROLS,NONE DETECTED,UNKNOWN,6A3E6C66-869F-4C21-8499-A1E720E497B4,PEDESTRIAN,Cross/Enter not at Intersection,IN ROADWAY IMPROPERLY,ON ROADWAY NOT AT CROSSWALK,NO PED. SIGNAL,MIXED CLOTHING,Yes,SUSPECTED SERIOUS INJURY,N/A,39.059555,-77.04763,"(39.059555, -77.04763)"
MCP2850001Z,220000526,Montgomery County Police,Injury Crash,01/05/2022 01:44:00 PM,,,,,PARKING LOT OF KENTLANDS MANOR SENIOR APARTMENTS LOCATED AT 221 BOOTH ST,,PEDESTRIAN,OTHER,CLEAR,,DAYLIGHT,NO CONTROLS,N/A,N/A,3269BC59-AE63-48E4-9898-51F7999A0979,PEDESTRIAN,Cross/Enter not at Intersection,NO IMPROPER ACTIONS,OTHER,N/A,MIXED CLOTHING,No,SUSPECTED MINOR INJURY,N/A,39.12250167,-77.239915,"(39.12250167, -77.239915)"
MCP137800Z3,210043711,Montgomery County Police,Injury Crash,10/29/2021 04:06:00 PM,,,,,PARKING LOT OF 12611B WISTERIA DR,,OTHER,SINGLE VEHICLE,RAINING,,DAYLIGHT,NO CONTROLS,NONE DETECTED,NONE DETECTED,977A4758-8D85-41CF-968F-D014CC94C6F6,OTHER,Other,OTHER,OTHER,N/A,UNKNOWN,Yes,POSSIBLE INJURY,N/A,39.17071333,-77.26153333,"(39.17071333, -77.26153333)"
MCP2917007R,210018952,Montgomery County Police,Injury Crash,05/19/2021 07:12:00 PM,County,GRENOBLE DR,County,PARKLAND DR,,N/A,PEDESTRIAN,OTHER,CLEAR,DRY,DAYLIGHT,NO CONTROLS,NONE DETECTED,NONE DETECTED,7F20F036-A0AF-4DFE-9D2C-699AE4E3156A,PEDESTRIAN,Playing,DART DASH,ON ROADWAY NOT AT CROSSWALK,NO PED. SIGNAL,UNKNOWN,Yes,SUSPECTED MINOR INJURY,N/A,39.0783657,-77.08604655,"(39.0783657, -77.08604655)"
MCP24640024,210016654,Montgomery County Police,Injury Crash,05/04/2021 05:26:00 AM,Maryland (State),NEW HAMPSHIRE AVE,County,OAKVIEW DR,,N/A,PEDESTRIAN,OTHER,N/A,N/A,DARK LIGHTS ON,TRAFFIC SIGNAL,UNKNOWN,N/A,4C93923C-7419-4F22-A22D-B031025DF672,PEDESTRIAN,Cross/Enter at Intersection,NO IMPROPER ACTIONS,ON ROADWAY AT CROSSWALK,OBEYED PED. SIGNAL,DARK CLOTHING,No,SUSPECTED MINOR INJURY,N/A,39.01543877,-76.97780511,"(39.01543877, -76.97780511)"