Report Number,Local Case Number,Agency Name,ACRS Report Type,Crash Date/Time,Route Type,Road Name,Cross-Street Type,Cross-Street Name,Off-Road Description,Municipality,Related Non-Motorist,Collision Type,Weather,Surface Condition,Light,Traffic Control,Driver Substance Abuse,Non-Motorist Substance Abuse,Person ID,Pedestrian Type,Pedestrian Movement,Pedestrian Actions,Pedestrian Location,Pedestrian Obeyed Traffic Signal,Pedestrian Visibility,At Fault,Injury Severity,Safety Equipment,Latitude,Longitude,Location
MCP3055002T,210017989,Montgomery County Police,Injury Crash,05/13/2021 11:55:00 AM,,,,,PARKING LOT AT 13781 CONNECTICUT AVE (GIANT),,PEDESTRIAN,OTHER,CLEAR,,DAYLIGHT,NO CONTROLS,N/A,N/A,E52457EE-6113-46A7-8A98-3FFA961F04BA,PEDESTRIAN,Other,NO IMPROPER ACTIONS,OTHER,NO PED. SIGNAL,LIGHT CLOTHING,No,SUSPECTED MINOR INJURY,NONE,39.07962,-77.07936,"(39.07962, -77.07936)"
MCP3232001X,210018058,Montgomery County Police,Injury Crash,05/13/2021 06:56:00 PM,County,BRIGGS CHANEY RD,County,GOOD HOPE RD,,N/A,BICYCLIST,STRAIGHT MOVEMENT ANGLE,CLEAR,DRY,DAYLIGHT,TRAFFIC SIGNAL,NONE DETECTED,NONE DETECTED,6AB3F25B-FACC-4515-AD4D-6897D55A204F,BICYCLIST,Cross/Enter at Intersection,NO IMPROPER ACTIONS,AT INTERSECTION MARKED CROSSWALK,OBEYED PED. SIGNAL,MIXED CLOTHING,No,SUSPECTED MINOR INJURY,MC/BIKE HELMET,39.10190367,-76.98206517,"(39.10190367, -76.98206517)"
MCP93110037,210017682,Montgomery County Police,Injury Crash,05/11/2021 11:12:00 AM,County,HACKAMORE DR,County,BRICKYARD RD,,N/A,PEDESTRIAN,SAME DIR REAR END,CLEAR,DRY,DAYLIGHT,NO CONTROLS,NONE DETECTED,NONE DETECTED,DEA09DEA-EEBA-44BB-9A46-306FFA6084A6,PEDESTRIAN,Other Working,NO IMPROPER ACTIONS,OTHER,NO PED. SIGNAL,REFLECTIVE MATERIAL,No,SUSPECTED MINOR INJURY,N/A,38.98572667,-77.21298333,"(38.98572667, -77.21298333)"
MCP2496002M,210017307,Montgomery County Police,Injury Crash,05/08/2021 02:32:00 PM,County,FOREST GLEN RD,County,LORAIN AVE,,N/A,BICYCLIST,STRAIGHT MOVEMENT ANGLE,CLOUDY,DRY,DAYLIGHT,STOP SIGN,NONE DETECTED,NONE DETECTED,9A4373B8-1772-4D9A-BFA9-54380D64D78D,BICYCLIST,Cross/Enter at Intersection,FAILURE TO YIELD RIGHT OF WAY,AT INTERSECTION BUT NO CROSSWALK,NO PED. SIGNAL,MIXED CLOTHING,Yes,POSSIBLE INJURY,MC/BIKE HELMET,39.01717453,-77.02162894,"(39.01717453, -77.02162894)"
MCP28050044,210013780,Montgomery County Police,Injury Crash,04/13/2021 12:15:00 PM,,,,,"PL OF 18816 WALKERS CHOICE RD, MONTGOMERY VILLAGE, MD 20886",,PEDESTRIAN,SINGLE VEHICLE,CLOUDY,,DAYLIGHT,NO CONTROLS,NONE DETECTED,NONE DETECTED,4AC974E0-58A7-4E55-B410-1A0ED2A59FD9,PEDESTRIAN,Standing,OTHER,OTHER,N/A,DARK CLOTHING,Yes,SUSPECTED MINOR INJURY,N/A,39.16459195,-77.20568755,"(39.16459195, -77.20568755)"
HA24490018,21000936,Maryland-National Capital,Injury Crash,05/20/2021 02:33:00 PM,Government,SLIGO CREEK PKWY,County,PARK VALLEY RD,,N/A,BICYCLIST,SAME DIR REAR END,CLEAR,DRY,DAYLIGHT,NO CONTROLS,N/A,N/A,8E2F7706-9D45-43FD-8485-9C090D095A47,BICYCLIST,Walking/Riding w/Traffic,NO IMPROPER ACTIONS,ON ROADWAY NOT AT CROSSWALK,N/A,N/A,No,SUSPECTED MINOR INJURY,UNKNOWN,38.9896826,-77.00633868,"(38.9896826, -77.00633868)"
MCP3232001X,210018058,Montgomery County Police,Injury Crash,05/13/2021 06:56:00 PM,County,BRIGGS CHANEY RD,County,GOOD HOPE RD,,N/A,BICYCLIST,STRAIGHT MOVEMENT ANGLE,CLEAR,DRY,DAYLIGHT,TRAFFIC SIGNAL,NONE DETECTED,NONE DETECTED,01E48790-3C97-4E48-B26B-9D36BDF92B79,BICYCLIST,Cross/Enter at Intersection,NO IMPROPER ACTIONS,AT INTERSECTION MARKED CROSSWALK,OBEYED PED. SIGNAL,MIXED CLOTHING,No,SUSPECTED MINOR INJURY,MC/BIKE HELMET,39.10190367,-76.98206517,"(39.10190367, -76.98206517)"
MCP3287000Y,210018034,Montgomery County Police,Injury Crash,05/13/2021 04:43:00 PM,County,MUDDY BRANCH RD,Other Public Roadway,FORREST LANDING WAY,,N/A,BICYCLIST,ANGLE MEETS RIGHT TURN,CLEAR,DRY,DAYLIGHT,STOP SIGN,N/A,N/A,246B3C02-180A-4151-A6EA-E652844B4E21,BICYCLIST,Cross/Enter at Intersection,FAILURE TO YIELD RIGHT OF WAY,ON ROADWAY AT CROSSWALK,N/A,MIXED CLOTHING,Yes,SUSPECTED MINOR INJURY,NONE,39.10173683,-77.2212247,"(39.10173683, -77.2212247)"
MCP2651004G,210023683,Montgomery County Police,Injury Crash,06/21/2021 08:50:00 AM,County,SCHINDLER DR,County,NEW HAMPSHIRE AVE SER RD,,N/A,PEDESTRIAN,OTHER,CLEAR,DRY,DAYLIGHT,TRAFFIC SIGNAL,N/A,N/A,ACBE08AB-CCDF-4E9E-A1E3-7F1F5824869D,PEDESTRIAN,Cross/Enter at Intersection,NO IMPROPER ACTIONS,ON ROADWAY AT CROSSWALK,NO PED. SIGNAL,DARK CLOTHING,Yes,SUSPECTED MINOR INJURY,N/A,39.0334735,-76.98629133,"(39.0334735, -76.98629133)"
MCP31210046,210022605,Montgomery County Police,Property Damage Crash,06/13/2021 06:10:00 PM,County,ODENDHAL AVE,County,ROYAL BONNET CIR,,N/A,BICYCLIST,STRAIGHT MOVEMENT ANGLE,CLOUDY,DRY,DAYLIGHT,NO CONTROLS,NONE DETECTED,NONE DETECTED,160A00D5-6A33-4B2B-B6FF-1C4F17F2D5E1,BICYCLIST,Cross/Enter at Intersection,FAILURE TO YIELD RIGHT OF WAY,AT INTERSECTION BUT NO CROSSWALK,NO PED. SIGNAL,DARK CLOTHING,Yes,NO APPARENT INJURY,MC/BIKE HELMET,39.15251563,-77.19415302,"(39.15251563, -77.19415302)"
MCP3022003W,210020396,Montgomery County Police,Injury Crash,05/29/2021 06:35:00 PM,,SERVICEBERRY DR,,AURORA HILLS DR,,N/A,BICYCLIST,STRAIGHT MOVEMENT ANGLE,RAINING,WET,DAYLIGHT,STOP SIGN,N/A,N/A,C6C3C2EC-DF76-488E-B34D-49476A67EEF9,BICYCLIST,Cross/Enter at Intersection,FAILURE TO OBEY TRAFFIC SIGNS SIGNALS OR OFFICER,AT INTERSECTION BUT NO CROSSWALK,DISOBEYED PED. SIGNAL,MIXED CLOTHING,Yes,SUSPECTED MINOR INJURY,NONE,39.23542333,-77.24341,"(39.23542333, -77.24341)"
DD5610006L,210023496,Rockville Police Departme,Injury Crash,06/19/2021 01:56:00 PM,Municipality,E JEFFERSON ST,Municipality,CONGRESSIONAL LA,,ROCKVILLE,PEDESTRIAN,SINGLE VEHICLE,CLEAR,DRY,DAYLIGHT,NO CONTROLS,N/A,N/A,0A0A8174-EA8F-4D00-9960-67BDEE601D05,PEDESTRIAN,Cross/Enter not at Intersection,IN ROADWAY IMPROPERLY,ON ROADWAY NOT AT CROSSWALK,OTHER,DARK CLOTHING,Unknown,POSSIBLE INJURY,N/A,39.06197993,-77.12909521,"(39.06197993, -77.12909521)"
DM8497000P,210021540,Takoma Park Police Depart,Injury Crash,06/06/2021 09:10:00 PM,,,,,PARKING LOT AT TAKOMA LANGLEY CROSSROADS,,PEDESTRIAN,OTHER,CLEAR,,DARK LIGHTS ON,N/A,N/A,N/A,C5C68526-6EB3-4108-873D-D0C57F28A3DB,PEDESTRIAN,Cross/Enter at Intersection,DART DASH,OTHER,N/A,LIGHT CLOTHING,Yes,SUSPECTED MINOR INJURY,N/A,38.98874631,-76.98905776,"(38.98874631, -76.98905776)"
MCP2432000F,210021556,Montgomery County Police,Injury Crash,06/07/2021 05:09:00 AM,Maryland (State),MIDCOUNTY HWY,County,GOSHEN RD,,N/A,PEDESTRIAN,SINGLE VEHICLE,CLEAR,DRY,DARK NO LIGHTS,NO CONTROLS,NONE DETECTED,NONE DETECTED,AE927132-6400-48A4-8636-D26F0EB1C96D,PEDESTRIAN,Walking/Riding w/Traffic,IN ROADWAY IMPROPERLY,SHOULDER,N/A,DARK CLOTHING,Yes,SUSPECTED MINOR INJURY,NONE,39.15740667,-77.18790667,"(39.15740667, -77.18790667)"
MCP3161002T,210023041,Montgomery County Police,Injury Crash,06/16/2021 04:30:00 PM,,,,,3745 UNIVERSITY BLVD W,,BICYCLIST,STRAIGHT MOVEMENT ANGLE,CLEAR,,DAYLIGHT,NO CONTROLS,NONE DETECTED,NONE DETECTED,5999CFEB-6A66-4586-A221-B9F353C5DE21,BICYCLIST,Walking/Cycling on Sidewalk,NO IMPROPER ACTIONS,SIDEWALK,NO PED. SIGNAL,LIGHT CLOTHING,No,SUSPECTED MINOR INJURY,NONE,39.03287,-77.07437667,"(39.03287, -77.07437667)"
MCP1301001F,200036830,Montgomery County Police,Fatal Crash,09/20/2020 12:49:00 AM,County,CARROLL AVE,Maryland (State),PINEY BRANCH RD,,N/A,PEDESTRIAN,SINGLE VEHICLE,CLEAR,DRY,DARK LIGHTS ON,NO CONTROLS,UNKNOWN,ALCOHOL PRESENT,EAA7F008-5731-434E-82DE-5E6CBC4C825E,PEDESTRIAN,Unknown,UNKNOWN,ON ROADWAY NOT AT CROSSWALK,NO PED. SIGNAL,MIXED CLOTHING,Unknown,FATAL INJURY,NONE,38.998765,-76.99098833,"(38.998765, -76.99098833)"
MCP31230025,210019038,Montgomery County Police,Injury Crash,05/20/2021 12:58:00 PM,County,WILLOW TREE TERR,Other Public Roadway,WILLOW TREE TERR,,N/A,PEDESTRIAN,OTHER,CLEAR,DRY,DAYLIGHT,N/A,NONE DETECTED,NONE DETECTED,4FAA6C44-DA31-4522-937B-ECEC7F8BA4AA,PEDESTRIAN,Walking/Cycling on Sidewalk,N/A,SIDEWALK,N/A,N/A,No,SUSPECTED SERIOUS INJURY,N/A,39.086165,-77.20297583,"(39.086165, -77.20297583)"
MCP31210043,210019391,Montgomery County Police,Injury Crash,05/22/2021 06:42:00 PM,,,,,IFO 1514 TANYARD HILL ROAD GAITHERSBURG MD,,BICYCLIST,SINGLE VEHICLE,CLEAR,,DAYLIGHT,NO CONTROLS,NONE DETECTED,NONE DETECTED,68DAD175-49CD-44A1-8B34-0E7C89E9A08F,BICYCLIST,Playing,NO IMPROPER ACTIONS,OTHER,N/A,MIXED CLOTHING,No,POSSIBLE INJURY,PROTECTIVE PADS,39.16037857,-77.21167762,"(39.16037857, -77.21167762)"
MCP9369001S,210019431,Montgomery County Police,Injury Crash,05/23/2021 02:15:00 AM,Maryland (State),FREDERICK RD,Municipality,RIDGEMONT AVE,,ROCKVILLE,PEDESTRIAN,SINGLE VEHICLE,CLEAR,DRY,DARK LIGHTS ON,NO CONTROLS,NONE DETECTED,NONE DETECTED,D77E4A56-49F7-456A-A139-DFBE28EAB47E,PEDESTRIAN,Walking/Riding w/Traffic,IN ROADWAY IMPROPERLY,ON ROADWAY NOT AT CROSSWALK,NO PED. SIGNAL,MIXED CLOTHING,Yes,SUSPECTED SERIOUS INJURY,NONE,39.12004667,-77.17367167,"(39.12004667, -77.17367167)"
MCP2852002V,210019830,Montgomery County Police,Injury Crash,05/25/2021 08:43:00 PM,Other Public Roadway,FATHER HURLEY BLVD,County,HOPKINS RD,,N/A,BICYCLIST,ANGLE MEETS RIGHT TURN,CLEAR,DRY,DUSK,TRAFFIC SIGNAL,NONE DETECTED,NONE DETECTED,8E6E91B7-9823-4FD3-85A6-8D5EB016B2DE,BICYCLIST,Other,FAILURE TO YIELD RIGHT OF WAY,ON ROADWAY AT CROSSWALK,UNKNOWN,UNKNOWN,Yes,POSSIBLE INJURY,MC/BIKE HELMET,39.1692528,-77.28294472,"(39.1692528, -77.28294472)"
MCP2348005Y,200043172,Montgomery County Police,Fatal Crash,11/02/2020 05:55:00 AM,County,SHADY GROVE RD,County,BRIARDALE RD,,N/A,PEDESTRIAN,OTHER,SEVERE WINDS,DRY,DARK LIGHTS ON,TRAFFIC SIGNAL,NONE DETECTED,NONE DETECTED,9254CF72-7606-4908-9F8B-BC2BB41F00AA,PEDESTRIAN,Cross/Enter not at Intersection,IN ROADWAY IMPROPERLY,ON ROADWAY NOT AT CROSSWALK,N/A,DARK CLOTHING,Yes,FATAL INJURY,N/A,39.13353833,-77.15848667,"(39.13353833, -77.15848667)"
MCP26100029,210019959,Montgomery County Police,Injury Crash,05/26/2021 05:22:00 PM,,,,,PARKING LOT OF 229 MUDDY BRANCH RD GAITHERSBURG MARYLAND,,PEDESTRIAN,OTHER,CLEAR,,DAYLIGHT,N/A,"NONE DETECTED, UNKNOWN",NONE DETECTED,11CDB9B5-0FBF-4F8C-AC91-57589C0C3A36,PEDESTRIAN,Other,NO IMPROPER ACTIONS,OTHER,N/A,LIGHT CLOTHING,No,POSSIBLE INJURY,N/A,39.12816167,-77.20624167,"(39.12816167, -77.20624167)"
MCP3051004S,210046678,Montgomery County Police,Injury Crash,11/17/2021 02:15:00 PM,County,RIDGEFIELD RD,County,WESTBARD AVE,,N/A,PEDESTRIAN,OTHER,CLEAR,DRY,DAYLIGHT,OTHER,NONE DETECTED,NONE DETECTED,45D7EEF5-3903-43BA-859B-8F0D79C80159,PEDESTRIAN,Cross/Enter at Intersection,UNKNOWN,ON ROADWAY AT CROSSWALK,DISOBEYED PED. SIGNAL,MIXED CLOTHING,Unknown,SUSPECTED MINOR INJURY,NONE,38.96588667,-77.10745,"(38.96588667, -77.10745)"
MCP3258001Q,210046320,Montgomery County Police,Property Damage Crash,11/15/2021 01:47:00 PM,,,,,2ND FLOOR COSTCO GARAGE AT 11160 VEIRS MILL RD,,PEDESTRIAN,STRAIGHT MOVEMENT ANGLE,CLEAR,,DAYLIGHT,NO CONTROLS,N/A,N/A,D1A3AE56-9B71-4944-9F17-A9A06A9267C0,PEDESTRIAN,Other,NO IMPROPER ACTIONS,OTHER,NO PED. SIGNAL,MIXED CLOTHING,Unknown,NO APPARENT INJURY,N/A,39.03514,-77.05408167,"(39.03514, -77.05408167)"
MCP1564005X,210046762,Montgomery County Police,Property Damage Crash,11/18/2021 07:22:00 AM,,,,,PARKING LOT 18111 PRINCE PHILIP DR,,OTHER,SINGLE VEHICLE,CLEAR,,DAYLIGHT,NO CONTROLS,NONE DETECTED,N/A,04D48590-F1C2-4568-A1F0-B27B225536F8,OTHER,Other,N/A,OTHER,N/A,OTHER,No,NO APPARENT INJURY,N/A,39.15408833,-77.05594,"(39.15408833, -77.05594)"
MCP137800Z6,210045261,Montgomery County Police,Injury Crash,11/08/2021 05:55:00 PM,County,HEWITT AVE,Maryland (State),GEORGIA AVE,,N/A,PEDESTRIAN,SINGLE VEHICLE,CLEAR,DRY,DARK LIGHTS ON,TRAFFIC SIGNAL,NONE DETECTED,NONE DETECTED,222AFC0D-3DC6-4465-8C71-3D5556EF22F5,PEDESTRIAN,Cross/Enter at Intersection,UNKNOWN,ON ROADWAY AT CROSSWALK,UNKNOWN,DARK CLOTHING,No,POSSIBLE INJURY,NONE,39.0775901,-77.07068374,"(39.0775901, -77.07068374)"
MCP30100067,210046432,Montgomery County Police,Injury Crash,11/16/2021 06:29:00 AM,County,TUCKERMAN LA,Unknown,GROSVENOR PL,,N/A,PEDESTRIAN,OTHER,CLEAR,DRY,DUSK,TRAFFIC SIGNAL,N/A,N/A,6605DF0F-EF7F-45F3-B52D-4D96814BDCC8,PEDESTRIAN,Cross/Enter at Intersection,NO IMPROPER ACTIONS,ON ROADWAY AT CROSSWALK,OBEYED PED. SIGNAL,DARK CLOTHING,No,SUSPECTED MINOR INJURY,NONE,39.02901167,-77.10838167,"(39.02901167, -77.10838167)"
MCP31980038,210039908,Montgomery County Police,Injury Crash,10/06/2021 08:21:00 PM,County,HUGGINS DR,County,COLLEGE VIEW DR,,N/A,PEDESTRIAN,OTHER,CLEAR,DRY,DARK NO LIGHTS,N/A,UNKNOWN,N/A,46F1EE01-58A3-48E1-8446-3E5B4D31177F,PEDESTRIAN,Unknown,UNKNOWN,ON ROADWAY NOT AT CROSSWALK,N/A,DARK CLOTHING,No,SUSPECTED MINOR INJURY,N/A,39.05003458,-77.07280643,"(39.05003458, -77.07280643)"
MCP31230025,210019038,Montgomery County Police,Injury Crash,05/20/2021 12:58:00 PM,County,WILLOW TREE TERR,Other Public Roadway,WILLOW TREE TERR,,N/A,PEDESTRIAN,OTHER,CLEAR,DRY,DAYLIGHT,N/A,NONE DETECTED,NONE DETECTED,6086F579-800F-45FD-A75D-33B6F8FD7244,PEDESTRIAN,Walking/Cycling on Sidewalk,NO IMPROPER ACTIONS,SIDEWALK,N/A,N/A,No,POSSIBLE INJURY,N/A,39.086165,-77.20297583,"(39.086165, -77.20297583)"
DM8490000W,210019621,Takoma Park Police Depart,Injury Crash,05/24/2021 03:29:00 PM,,,,,1127 UNIVERSITY BLVD E / SHOPPING CENTER PARKING,,PEDESTRIAN,OTHER,RAINING,,DAYLIGHT,N/A,N/A,N/A,D6A8C144-6F07-40D1-91DC-EB52416FAB38,PEDESTRIAN,Other,OTHER,ON ROADWAY NOT AT CROSSWALK,OTHER,LIGHT CLOTHING,No,POSSIBLE INJURY,NONE,38.98941383,-76.989808,"(38.98941383, -76.989808)"
EJ78520051,210032320,Gaithersburg Police Depar,Injury Crash,08/19/2021 03:50:00 PM,County,S WESTLAND DR,Municipality,SKIDMORE BLVD,,GAITHERSBURG,PEDESTRIAN,OTHER,N/A,DRY,DAYLIGHT,OTHER,NONE DETECTED,NONE DETECTED,F741B0CD-D49C-457F-8E49-37AE35B7072D,PEDESTRIAN,Other,NO IMPROPER ACTIONS,N/A,N/A,REFLECTIVE MATERIAL,No,SUSPECTED SERIOUS INJURY,N/A,39.12688523,-77.18185524,"(39.12688523, -77.18185524)"
MCP29410041,210031534,Montgomery County Police,Injury Crash,08/14/2021 08:50:00 PM,Maryland (State),COLESVILLE RD,County,WAYNE AVE,,N/A,BICYCLIST,STRAIGHT MOVEMENT ANGLE,RAINING,WET,DARK LIGHTS ON,TRAFFIC SIGNAL,NONE DETECTED,NONE DETECTED,68D4E94D-527F-4C82-9852-9D634D3F68BB,BICYCLIST,Cross/Enter at Intersection,FAILURE TO OBEY TRAFFIC SIGNS SIGNALS OR OFFICER,IN BIKEWAY,DISOBEYED PED. SIGNAL,DARK CLOTHING,Yes,SUSPECTED MINOR INJURY,UNKNOWN,38.99488547,-77.03019638,"(38.99488547, -77.03019638)"
DM84940015,210032836,Takoma Park Police Depart,Injury Crash,08/23/2021 10:02:00 AM,,,,,"7690 NEW HAMPSHIRE AVENUE
TAKOMA PARK, MD 20912",,PEDESTRIAN,SINGLE VEHICLE,CLEAR,,DAYLIGHT,NO CONTROLS,UNKNOWN,N/A,553A67A1-EB5F-4756-B44D-EA1929D08FDA,PEDESTRIAN,Getting off/on Vehicle,NO IMPROPER ACTIONS,OTHER,N/A,LIGHT CLOTHING,No,POSSIBLE INJURY,N/A,38.9885236,-76.9880297,"(38.9885236, -76.9880297)"
MCP3227002L,210032187,Montgomery County Police,Injury Crash,08/18/2021 06:03:00 PM,County,CARROLL AVE,Maryland (State),UNIVERSITY BLVD E,,N/A,PEDESTRIAN,SINGLE VEHICLE,CLEAR,DRY,DAYLIGHT,NO CONTROLS,NONE DETECTED,NONE DETECTED,F397A0AB-7318-4FF1-BB39-1D90AE73F470,PEDESTRIAN,Cross/Enter not at Intersection,DART DASH,ON ROADWAY NOT AT CROSSWALK,NO PED. SIGNAL,MIXED CLOTHING,Yes,SUSPECTED MINOR INJURY,N/A,38.99366283,-76.99300267,"(38.99366283, -76.99300267)"
MCP2353009H,210044239,Montgomery County Police,Injury Crash,11/02/2021 08:51:00 AM,County,CHESTNUT ST,County,TILBURY ST,,N/A,OTHER CONVEYANCE,SINGLE VEHICLE,CLOUDY,DRY,DAYLIGHT,OTHER,NONE DETECTED,NONE DETECTED,8C8FB770-6800-440D-B8E8-708ADF6C8A6B,OTHER CONVEYANCE,Cross/Enter at Intersection,FAILURE TO YIELD RIGHT OF WAY,ON ROADWAY AT CROSSWALK,NO PED. SIGNAL,MIXED CLOTHING,Yes,SUSPECTED MINOR INJURY,MC/BIKE HELMET,38.99348254,-77.09284703,"(38.99348254, -77.09284703)"
MCP31630043,220001026,Montgomery County Police,Injury Crash,01/09/2022 05:34:00 PM,Maryland (State),ROCKVILLE PIKE,County,MARINELLI RD,,N/A,PEDESTRIAN,STRAIGHT MOVEMENT ANGLE,RAINING,WET,DARK LIGHTS ON,TRAFFIC SIGNAL,N/A,N/A,E14B39FB-7C9C-4500-B0B5-918A6B15FC0B,PEDESTRIAN,Cross/Enter at Intersection,N/A,ON ROADWAY AT CROSSWALK,OBEYED PED. SIGNAL,HEAD LIGHT,No,POSSIBLE INJURY,N/A,39.04946202,-77.10907586,"(39.04946202, -77.10907586)"
MCP1182003N,210022862,Montgomery County Police,Injury Crash,06/14/2021 08:39:00 AM,County,FOREST PL,County,FOREST RD,,N/A,PEDESTRIAN,OTHER,CLEAR,DRY,DAYLIGHT,PERSON,UNKNOWN,N/A,6BC4AB50-225A-48EC-ABF1-40B326E810FB,PEDESTRIAN,Other Working,NO IMPROPER ACTIONS,DRIVEWAY ACCESS MARKED CROSSWALK,OTHER,REFLECTIVE MATERIAL,No,SUSPECTED MINOR INJURY,REFLECTIVE CLOTHING,39.01296,-77.11339667,"(39.01296, -77.11339667)"
MCP2008008H,210022161,Montgomery County Police,Injury Crash,06/10/2021 04:00:00 PM,County,BOILING BROOK PKWY,County,HUNTERS LA,,N/A,BICYCLIST,OTHER,CLOUDY,DRY,DAYLIGHT,STOP SIGN,NONE DETECTED,NONE DETECTED,453131AE-8AE1-4BE1-8EEB-9F5B02F56033,BICYCLIST,Cross/Enter at Intersection,DART DASH,AT INTERSECTION MARKED CROSSWALK,NO PED. SIGNAL,MIXED CLOTHING,Yes,SUSPECTED MINOR INJURY,NONE,39.04826833,-77.10048333,"(39.04826833, -77.10048333)"
MCP2931005N,210045627,Montgomery County Police,Injury Crash,11/10/2021 06:00:00 PM,,,,,PARKING LOT OF 11720 ROCKVILLE PIKE,,PEDESTRIAN,OTHER,CLEAR,,DARK -- UNKNOWN LIGHTING,STOP SIGN,NONE DETECTED,NONE DETECTED,BA69F8EC-90B3-44FE-B6B1-CBDD32CC47E5,PEDESTRIAN,Walking/Cycling on Sidewalk,NO IMPROPER ACTIONS,SIDEWALK,NO PED. SIGNAL,DARK CLOTHING,No,POSSIBLE INJURY,NONE,39.04888786,-77.11413205,"(39.04888786, -77.11413205)"
MCP289200BL,210045907,Montgomery County Police,Injury Crash,11/12/2021 03:18:00 PM,,,,,"PARKING LOT LOCATED AT 9400 GEORGIA AVENUE SILVER SPRING, MD",,PEDESTRIAN,OTHER,CLEAR,,DAYLIGHT,NO CONTROLS,NONE DETECTED,NONE DETECTED,CE2BFB27-2E23-4EE1-B8F8-AAE6F1BF2F4D,PEDESTRIAN,Standing,OTHER,OTHER,N/A,MIXED CLOTHING,Unknown,POSSIBLE INJURY,NONE,39.00864833,-77.04077167,"(39.00864833, -77.04077167)"
MCP3121004N,220001180,Montgomery County Police,Property Damage Crash,01/10/2022 06:23:00 PM,,,,,CROSSING AREA NEXT TO 18621 WALKERS CHOICE ROAD,,PEDESTRIAN,OTHER,CLEAR,,DARK LIGHTS ON,NO CONTROLS,UNKNOWN,NONE DETECTED,DC903203-C8B8-4923-9B25-8B96D05716C9,PEDESTRIAN,Other,OTHER,OUTSIDE RIGHT OF WAY,NO PED. SIGNAL,MIXED CLOTHING,Yes,NO APPARENT INJURY,N/A,39.16186967,-77.20433514,"(39.16186967, -77.20433514)"
MCP23580091,210044083,Montgomery County Police,Injury Crash,11/01/2021 12:58:00 PM,County,CARDIGAN RD,County,HOWELL RD,,N/A,PEDESTRIAN,OTHER,CLEAR,DRY,DAYLIGHT,NO CONTROLS,UNKNOWN,NONE DETECTED,01343941-E94C-4BB2-8FD6-71781D7729C2,PEDESTRIAN,Walking/Riding against Traffic,NO IMPROPER ACTIONS,CURB,N/A,MIXED CLOTHING,No,POSSIBLE INJURY,NONE,38.9965955,-77.1335605,"(38.9965955, -77.1335605)"
DD5644001X,210046642,Rockville Police Departme,Property Damage Crash,11/17/2021 11:15:00 AM,,,,,315 NORTH WASHINGTON STREET PARKING LOT,,OTHER,OTHER,CLEAR,,DAYLIGHT,NO CONTROLS,NONE DETECTED,NONE DETECTED,BCE7513D-428F-4AAB-9A22-B0746E4E218D,OTHER,N/A,NO IMPROPER ACTIONS,INSIDE BUILDING,N/A,N/A,No,NO APPARENT INJURY,N/A,39.08926376,-77.15318746,"(39.08926376, -77.15318746)"
MCP21070039,210024485,Montgomery County Police,Injury Crash,06/26/2021 09:09:00 AM,County,BARNESVILLE RD,County,MT EPHRAIM RD,,N/A,BICYCLIST,SAME DIR REAR END,CLEAR,DRY,DAYLIGHT,NO CONTROLS,NONE DETECTED,NONE DETECTED,0F2B82F9-E612-4714-87E5-73A19033D525,BICYCLIST,Walking/Riding w/Traffic,NO IMPROPER ACTIONS,OTHER,N/A,MIXED CLOTHING,No,SUSPECTED MINOR INJURY,MC/BIKE HELMET,39.22623333,-77.40316167,"(39.22623333, -77.40316167)"
MCP3143002V,210024917,Montgomery County Police,Injury Crash,06/29/2021 12:00:00 PM,Maryland (State),ROCKVILLE PIKE,County,NICHOLSON LA,,N/A,BICYCLIST,SAME DIRECTION SIDESWIPE,CLEAR,DRY,DAYLIGHT,TRAFFIC SIGNAL,NONE DETECTED,NONE DETECTED,43F9B8EB-5982-4E3E-948C-2091D6042200,BICYCLIST,Walking/Riding w/Traffic,NO IMPROPER ACTIONS,ON ROADWAY NOT AT CROSSWALK,N/A,MIXED CLOTHING,No,SUSPECTED MINOR INJURY,MC/BIKE HELMET,39.04466833,-77.11246333,"(39.04466833, -77.11246333)"
MCP3228001Y,210023945,Montgomery County Police,Injury Crash,06/22/2021 08:19:00 PM,Maryland (State),GEORGIA AVE,US (State),COLESVILLE RD,,N/A,OTHER CONVEYANCE,OTHER,CLEAR,DRY,DAYLIGHT,NO CONTROLS,UNKNOWN,NONE DETECTED,AAF5CCFB-A067-4D9F-B0C8-CD1B7BA29E7C,OTHER CONVEYANCE,Walking/Riding w/Traffic,IN ROADWAY IMPROPERLY,ON ROADWAY NOT AT CROSSWALK,N/A,LIGHT CLOTHING,Yes,SUSPECTED SERIOUS INJURY,MC/BIKE HELMET,38.99627009,-77.02857405,"(38.99627009, -77.02857405)"
EJ78810016,210024873,Gaithersburg Police Depar,Injury Crash,06/29/2021 04:30:00 AM,Maryland (State),FREDERICK RD,Municipality,S WESTLAND DR,,GAITHERSBURG,BICYCLIST,OTHER,CLEAR,DRY,DARK NO LIGHTS,NO CONTROLS,NONE DETECTED,NONE DETECTED,7B60B7C4-0EE0-41C1-8EED-5C057F59948F,BICYCLIST,Walking/Riding w/Traffic,NOT VISIBLE,ON ROADWAY NOT AT CROSSWALK,NO PED. SIGNAL,UNKNOWN,Yes,SUSPECTED MINOR INJURY,NONE,39.12508925,-77.18167297,"(39.12508925, -77.18167297)"