Report Number,Local Case Number,Agency Name,ACRS Report Type,Crash Date/Time,Route Type,Road Name,Cross-Street Type,Cross-Street Name,Off-Road Description,Municipality,Related Non-Motorist,Collision Type,Weather,Surface Condition,Light,Traffic Control,Driver Substance Abuse,Non-Motorist Substance Abuse,Person ID,Pedestrian Type,Pedestrian Movement,Pedestrian Actions,Pedestrian Location,Pedestrian Obeyed Traffic Signal,Pedestrian Visibility,At Fault,Injury Severity,Safety Equipment,Latitude,Longitude,Location
MCP2765005S,210024808,Montgomery County Police,Injury Crash,06/28/2021 04:15:00 PM,,,,,PARKING LOT NEAREST 16220 FREDERICK AVE,,PEDESTRIAN,OTHER,CLEAR,,DAYLIGHT,NO CONTROLS,,NONE DETECTED,75095143-7117-485A-BF93-A72DF51F5D08,PEDESTRIAN,Getting off/on Vehicle,OTHER,OTHER,NO PED. SIGNAL,LIGHT CLOTHING,Yes,SUSPECTED SERIOUS INJURY,NONE,39.12106,-77.17743667,"(39.12106, -77.17743667)"
MCP2939005N,210024258,Montgomery County Police,Injury Crash,06/24/2021 06:18:00 PM,County,SUNDOWN RD,County,HOWARD CHAPEL RD,,N/A,BICYCLIST,SAME DIR REAR END,CLEAR,DRY,DAYLIGHT,NO CONTROLS,NONE DETECTED,N/A,B36504C3-A059-4F71-AAE2-B75E9FC37CEF,BICYCLIST,Cross/Enter at Intersection,NO IMPROPER ACTIONS,ON ROADWAY NOT AT CROSSWALK,N/A,MIXED CLOTHING,No,SUSPECTED MINOR INJURY,MC/BIKE HELMET,39.22366167,-77.07680333,"(39.22366167, -77.07680333)"
MCP2832006C,210024021,Montgomery County Police,Property Damage Crash,06/23/2021 12:45:00 PM,Maryland (State),EAST WEST HWY,County,MEADOWBROOK LA,,N/A,BICYCLIST,SAME DIR REAR END,CLEAR,DRY,DAYLIGHT,PERSON,NONE DETECTED,NONE DETECTED,1C21A60B-569A-4655-9AE0-D005E5B58278,BICYCLIST,Cross/Enter at Intersection,FAILURE TO OBEY TRAFFIC SIGNS SIGNALS OR OFFICER,AT INTERSECTION MARKED CROSSWALK,PED. SIGNAL MALFUNCTION,REFLECTIVE MATERIAL,Yes,NO APPARENT INJURY,MC/BIKE HELMET,38.99280667,-77.06045333,"(38.99280667, -77.06045333)"
MCP158000DZ,210024895,Montgomery County Police,Injury Crash,06/29/2021 09:30:00 AM,Municipality,CHRISTOPHER AVE,Municipality,RUSSELL AVE,,GAITHERSBURG,MACHINE OPERATOR/RIDER,SINGLE VEHICLE,CLEAR,DRY,DAYLIGHT,NO CONTROLS,NONE DETECTED,NONE DETECTED,39C04AD9-623B-4162-89D5-CA1DE4CF2240,MACHINE OPERATOR/RIDER,Walking/Riding against Traffic,OTHER,ON ROADWAY NOT AT CROSSWALK,N/A,MIXED CLOTHING,Yes,SUSPECTED MINOR INJURY,NONE,39.15837833,-77.21249,"(39.15837833, -77.21249)"
MCP31540029,210023699,Montgomery County Police,Injury Crash,06/21/2021 10:26:00 AM,,,,,"19228 CIRCLE GATE DRIVE, GERMANTOWN, MD (APARTMENT COMPLEX T INTERSECTION)",,OTHER CONVEYANCE,HEAD ON LEFT TURN,CLEAR,,DAYLIGHT,STOP SIGN,NONE DETECTED,NONE DETECTED,38C9C4C4-4FA8-4889-BB43-6042E6E614D6,OTHER CONVEYANCE,Other,NO IMPROPER ACTIONS,AT INTERSECTION BUT NO CROSSWALK,N/A,N/A,No,SUSPECTED MINOR INJURY,N/A,39.17153833,-77.26378833,"(39.17153833, -77.26378833)"
MCP3275000K,210016843,Montgomery County Police,Injury Crash,05/05/2021 12:14:00 PM,Maryland (State),GEORGIA AVE,US (State),COLESVILLE RD,,N/A,PEDESTRIAN,OTHER,OTHER,DRY,DAYLIGHT,TRAFFIC SIGNAL,NONE DETECTED,NONE DETECTED,05A4DE12-DF4D-483A-8354-3123DDE1FC4E,PEDESTRIAN,Cross/Enter at Intersection,UNKNOWN,ON ROADWAY AT CROSSWALK,UNKNOWN,MIXED CLOTHING,Unknown,SUSPECTED SERIOUS INJURY,NONE,38.99559833,-77.02806,"(38.99559833, -77.02806)"
MCP2291005C,210030554,Montgomery County Police,Injury Crash,08/06/2021 01:31:00 PM,Maryland (State),CONNECTICUT AVE,Municipality,THORNAPPLE ST,,CHEVY CHASE #4,BICYCLIST,SINGLE VEHICLE,CLEAR,DRY,DAYLIGHT,NO CONTROLS,NONE DETECTED,NONE DETECTED,91DE06BE-8E2E-4955-AC33-D09C10AE0621,BICYCLIST,Cross/Enter at Intersection,NO IMPROPER ACTIONS,ON ROADWAY NOT AT CROSSWALK,NO PED. SIGNAL,DARK CLOTHING,No,SUSPECTED MINOR INJURY,MC/BIKE HELMET,38.9822356,-77.07671668,"(38.9822356, -77.07671668)"
DD56470017,210032646,Rockville Police Departme,Injury Crash,08/21/2021 06:51:00 PM,Municipality,TWINBROOK PKWY,Municipality,CHAPMAN AVE,,ROCKVILLE,PEDESTRIAN,SINGLE VEHICLE,CLEAR,DRY,DUSK,TRAFFIC SIGNAL,N/A,N/A,5529AB08-65AF-481D-929A-75075A104D8C,PEDESTRIAN,Walking/Cycling on Sidewalk,NO IMPROPER ACTIONS,AT INTERSECTION MARKED CROSSWALK,OBEYED PED. SIGNAL,MIXED CLOTHING,No,SUSPECTED SERIOUS INJURY,N/A,39.05867525,-77.11878494,"(39.05867525, -77.11878494)"
DD5644001G,210032849,Rockville Police Departme,Injury Crash,08/23/2021 11:42:00 AM,Municipality,BEALL AVE #2,Maryland (State),HUNGERFORD DR,,N/A,PEDESTRIAN,SINGLE VEHICLE,CLEAR,DRY,DAYLIGHT,TRAFFIC SIGNAL,NONE DETECTED,NONE DETECTED,A5A8CC4A-D086-4A26-AAEB-5CEF21D1CC38,PEDESTRIAN,Cross/Enter at Intersection,NO IMPROPER ACTIONS,AT INTERSECTION MARKED CROSSWALK,OBEYED PED. SIGNAL,MIXED CLOTHING,No,SUSPECTED MINOR INJURY,N/A,39.08679379,-77.15318577,"(39.08679379, -77.15318577)"
MCP32800017,210032816,Montgomery County Police,Injury Crash,08/23/2021 07:07:00 AM,Maryland (State),PINEY BRANCH RD,Other Public Roadway,KODIAK DR,,N/A,BICYCLIST,SINGLE VEHICLE,CLEAR,DRY,DAYLIGHT,OTHER,NONE DETECTED,NONE DETECTED,96A648C9-638F-4A35-9B2D-98C8D17F5058,BICYCLIST,Walking/Cycling on Sidewalk,UNKNOWN,SIDEWALK,NO PED. SIGNAL,MIXED CLOTHING,Unknown,SUSPECTED SERIOUS INJURY,NONE,38.99971833,-76.99328667,"(38.99971833, -76.99328667)"
MCP2286003L,210032979,Montgomery County Police,Injury Crash,08/24/2021 08:25:00 AM,County,GAINSBOROUGH RD,County,SMOKETREE RD,,N/A,PEDESTRIAN,OTHER,N/A,DRY,DAYLIGHT,NO CONTROLS,NONE DETECTED,NONE DETECTED,26874832-22C0-4B2B-9CAD-A4F283460803,PEDESTRIAN,Other Working,FAILURE TO YIELD RIGHT OF WAY,ON ROADWAY NOT AT CROSSWALK,NO PED. SIGNAL,MIXED CLOTHING,No,POSSIBLE INJURY,NONE,39.04732667,-77.16336333,"(39.04732667, -77.16336333)"
EJ7852004Z,210032042,Gaithersburg Police Depar,Injury Crash,08/17/2021 07:00:00 PM,Municipality,MAIN ST,Municipality,MIDTOWN RD,,GAITHERSBURG,BICYCLIST,OTHER,RAINING,WET,DAYLIGHT,STOP SIGN,NONE DETECTED,NONE DETECTED,1679C6D0-0745-4B9B-B60A-0D8F6D080DB6,BICYCLIST,Cross/Enter at Intersection,UNKNOWN,ON ROADWAY NOT AT CROSSWALK,UNKNOWN,MIXED CLOTHING,Unknown,SUSPECTED MINOR INJURY,MC/BIKE HELMET,39.12205721,-77.23864715,"(39.12205721, -77.23864715)"
MCP30550038,210046054,Montgomery County Police,Injury Crash,11/13/2021 01:59:00 PM,Maryland (State),GEORGIA AVE,County,BEL PRE RD,,N/A,BICYCLIST,OTHER,CLEAR,DRY,DAYLIGHT,TRAFFIC SIGNAL,N/A,N/A,A87EE2EE-D1F7-488B-8B6C-88F69953C719,BICYCLIST,Cross/Enter at Intersection,DART DASH,ON ROADWAY NOT AT CROSSWALK,DISOBEYED PED. SIGNAL,LIGHT CLOTHING,Yes,SUSPECTED MINOR INJURY,NONE,39.092965,-77.07975833,"(39.092965, -77.07975833)"
MCP3302000G,210038876,Montgomery County Police,Injury Crash,09/30/2021 07:36:00 PM,County,STEWART LA,County,APRIL LA,,N/A,PEDESTRIAN,SINGLE VEHICLE,CLEAR,DRY,DARK LIGHTS ON,NO CONTROLS,N/A,NONE DETECTED,AD197581-BDCA-41F3-8771-E764E0C131F6,PEDESTRIAN,Cross/Enter not at Intersection,IN ROADWAY IMPROPERLY,ON ROADWAY NOT AT CROSSWALK,NO PED. SIGNAL,MIXED CLOTHING,Yes,SUSPECTED MINOR INJURY,NONE,39.0441139,-76.9803241,"(39.0441139, -76.9803241)"
MCP31990038,210039544,Montgomery County Police,Injury Crash,10/05/2021 06:33:00 AM,Maryland (State),GEORGIA AVE,County,SHOREFIELD RD,,N/A,PEDESTRIAN,OTHER,FOGGY,DRY,DARK LIGHTS ON,TRAFFIC SIGNAL,UNKNOWN,NONE DETECTED,49863E10-727F-4567-A18B-402227F552F6,PEDESTRIAN,Cross/Enter at Intersection,NO IMPROPER ACTIONS,ON ROADWAY AT CROSSWALK,OBEYED PED. SIGNAL,MIXED CLOTHING,No,SUSPECTED MINOR INJURY,NONE,39.05301402,-77.05093333,"(39.05301402, -77.05093333)"
MCP2635006Y,210039321,Montgomery County Police,Injury Crash,10/03/2021 05:33:00 PM,,,,,"PARKING LOT OF GIANT GROCERY STORE 18140 VILLAGE CENTER DRIVE, OLNEY, MARYLAND 20832",,PEDESTRIAN,SINGLE VEHICLE,N/A,,DAYLIGHT,NO CONTROLS,N/A,N/A,3DFD3991-6F8D-4874-A903-108A7435E438,PEDESTRIAN,Cross/Enter at Intersection,NO IMPROPER ACTIONS,DRIVEWAY ACCESS MARKED CROSSWALK,NO PED. SIGNAL,DARK CLOTHING,No,POSSIBLE INJURY,NONE,39.15309833,-77.06438,"(39.15309833, -77.06438)"
MCP32150024,210038392,Montgomery County Police,Property Damage Crash,09/24/2021 02:30:00 PM,Maryland (State),EAST WEST HWY (W/B COUPLET),Unknown,BETHESDA-CHEVY CHASE HIGH SCHOOL,,N/A,OTHER PEDALCYCLIST,OTHER,UNKNOWN,UNKNOWN,DAYLIGHT,NO CONTROLS,UNKNOWN,N/A,51AD2C52-9645-4FB2-ABD3-8A551ECC0125,OTHER PEDALCYCLIST,Standing,NO IMPROPER ACTIONS,CURB,NO PED. SIGNAL,UNKNOWN,No,NO APPARENT INJURY,UNKNOWN,38.98532448,-77.08947,"(38.98532448, -77.08947)"
MCP3201001W,210025891,Montgomery County Police,Injury Crash,07/06/2021 10:19:00 AM,County,GREY EAGLE CT,Maryland (State),GREAT SENECA HWY,,N/A,BICYCLIST,OTHER,CLEAR,DRY,DAYLIGHT,STOP SIGN,N/A,N/A,1A336117-683D-489A-83DA-F4E42B51782B,BICYCLIST,Cross/Enter at Intersection,NO IMPROPER ACTIONS,ON ROADWAY AT CROSSWALK,N/A,LIGHT CLOTHING,No,SUSPECTED MINOR INJURY,NONE,39.169312,-77.2639625,"(39.169312, -77.2639625)"
MCP20550035,210025522,Montgomery County Police,Injury Crash,07/03/2021 08:30:00 AM,Municipality,WATKINS MILL RD,Maryland (State),FREDERICK RD,,N/A,PEDESTRIAN,OTHER,CLEAR,DRY,DAYLIGHT,TRAFFIC SIGNAL,NONE DETECTED,NONE DETECTED,A97DD103-02BC-44AA-90DA-50C4D5E41BAC,PEDESTRIAN,Cross/Enter at Intersection,NO IMPROPER ACTIONS,ON ROADWAY AT CROSSWALK,OBEYED PED. SIGNAL,N/A,No,SUSPECTED MINOR INJURY,N/A,39.159595,-77.21917333,"(39.159595, -77.21917333)"
MCP32880013,210024347,Montgomery County Police,Injury Crash,06/25/2021 11:06:00 AM,County,CHRISTOPHER AVE,Unknown,HELLINGLY PL,,N/A,PEDESTRIAN,OTHER,CLEAR,DRY,DAYLIGHT,NO CONTROLS,NONE DETECTED,NONE DETECTED,0C24A54A-41E6-4C06-9DD1-D83DF9232C9A,PEDESTRIAN,Walking/Cycling on Sidewalk,NO IMPROPER ACTIONS,ON ROADWAY AT CROSSWALK,N/A,LIGHT CLOTHING,No,SUSPECTED SERIOUS INJURY,N/A,39.15942536,-77.20582028,"(39.15942536, -77.20582028)"
MCP94420023,210025732,Montgomery County Police,Injury Crash,06/23/2021 07:00:00 AM,,,,,PARKING LOT OF 19351 DUNBRIDGE WAY,,PEDESTRIAN,OTHER,CLEAR,,DAYLIGHT,N/A,N/A,N/A,6D99C991-8713-476D-856B-902B8AFA6F69,PEDESTRIAN,Other,NO IMPROPER ACTIONS,OTHER,N/A,UNKNOWN,No,SUSPECTED MINOR INJURY,N/A,39.17341333,-77.212455,"(39.17341333, -77.212455)"
MCP3112005G,210038852,Montgomery County Police,Injury Crash,09/30/2021 05:00:00 PM,Maryland (State),WISCONSIN AVE,County,WOODMONT AVE,,N/A,PEDESTRIAN,OTHER,CLEAR,DRY,DAYLIGHT,NO CONTROLS,NONE DETECTED,NONE DETECTED,95362F3E-E1A0-4C70-9A2A-BD08214B5F08,PEDESTRIAN,Cross/Enter at Intersection,NO IMPROPER ACTIONS,AT INTERSECTION MARKED CROSSWALK,OBEYED PED. SIGNAL,MIXED CLOTHING,No,SUSPECTED MINOR INJURY,NONE,38.98005269,-77.0922428,"(38.98005269, -77.0922428)"
DM8476002M,210039141,Takoma Park Police Depart,Injury Crash,10/02/2021 02:20:00 PM,,,,,PARKING LOT,,PEDESTRIAN,OTHER,CLEAR,,DAYLIGHT,NO CONTROLS,N/A,N/A,E38DDC5E-662A-4D23-9DE8-F8A29F924B91,PEDESTRIAN,Other,IN ROADWAY IMPROPERLY,OTHER,NO PED. SIGNAL,N/A,Unknown,POSSIBLE INJURY,N/A,38.98989667,-76.98924,"(38.98989667, -76.98924)"
MCP3050005C,210038563,Montgomery County Police,Injury Crash,09/29/2021 11:35:00 AM,Maryland (State),CONNECTICUT AVE,Unknown,ENT TO ASPEN HILLS SHOPPING CTR,,N/A,BICYCLIST,SINGLE VEHICLE,CLEAR,DRY,DAYLIGHT,NO CONTROLS,NONE DETECTED,NONE DETECTED,4CC44B5B-1E8C-42FD-B204-5A5EA948848F,BICYCLIST,Cross/Enter at Intersection,OTHER,DRIVEWAY ACCESS MARKED CROSSWALK,N/A,DARK CLOTHING,No,POSSIBLE INJURY,NONE,39.07909167,-77.08060167,"(39.07909167, -77.08060167)"
MCP9428003W,210045828,Montgomery County Police,Injury Crash,11/12/2021 07:47:00 AM,County,STRINGTOWN RD,County,NEEDLE DR,,N/A,PEDESTRIAN,OPPOSITE DIRECTION SIDESWIPE,RAINING,WET,DAYLIGHT,NO CONTROLS,NONE DETECTED,NONE DETECTED,5080FADF-275A-493D-A32E-E7B3E3C94962,PEDESTRIAN,Other,INATTENTIVE,OTHER,N/A,REFLECTIVE MATERIAL,Yes,SUSPECTED MINOR INJURY,REFLECTIVE CLOTHING,39.24794561,-77.25990661,"(39.24794561, -77.25990661)"
DD5610006N,210025218,Rockville Police Departme,Injury Crash,07/01/2021 10:20:00 AM,Maryland (State),ROCKVILLE PIKE,Municipality,TALBOTT ST,,ROCKVILLE,BICYCLIST,OTHER,CLEAR,DRY,DAYLIGHT,NO CONTROLS,N/A,N/A,33319449-333E-497E-9508-F03B74E5C5EE,BICYCLIST,Cross/Enter not at Intersection,DART DASH,ON ROADWAY NOT AT CROSSWALK,OTHER,LIGHT CLOTHING,Yes,POSSIBLE INJURY,UNKNOWN,39.07108307,-77.13208008,"(39.07108307, -77.13208008)"
MCP3124004B,210024539,Montgomery County Police,Injury Crash,06/26/2021 03:50:00 PM,,,,,"11160 VEIRS MILL RD SILVER SPRING, MD 20902 // WHEATON MALL // PARKING LOT NEAR EXIT 6",,PEDESTRIAN,SINGLE VEHICLE,CLOUDY,,DAYLIGHT,NO CONTROLS,NONE DETECTED,NONE DETECTED,A984F546-8546-4182-B84D-84A657E02C48,PEDESTRIAN,Other,NO IMPROPER ACTIONS,OTHER,NO PED. SIGNAL,LIGHT CLOTHING,No,SUSPECTED MINOR INJURY,NONE,39.03808667,-77.05612167,"(39.03808667, -77.05612167)"
MCP3264001T,210023890,Montgomery County Police,Injury Crash,06/22/2021 02:23:00 PM,County,SECOND AVE,County,APPLE AVE,,N/A,PEDESTRIAN,OTHER,CLEAR,DRY,DAYLIGHT,TRAFFIC SIGNAL,NONE DETECTED,NONE DETECTED,246BE639-3A87-41C5-8B53-DEE5FAB281DD,PEDESTRIAN,Cross/Enter at Intersection,NO IMPROPER ACTIONS,ON ROADWAY AT CROSSWALK,OBEYED PED. SIGNAL,MIXED CLOTHING,No,POSSIBLE INJURY,NONE,38.99612244,-77.03191833,"(38.99612244, -77.03191833)"
MCP3218001Q,210024842,Montgomery County Police,Injury Crash,06/28/2021 07:23:00 PM,Maryland (State),UNIVERSITY BLVD W,Government,SLIGO CREEK PKWY,,N/A,BICYCLIST,STRAIGHT MOVEMENT ANGLE,CLEAR,DRY,DAYLIGHT,TRAFFIC SIGNAL,NONE DETECTED,NONE DETECTED,1C4DCAD5-CA1A-4396-975E-AD4D1952F454,BICYCLIST,Cross/Enter at Intersection,NO IMPROPER ACTIONS,IN BIKEWAY,OBEYED PED. SIGNAL,LIGHT CLOTHING,No,POSSIBLE INJURY,MC/BIKE HELMET,39.03638017,-77.03056433,"(39.03638017, -77.03056433)"
MCP2192003Y,210025523,Montgomery County Police,Injury Crash,07/03/2021 08:44:00 AM,County,LONGMEAD CROSSING DR,Maryland (State),LAYHILL RD,,N/A,PEDESTRIAN,OTHER,CLOUDY,DRY,DAYLIGHT,TRAFFIC SIGNAL,NONE DETECTED,NONE DETECTED,B646C7C6-CEF9-4C3C-967B-59A1255CD4CC,PEDESTRIAN,Cross/Enter at Intersection,NO IMPROPER ACTIONS,ON ROADWAY AT CROSSWALK,OBEYED PED. SIGNAL,DARK CLOTHING,No,SUSPECTED MINOR INJURY,N/A,39.09567667,-77.044915,"(39.09567667, -77.044915)"
MCP31960023,210025450,Montgomery County Police,Injury Crash,07/02/2021 04:58:00 PM,County,WATERS LANDING DR,County,FATHER HURLEY BLVD,,N/A,BICYCLIST,HEAD ON LEFT TURN,CLEAR,N/A,DAYLIGHT,TRAFFIC SIGNAL,N/A,N/A,3A7CEABF-BC39-4371-B540-927C3826F434,BICYCLIST,Cross/Enter at Intersection,NO IMPROPER ACTIONS,N/A,N/A,N/A,No,SUSPECTED MINOR INJURY,MC/BIKE HELMET,39.19188483,-77.27192617,"(39.19188483, -77.27192617)"
MCP2603003M,210025244,Montgomery County Police,Injury Crash,07/01/2021 12:29:00 PM,,,,,PARKING LOT 803 RUSSELL AVENUE,,PEDESTRIAN,OTHER,CLEAR,,DAYLIGHT,N/A,N/A,N/A,38841B20-30C5-4B39-9CF7-C09E99C11D8D,PEDESTRIAN,Other,UNKNOWN,OTHER,N/A,MIXED CLOTHING,No,POSSIBLE INJURY,N/A,39.15552667,-77.20957667,"(39.15552667, -77.20957667)"
MCP2330002W,210025335,Montgomery County Police,Injury Crash,07/01/2021 09:06:00 PM,Maryland (State),GEORGIA AVE,County,REEDIE DR,,N/A,PEDESTRIAN,OTHER,RAINING,WET,DARK LIGHTS ON,TRAFFIC SIGNAL,NONE DETECTED,UNKNOWN,4E1DA0C0-6453-4E6F-B7AF-BB10D8CC4F5F,PEDESTRIAN,Cross/Enter not at Intersection,DART DASH,OUTSIDE RIGHT OF WAY,DISOBEYED PED. SIGNAL,DARK CLOTHING,Yes,POSSIBLE INJURY,NONE,39.03794833,-77.05084,"(39.03794833, -77.05084)"
MCP31110046,210039107,Montgomery County Police,Injury Crash,10/02/2021 09:13:00 AM,County,MACARTHUR BLVD,County,79TH ST,,N/A,BICYCLIST,SINGLE VEHICLE,CLEAR,DRY,DAYLIGHT,NO CONTROLS,NONE DETECTED,NONE DETECTED,4EBCF51A-CFFD-490E-90A0-5BC2148508EE,BICYCLIST,Walking/Riding w/Traffic,NO IMPROPER ACTIONS,SHOULDER,NO PED. SIGNAL,LIGHT CLOTHING,No,POSSIBLE INJURY,MC/BIKE HELMET,38.97496403,-77.16327455,"(38.97496403, -77.16327455)"
MCP2610002C,210038854,Montgomery County Police,Injury Crash,09/30/2021 05:14:00 PM,County,SHADY GROVE RD,Ramp,RAMP 8 FR RAMP 5 TO SHADY GROVE RD,,N/A,BICYCLIST,STRAIGHT MOVEMENT ANGLE,CLEAR,DRY,DAYLIGHT,TRAFFIC SIGNAL,NONE DETECTED,NONE DETECTED,1B7EF5A4-44CC-4A6F-AA59-8E1EC6BEA7AC,BICYCLIST,Cross/Enter at Intersection,NO IMPROPER ACTIONS,AT INTERSECTION MARKED CROSSWALK,NO PED. SIGNAL,LIGHT CLOTHING,No,POSSIBLE INJURY,MC/BIKE HELMET,39.10921333,-77.18851,"(39.10921333, -77.18851)"
MCP229800YM,210039830,Montgomery County Police,Injury Crash,10/06/2021 02:11:00 PM,County,SNOUFFERS SCHOOL RD,County,BONANZA WAY,,N/A,PEDESTRIAN,OTHER,CLOUDY,WET,DAYLIGHT,NO CONTROLS,NONE DETECTED,NONE DETECTED,7BF6BAE3-FB96-4D2D-B4BB-F44AE37DF5B5,PEDESTRIAN,Cross/Enter at Intersection,NO IMPROPER ACTIONS,AT INTERSECTION BUT NO CROSSWALK,NO PED. SIGNAL,LIGHT CLOTHING,No,POSSIBLE INJURY,NONE,39.16635853,-77.17087379,"(39.16635853, -77.17087379)"
MCP3282000W,210039076,Montgomery County Police,Injury Crash,10/01/2021 11:42:00 PM,Maryland (State),GREAT SENECA HWY,County,WISTERIA DR,,N/A,PEDESTRIAN,OTHER,N/A,DRY,DARK LIGHTS ON,N/A,NONE DETECTED,UNKNOWN,8A672DE9-5D4B-4876-8BAA-FD02ECD1D3DD,PEDESTRIAN,Standing,IN ROADWAY IMPROPERLY,ON ROADWAY NOT AT CROSSWALK,NO PED. SIGNAL,MIXED CLOTHING,Yes,POSSIBLE INJURY,NONE,39.17073726,-77.26243425,"(39.17073726, -77.26243425)"
MCP3154002J,210039108,Montgomery County Police,Injury Crash,10/02/2021 07:45:00 AM,,,,,"13501 RICHTER FARM ROAD, GERMANTOWN, MD 20874",,BICYCLIST,SINGLE VEHICLE,CLEAR,,DAYLIGHT,STOP SIGN,NONE DETECTED,NONE DETECTED,FAED652B-B00D-452B-8900-D66FDC052B1E,BICYCLIST,Walking/Cycling on Sidewalk,UNKNOWN,DRIVEWAY ACCESS MARKED CROSSWALK,NO PED. SIGNAL,UNKNOWN,No,SUSPECTED MINOR INJURY,MC/BIKE HELMET,39.15162364,-77.28244287,"(39.15162364, -77.28244287)"
MCP3200003S,210038762,Montgomery County Police,Injury Crash,09/30/2021 10:26:00 AM,County,PARKLAWN DR,Other Public Roadway,COAKLEY CIR,,N/A,BICYCLIST,OTHER,CLEAR,DRY,DAYLIGHT,NO CONTROLS,NONE DETECTED,NONE DETECTED,1A5A5301-FFF1-4882-A837-36E4BE489D48,BICYCLIST,Walking/Riding w/Traffic,INATTENTIVE,ON ROADWAY NOT AT CROSSWALK,NO PED. SIGNAL,MIXED CLOTHING,Yes,SUSPECTED MINOR INJURY,MC/BIKE HELMET,39.04964171,-77.10273624,"(39.04964171, -77.10273624)"
MCP29820047,210039034,Montgomery County Police,Property Damage Crash,10/01/2021 06:37:00 PM,County,FRANKLIN AVE,County,CAROLINE AVE,,N/A,OTHER PEDALCYCLIST,OTHER,N/A,DRY,DAYLIGHT,NO CONTROLS,NONE DETECTED,NONE DETECTED,A49819AC-BBDA-439C-90C1-7CAFAB05E367,OTHER PEDALCYCLIST,Cross/Enter at Intersection,FAILURE TO YIELD RIGHT OF WAY,AT INTERSECTION BUT NO CROSSWALK,NO PED. SIGNAL,LIGHT CLOTHING,Yes,NO APPARENT INJURY,UNKNOWN,39.00936912,-77.01271447,"(39.00936912, -77.01271447)"
MCP3130003V,210033180,Montgomery County Police,Property Damage Crash,08/25/2021 02:00:00 PM,,,,,STRUCK BUILDING 3402 HEWITT AVE. SILVER SPRING MD 20906,,OTHER,SINGLE VEHICLE,CLEAR,,DAYLIGHT,N/A,NONE DETECTED,N/A,C9506193-923B-453C-9C2E-4681089ECD31,OTHER,N/A,N/A,N/A,N/A,N/A,No,NO APPARENT INJURY,N/A,39.07843833,-77.06838333,"(39.07843833, -77.06838333)"
DM8497000W,210032942,Takoma Park Police Depart,Injury Crash,08/23/2021 08:20:00 PM,Maryland (State),UNIVERSITY BLVD E,Unknown,PRINCE GEORGES CO/L,,N/A,PEDESTRIAN,OTHER,CLEAR,DRY,DARK LIGHTS ON,NO CONTROLS,NONE DETECTED,ALCOHOL CONTRIBUTED,8305E2DF-B414-48D9-A906-AA646549D692,PEDESTRIAN,Cross/Enter not at Intersection,IN ROADWAY IMPROPERLY,ON ROADWAY NOT AT CROSSWALK,NO PED. SIGNAL,UNKNOWN,Yes,SUSPECTED SERIOUS INJURY,NONE,38.98706472,-76.98485973,"(38.98706472, -76.98485973)"
MCP3039005K,210034044,Montgomery County Police,Injury Crash,08/31/2021 04:15:00 PM,US (State),GEORGIA AVE,County,SLIGO AVE,,N/A,PEDESTRIAN,OTHER,CLEAR,DRY,DAYLIGHT,TRAFFIC SIGNAL,NONE DETECTED,NONE DETECTED,0B66953B-7B19-4846-83CD-15C64BB76FB3,PEDESTRIAN,Cross/Enter at Intersection,IN ROADWAY IMPROPERLY,ON ROADWAY NOT AT CROSSWALK,DISOBEYED PED. SIGNAL,MIXED CLOTHING,Yes,POSSIBLE INJURY,N/A,38.99031615,-77.02637318,"(38.99031615, -77.02637318)"
MCP3218001R,210026879,Montgomery County Police,Injury Crash,07/12/2021 07:22:00 PM,Maryland (State),GEORGIA AVE,County,RANDOLPH RD,,N/A,PEDESTRIAN,STRAIGHT MOVEMENT ANGLE,CLEAR,DRY,DAYLIGHT,TRAFFIC SIGNAL,NONE DETECTED,NONE DETECTED,E792B15C-FBD7-42C9-8026-3E8111B9474F,PEDESTRIAN,Cross/Enter not at Intersection,IN ROADWAY IMPROPERLY,ON ROADWAY NOT AT CROSSWALK,UNKNOWN,DARK CLOTHING,Unknown,SUSPECTED SERIOUS INJURY,NONE,39.05770717,-77.050085,"(39.05770717, -77.050085)"
MCP3109005M,210026745,Montgomery County Police,Property Damage Crash,07/12/2021 06:50:00 AM,County,SLIGO AVE,US (State),GEORGIA AVE,,N/A,BICYCLIST,STRAIGHT MOVEMENT ANGLE,CLEAR,DRY,DAYLIGHT,TRAFFIC SIGNAL,NONE DETECTED,N/A,924928E9-CD20-440F-B1C1-34DF4281138B,BICYCLIST,Cross/Enter at Intersection,IN ROADWAY IMPROPERLY,ON ROADWAY AT CROSSWALK,DISOBEYED PED. SIGNAL,DARK CLOTHING,Yes,NO APPARENT INJURY,NONE,38.99033733,-77.026691,"(38.99033733, -77.026691)"
MCP2917007Z,210026871,Montgomery County Police,Injury Crash,07/12/2021 06:23:00 PM,Maryland (State),CONNECTICUT AVE,County,WELLER RD,,N/A,PEDESTRIAN,OTHER,RAINING,WET,DAYLIGHT,TRAFFIC SIGNAL,NONE DETECTED,NONE DETECTED,FE165C69-95E3-42BA-894A-53B73B5C0E0D,PEDESTRIAN,Cross/Enter at Intersection,NO IMPROPER ACTIONS,ON ROADWAY AT CROSSWALK,OBEYED PED. SIGNAL,LIGHT CLOTHING,No,POSSIBLE INJURY,NONE,39.06332204,-77.07341997,"(39.06332204, -77.07341997)"