Report Number,Local Case Number,Agency Name,ACRS Report Type,Crash Date/Time,Route Type,Road Name,Cross-Street Type,Cross-Street Name,Off-Road Description,Municipality,Related Non-Motorist,Collision Type,Weather,Surface Condition,Light,Traffic Control,Driver Substance Abuse,Non-Motorist Substance Abuse,Person ID,Pedestrian Type,Pedestrian Movement,Pedestrian Actions,Pedestrian Location,Pedestrian Obeyed Traffic Signal,Pedestrian Visibility,At Fault,Injury Severity,Safety Equipment,Latitude,Longitude,Location
DD56470012,210026656,Rockville Police Departme,Injury Crash,07/11/2021 12:15:00 PM,,,,,SOUTHBOUND SIDE CROSS WALK OF 1647 ROCKVILLE PIKE,,BICYCLIST,OTHER,CLEAR,,DAYLIGHT,UNKNOWN,N/A,NONE DETECTED,09C95211-9088-482B-80A6-1FE788092B80,BICYCLIST,Cross/Enter at Intersection,UNKNOWN,AT INTERSECTION MARKED CROSSWALK,UNKNOWN,MIXED CLOTHING,Unknown,SUSPECTED MINOR INJURY,UNKNOWN,39.07880683,-77.14032767,"(39.07880683, -77.14032767)"
MCP3225001M,210026298,Montgomery County Police,Injury Crash,07/08/2021 05:15:00 PM,,,,,"116 UNIVERSITY BLVD W.
SILVER SPRING, MD",,PEDESTRIAN,OTHER,CLOUDY,,DAYLIGHT,N/A,UNKNOWN,NONE DETECTED,831D4C51-39FF-41B3-B3B0-A855DB9E0663,PEDESTRIAN,Standing,NO IMPROPER ACTIONS,OTHER,N/A,UNKNOWN,No,POSSIBLE INJURY,N/A,39.02120545,-77.01557047,"(39.02120545, -77.01557047)"
MCP1323001H,210038560,Montgomery County Police,Injury Crash,09/29/2021 11:14:00 AM,US (State),GEORGIA AVE,County,BLAIR RD,,N/A,BICYCLIST,SAME DIRECTION SIDESWIPE,CLEAR,DRY,DAYLIGHT,TRAFFIC SIGNAL,NONE DETECTED,NONE DETECTED,6F12AE92-464F-4C92-B812-E06E1152E146,BICYCLIST,Walking/Riding w/Traffic,ENTERING EXITING PARKED STANDING VEHICLE,CURB,N/A,LIGHT CLOTHING,Yes,SUSPECTED MINOR INJURY,MC/BIKE HELMET,38.98482,-77.02689333,"(38.98482, -77.02689333)"
MCP26350074,220001045,Montgomery County Police,Injury Crash,01/09/2022 08:39:00 PM,County,NEWPORT MILL RD,Maryland (State),VEIRS MILL RD,,N/A,PEDESTRIAN,SINGLE VEHICLE,CLEAR,WET,DARK LIGHTS ON,TRAFFIC SIGNAL,N/A,UNKNOWN,5E010D71-040D-497E-B3F7-ED06A05284E9,PEDESTRIAN,Walking/Riding against Traffic,IN ROADWAY IMPROPERLY,ON ROADWAY NOT AT CROSSWALK,OTHER,DARK CLOTHING,Yes,SUSPECTED SERIOUS INJURY,NONE,39.04504667,-77.06498333,"(39.04504667, -77.06498333)"
MCP30790048,220009254,Montgomery County Police,Injury Crash,03/03/2022 05:55:00 PM,,,,,19815 GERMANTOWN RD EXXON GAS STATION,,PEDESTRIAN,N/A,CLEAR,,DAYLIGHT,NO CONTROLS,NONE DETECTED,UNKNOWN,23189FE8-258F-4B34-8DCB-8AD6E98E90BA,PEDESTRIAN,Cross/Enter at Intersection,NO IMPROPER ACTIONS,AT INTERSECTION BUT NO CROSSWALK,NO PED. SIGNAL,MIXED CLOTHING,No,POSSIBLE INJURY,N/A,39.18134323,-77.26148406,"(39.18134323, -77.26148406)"
DD5650001C,220009976,Rockville Police Departme,Injury Crash,03/07/2022 06:20:00 PM,Municipality,N STONESTREET AVE,Municipality,SPRING AVE,,ROCKVILLE,PEDESTRIAN,OTHER,UNKNOWN,UNKNOWN,DUSK,NO CONTROLS,UNKNOWN,NONE DETECTED,77D3440A-EDB6-43B6-99B3-F9C3B1AC4514,PEDESTRIAN,Cross/Enter at Intersection,FAILURE TO YIELD RIGHT OF WAY,AT INTERSECTION BUT NO CROSSWALK,NO PED. SIGNAL,UNKNOWN,Unknown,POSSIBLE INJURY,UNKNOWN,39.09311918,-77.15012593,"(39.09311918, -77.15012593)"
MCP2353009R,220008992,Montgomery County Police,Injury Crash,03/02/2022 11:50:00 AM,County,CHESHIRE DR,Maryland (State),OLD GEORGETOWN RD,,N/A,PEDESTRIAN,SINGLE VEHICLE,CLOUDY,DRY,DAYLIGHT,PERSON,NONE DETECTED,NONE DETECTED,0C01E97D-0186-4594-B17A-CAE59F067250,PEDESTRIAN,Cross/Enter at Intersection,NO IMPROPER ACTIONS,ON ROADWAY AT CROSSWALK,OBEYED PED. SIGNAL,MIXED CLOTHING,No,SUSPECTED MINOR INJURY,NONE,39.0225,-77.12341833,"(39.0225, -77.12341833)"
MCP2339006T,220007845,Montgomery County Police,Injury Crash,03/02/2022 04:30:00 PM,County,E GUDE DR,County,CRABBS BRANCH WAY,,N/A,BICYCLIST,OTHER,CLEAR,DRY,DAYLIGHT,TRAFFIC SIGNAL,N/A,N/A,63A84251-B207-4021-B8E3-EEF1B5D82544,BICYCLIST,Cross/Enter at Intersection,NO IMPROPER ACTIONS,ON ROADWAY AT CROSSWALK,OTHER,UNKNOWN,No,SUSPECTED MINOR INJURY,UNKNOWN,39.10646067,-77.15212727,"(39.10646067, -77.15212727)"
MCP11740054,220009024,Montgomery County Police,Injury Crash,03/02/2022 01:38:00 PM,Government,CENTER DR,Maryland (State),OLD GEORGETOWN RD,,N/A,PEDESTRIAN,SINGLE VEHICLE,CLEAR,DRY,DAYLIGHT,TRAFFIC SIGNAL,NONE DETECTED,NONE DETECTED,5039BFC4-5F70-4201-B34C-7B9C8FCFA389,PEDESTRIAN,Cross/Enter at Intersection,NO IMPROPER ACTIONS,AT INTERSECTION MARKED CROSSWALK,OBEYED PED. SIGNAL,LIGHT CLOTHING,No,POSSIBLE INJURY,NONE,39.0029773,-77.10986325,"(39.0029773, -77.10986325)"
MCP3201001X,210026522,Montgomery County Police,Injury Crash,07/10/2021 10:45:00 AM,County,MILESTONE CENTER DR,County,OBSERVATION DR,,N/A,BICYCLIST,OTHER,CLEAR,DRY,DAYLIGHT,TRAFFIC SIGNAL,N/A,N/A,66D81C4C-268B-4C85-A892-23C0D82D71ED,BICYCLIST,Cross/Enter at Intersection,NO IMPROPER ACTIONS,ON ROADWAY AT CROSSWALK,OBEYED PED. SIGNAL,LIGHT CLOTHING,No,POSSIBLE INJURY,NONE,39.20428183,-77.26000367,"(39.20428183, -77.26000367)"
MCP32580013,210025401,Montgomery County Police,Injury Crash,07/02/2021 12:39:00 PM,County,PRICE AVE,Maryland (State),GEORGIA AVE,,N/A,BICYCLIST,SAME DIR REAR END,CLEAR,DRY,DAYLIGHT,N/A,N/A,N/A,2A1469EE-07C0-485C-84EC-5058E82DC486,BICYCLIST,Walking/Riding w/Traffic,UNKNOWN,ON ROADWAY NOT AT CROSSWALK,NO PED. SIGNAL,LIGHT CLOTHING,Unknown,SUSPECTED MINOR INJURY,MC/BIKE HELMET,39.04009167,-77.051125,"(39.04009167, -77.051125)"
MCP28770093,210026368,Montgomery County Police,Injury Crash,07/09/2021 10:20:00 AM,Maryland (State),GOLDSBORO RD,County,HAVILAND DR,,N/A,BICYCLIST,SAME DIRECTION RIGHT TURN,CLEAR,DRY,DAYLIGHT,NO CONTROLS,NONE DETECTED,NONE DETECTED,1B026946-E7C2-4E6E-960F-847955F939B6,BICYCLIST,Walking/Riding w/Traffic,NO IMPROPER ACTIONS,SHOULDER,NO PED. SIGNAL,DARK CLOTHING,No,SUSPECTED MINOR INJURY,MC/BIKE HELMET,38.9724921,-77.12281031,"(38.9724921, -77.12281031)"
MCP285900B3,210026650,Montgomery County Police,Injury Crash,07/11/2021 12:50:00 PM,Maryland (State),S FREDERICK RD,County,N WESTLAND DR,,N/A,BICYCLIST,STRAIGHT MOVEMENT ANGLE,CLEAR,DRY,DAYLIGHT,TRAFFIC SIGNAL,N/A,NONE DETECTED,7247BB92-0494-41A3-91B0-1FF41D9AAACB,BICYCLIST,Cross/Enter at Intersection,NO IMPROPER ACTIONS,AT INTERSECTION MARKED CROSSWALK,OBEYED PED. SIGNAL,MIXED CLOTHING,No,POSSIBLE INJURY,MC/BIKE HELMET,39.12567667,-77.18317833,"(39.12567667, -77.18317833)"
DD56470010,210026355,Rockville Police Departme,Injury Crash,07/09/2021 03:45:00 AM,Maryland (State),ROCKVILLE PIKE,Unknown,SPUR TO MD 28,,N/A,PEDESTRIAN,OTHER,UNKNOWN,UNKNOWN,DARK NO LIGHTS,TRAFFIC SIGNAL,N/A,N/A,B4185304-6900-4964-B94A-0689FC1A8834,PEDESTRIAN,Cross/Enter at Intersection,UNKNOWN,ON ROADWAY AT CROSSWALK,UNKNOWN,DARK CLOTHING,Yes,SUSPECTED MINOR INJURY,NONE,39.08141517,-77.1456278,"(39.08141517, -77.1456278)"
MCP29310055,210026292,Montgomery County Police,Injury Crash,07/08/2021 05:17:00 PM,Maryland (State),ROCKVILLE PIKE,County,BOU AVE,,N/A,PEDESTRIAN,OTHER,CLEAR,DRY,DAYLIGHT,TRAFFIC SIGNAL,UNKNOWN,NONE DETECTED,C9EDB24A-7EFE-4D33-859F-6E5CB828EFD2,PEDESTRIAN,Cross/Enter at Intersection,NO IMPROPER ACTIONS,ON ROADWAY AT CROSSWALK,OBEYED PED. SIGNAL,LIGHT CLOTHING,No,SUSPECTED MINOR INJURY,NONE,39.05611333,-77.11922907,"(39.05611333, -77.11922907)"
MCP24110078,210034007,Montgomery County Police,Injury Crash,08/31/2021 12:08:00 PM,County,E JEFFERSON ST,Unknown,ENT TO FEDERAL PLAZA SC,,N/A,PEDESTRIAN,SINGLE VEHICLE,CLEAR,DRY,DAYLIGHT,NO CONTROLS,NONE DETECTED,UNKNOWN,36B8D533-11DB-4758-89E6-0A855A77ABFA,PEDESTRIAN,Cross/Enter not at Intersection,DART DASH,ON ROADWAY NOT AT CROSSWALK,NO PED. SIGNAL,UNKNOWN,Yes,SUSPECTED MINOR INJURY,UNKNOWN,39.05808713,-77.12637551,"(39.05808713, -77.12637551)"
MCP32550022,210028107,Montgomery County Police,Injury Crash,07/20/2021 08:00:00 PM,,,,,PARKING LOT IN FRONT OF BIG LOTS LOCATED AT 19142 MONTGOMERY VILLAGE AVE,,PEDESTRIAN,SINGLE VEHICLE,CLEAR,,DAYLIGHT,N/A,N/A,N/A,BE49E906-9545-480F-B4B4-B09245CE52F4,PEDESTRIAN,Other,NOT VISIBLE,OTHER,NO PED. SIGNAL,MIXED CLOTHING,No,SUSPECTED MINOR INJURY,NONE,39.15664333,-77.22447833,"(39.15664333, -77.22447833)"
MCP21600026,210032938,Montgomery County Police,Injury Crash,08/23/2021 08:08:00 PM,County,WATKINS MILL RD,County,CLUB HOUSE RD,,N/A,PEDESTRIAN,SINGLE VEHICLE,CLEAR,DRY,DARK NO LIGHTS,TRAFFIC SIGNAL,N/A,N/A,C4FB9AD7-B0ED-49BF-B215-8B4BFCC1B510,PEDESTRIAN,Cross/Enter at Intersection,NO IMPROPER ACTIONS,SIDEWALK,OBEYED PED. SIGNAL,LIGHT CLOTHING,No,SUSPECTED SERIOUS INJURY,N/A,39.17413117,-77.207822,"(39.17413117, -77.207822)"
MCP3059006T,210033524,Montgomery County Police,Injury Crash,08/27/2021 08:50:00 PM,County,BRANDERMILL DR,Unknown,STONEY POINT WAY,,N/A,PEDESTRIAN,SAME DIRECTION SIDESWIPE,RAINING,WET,DARK LIGHTS ON,NO CONTROLS,NONE DETECTED,NONE DETECTED,B35BDCBB-6749-4E1D-94CF-D3C9F821B3B9,PEDESTRIAN,Getting off/on Vehicle,IN ROADWAY IMPROPERLY,ON ROADWAY NOT AT CROSSWALK,N/A,MIXED CLOTHING,No,POSSIBLE INJURY,N/A,39.184555,-77.236745,"(39.184555, -77.236745)"
MCP3164004T,210033827,Montgomery County Police,Injury Crash,08/30/2021 09:45:00 AM,,,,,PARKING LOT OF 3000 MCCOMAS,,PEDESTRIAN,SINGLE VEHICLE,N/A,,DAYLIGHT,NO CONTROLS,NONE DETECTED,N/A,8C679DA5-6251-409D-8BAB-0A92598F0172,PEDESTRIAN,Other,FAILURE TO YIELD RIGHT OF WAY,ON ROADWAY NOT AT CROSSWALK,N/A,DARK CLOTHING,Yes,POSSIBLE INJURY,NONE,39.03224644,-77.06181157,"(39.03224644, -77.06181157)"
MCP26370048,210033717,Montgomery County Police,Injury Crash,08/29/2021 12:01:00 PM,Maryland (State),RIVER RD,County,SWAINS LOCK RD,,N/A,BICYCLIST,HEAD ON LEFT TURN,CLOUDY,DRY,DAYLIGHT,STOP SIGN,NONE DETECTED,NONE DETECTED,5F646B8E-927A-40AF-B4CC-8B9DC8336F7C,BICYCLIST,Cross/Enter at Intersection,NO IMPROPER ACTIONS,AT INTERSECTION BUT NO CROSSWALK,OTHER,LIGHT CLOTHING,No,POSSIBLE INJURY,MC/BIKE HELMET,39.03534833,-77.24038667,"(39.03534833, -77.24038667)"
MCP2539001S,210033537,Montgomery County Police,Property Damage Crash,08/27/2021 09:15:00 PM,County,BATTERY LA,County,KEYSTONE AVE,,N/A,PEDESTRIAN,OTHER,CLOUDY,DRY,DARK LIGHTS ON,NO CONTROLS,UNKNOWN,NONE DETECTED,E730705F-83D1-49EA-A592-5961363A2E53,PEDESTRIAN,Cross/Enter not at Intersection,N/A,ON ROADWAY AT CROSSWALK,OBEYED PED. SIGNAL,LIGHT CLOTHING,No,NO APPARENT INJURY,N/A,38.99194433,-77.09801817,"(38.99194433, -77.09801817)"
MCP2492001N,210032806,Montgomery County Police,Fatal Crash,08/23/2021 01:57:00 AM,Maryland (State),UNIVERSITY BLVD E,Unknown,SPUR FR MD 195,,N/A,PEDESTRIAN,OTHER,CLEAR,WET,DARK LIGHTS ON,NO CONTROLS,NONE DETECTED,UNKNOWN,BA01A694-F080-4AFB-8B39-8C672D7D317E,PEDESTRIAN,Other,OTHER,ON ROADWAY NOT AT CROSSWALK,NO PED. SIGNAL,DARK CLOTHING,Unknown,FATAL INJURY,NONE,38.99298,-76.99199333,"(38.99298, -76.99199333)"
MCP28370046,220009339,Montgomery County Police,Property Damage Crash,03/04/2022 02:14:00 PM,County,PINEY MEETINGHOUSE RD,County,GLEN RD,,N/A,BICYCLIST,STRAIGHT MOVEMENT ANGLE,CLEAR,DRY,DAYLIGHT,STOP SIGN,NONE DETECTED,NONE DETECTED,F92C96B6-B623-480F-AB35-D217056200DE,BICYCLIST,Cross/Enter at Intersection,FAILURE TO YIELD RIGHT OF WAY,ON ROADWAY NOT AT CROSSWALK,N/A,HEAD LIGHT AND REFLECTORS,Yes,NO APPARENT INJURY,REFLECTIVE CLOTHING,39.04835,-77.23317833,"(39.04835, -77.23317833)"
MCP09420038,210027625,Montgomery County Police,Injury Crash,07/17/2021 12:58:00 PM,County,WOODMONT AVE,County,NORFOLK AVE,,N/A,"OTHER CONVEYANCE, PEDESTRIAN",OTHER,CLEAR,DRY,DAYLIGHT,NO CONTROLS,,NONE DETECTED,E3BCF622-96B9-42F2-9B86-08F1A3494D30,OTHER CONVEYANCE,N/A,NO IMPROPER ACTIONS,ON ROADWAY NOT AT CROSSWALK,N/A,MIXED CLOTHING,No,NO APPARENT INJURY,NONE,38.98796734,-77.09609225,"(38.98796734, -77.09609225)"
MCP2991005F,210027133,Montgomery County Police,Injury Crash,07/14/2021 11:00:00 AM,County,HEADWATERS DR,County,CARRISA LA,,N/A,PEDESTRIAN,N/A,CLEAR,DRY,DAYLIGHT,NO CONTROLS,NONE DETECTED,NONE DETECTED,BEA6B49B-5A14-4C01-8C3C-5B4E867AB33E,PEDESTRIAN,Other Working,UNKNOWN,N/A,N/A,N/A,Unknown,POSSIBLE INJURY,N/A,39.10261783,-77.01725217,"(39.10261783, -77.01725217)"
MCP12350034,210027773,Montgomery County Police,Property Damage Crash,07/18/2021 05:02:00 PM,Maryland (State),UNIVERSITY BLVD W,County,BRUNETT AVE,,N/A,PEDESTRIAN,SAME DIR REAR END,CLEAR,DRY,DAYLIGHT,NO CONTROLS,NONE DETECTED,NONE DETECTED,69CDCDAE-B4F4-4331-8106-1521404616A4,PEDESTRIAN,Cross/Enter at Intersection,NO IMPROPER ACTIONS,AT INTERSECTION MARKED CROSSWALK,NO PED. SIGNAL,LIGHT CLOTHING,No,NO APPARENT INJURY,N/A,39.02293208,-77.01672807,"(39.02293208, -77.01672807)"
MCP2607005G,210027670,Montgomery County Police,Injury Crash,07/17/2021 07:43:00 PM,County,GOSHEN RD,Municipality,GIRARD ST,,GAITHERSBURG,PEDESTRIAN,N/A,RAINING,WET,DARK LIGHTS ON,NO CONTROLS,ALCOHOL PRESENT,N/A,AC2F1278-4A0A-4CE3-9552-70513B98F2C2,PEDESTRIAN,Standing,NO IMPROPER ACTIONS,OTHER,N/A,UNKNOWN,No,SUSPECTED SERIOUS INJURY,N/A,39.15185056,-77.1924815,"(39.15185056, -77.1924815)"
MCP09420038,210027625,Montgomery County Police,Injury Crash,07/17/2021 12:58:00 PM,County,WOODMONT AVE,County,NORFOLK AVE,,N/A,"OTHER CONVEYANCE, PEDESTRIAN",OTHER,CLEAR,DRY,DAYLIGHT,NO CONTROLS,,NONE DETECTED,CE9904B3-E460-454E-8B7B-F1E8721B92BA,PEDESTRIAN,Cross/Enter not at Intersection,INATTENTIVE,ON ROADWAY NOT AT CROSSWALK,NO PED. SIGNAL,LIGHT CLOTHING,Yes,SUSPECTED MINOR INJURY,N/A,38.98796734,-77.09609225,"(38.98796734, -77.09609225)"
MCP3111003Q,210027479,Montgomery County Police,Injury Crash,07/15/2021 11:22:00 AM,County,MACARTHUR BLVD,Unknown,BEGIN BRIDGE,,N/A,BICYCLIST,SINGLE VEHICLE,CLEAR,DRY,DAYLIGHT,TRAFFIC SIGNAL,UNKNOWN,NONE DETECTED,5406B525-7AF8-4885-8A18-5C0D67552D61,BICYCLIST,Walking/Riding w/Traffic,INATTENTIVE,ON ROADWAY NOT AT CROSSWALK,NO PED. SIGNAL,MIXED CLOTHING,Yes,POSSIBLE INJURY,MC/BIKE HELMET,38.97282543,-77.14753291,"(38.97282543, -77.14753291)"
MCP2857003C,210027614,Montgomery County Police,Injury Crash,07/17/2021 11:09:00 AM,Maryland (State),QUINCE ORCHARD RD,Maryland (State),GREAT SENECA HWY,,N/A,BICYCLIST,SAME DIRECTION SIDESWIPE,CLEAR,DRY,DAYLIGHT,TRAFFIC SIGNAL,NONE DETECTED,NONE DETECTED,1B83EACC-6EF9-49F7-8847-534064A2C30F,BICYCLIST,Walking/Riding w/Traffic,NO IMPROPER ACTIONS,ON ROADWAY NOT AT CROSSWALK,N/A,MIXED CLOTHING,No,SUSPECTED MINOR INJURY,MC/BIKE HELMET,39.12875113,-77.23630311,"(39.12875113, -77.23630311)"
MCP26250016,210027603,Montgomery County Police,Injury Crash,07/17/2021 08:10:00 AM,County,FALLS RD,Maryland (State),RIVER RD,,N/A,BICYCLIST,SAME DIRECTION RIGHT TURN,CLEAR,DRY,DAYLIGHT,TRAFFIC SIGNAL,NONE DETECTED,N/A,3E0C75D3-6BE0-4899-8490-EAB560E4B909,BICYCLIST,Walking/Riding w/Traffic,NO IMPROPER ACTIONS,IN BIKEWAY,NO PED. SIGNAL,MIXED CLOTHING,No,SUSPECTED MINOR INJURY,N/A,39.019295,-77.210385,"(39.019295, -77.210385)"
MCP2674002D,210028102,Montgomery County Police,Injury Crash,07/20/2021 07:42:00 PM,Maryland (State),FREDERICK RD,County,MIDDLEBROOK RD,,N/A,PEDESTRIAN,OTHER,CLEAR,DRY,DAYLIGHT,TRAFFIC SIGNAL,UNKNOWN,NONE DETECTED,4516ED23-032A-4C30-833E-8F7142E70FE0,PEDESTRIAN,Cross/Enter at Intersection,DART DASH,ON ROADWAY AT CROSSWALK,DISOBEYED PED. SIGNAL,MIXED CLOTHING,Yes,POSSIBLE INJURY,NONE,39.1810953,-77.23829303,"(39.1810953, -77.23829303)"
MCP32000034,210026823,Montgomery County Police,Injury Crash,07/12/2021 02:33:00 PM,,,,,PARKING LOT OF 7-11 LOCATED AT 10524 CONNECTICUT AVE,,PEDESTRIAN,OTHER,CLEAR,,DAYLIGHT,NO CONTROLS,NONE DETECTED,NONE DETECTED,9F6A388F-045B-4281-9F87-FC4E06759DA7,PEDESTRIAN,Other,NO IMPROPER ACTIONS,OTHER,NO PED. SIGNAL,MIXED CLOTHING,No,POSSIBLE INJURY,NONE,39.02784567,-77.07704383,"(39.02784567, -77.07704383)"
MCP2607005G,210027670,Montgomery County Police,Injury Crash,07/17/2021 07:43:00 PM,County,GOSHEN RD,Municipality,GIRARD ST,,GAITHERSBURG,PEDESTRIAN,N/A,RAINING,WET,DARK LIGHTS ON,NO CONTROLS,ALCOHOL PRESENT,N/A,02CAA792-F875-4E85-9E88-ECF2CFAA8B00,PEDESTRIAN,Standing,NO IMPROPER ACTIONS,OTHER,N/A,UNKNOWN,No,SUSPECTED SERIOUS INJURY,N/A,39.15185056,-77.1924815,"(39.15185056, -77.1924815)"
MCP26660052,210027462,Montgomery County Police,Injury Crash,07/16/2021 09:00:00 AM,Maryland (State),UNIVERSITY BLVD E,Maryland (State),PINEY BRANCH RD,,N/A,PEDESTRIAN,SINGLE VEHICLE,CLEAR,DRY,DAYLIGHT,TRAFFIC SIGNAL,NONE DETECTED,NONE DETECTED,F1CDBFDB-2E1D-41AD-B71D-F2F05A5BC240,PEDESTRIAN,Cross/Enter not at Intersection,IN ROADWAY IMPROPERLY,ON ROADWAY NOT AT CROSSWALK,NO PED. SIGNAL,MIXED CLOTHING,Yes,SUSPECTED MINOR INJURY,NONE,39.00025383,-76.995517,"(39.00025383, -76.995517)"
MCP23580099,220008502,Montgomery County Police,Property Damage Crash,02/27/2022 10:30:00 AM,Maryland (State),BRADLEY BLVD,County,DURBIN RD,,N/A,BICYCLIST,STRAIGHT MOVEMENT ANGLE,CLEAR,DRY,DAYLIGHT,STOP SIGN,NONE DETECTED,NONE DETECTED,DF564117-8D67-4662-A82F-4B544CC8B851,BICYCLIST,Cross/Enter at Intersection,NO IMPROPER ACTIONS,SHOULDER,N/A,MIXED CLOTHING,No,NO APPARENT INJURY,UNKNOWN,38.98364798,-77.11450791,"(38.98364798, -77.11450791)"
MCP3164005Z,220034861,Montgomery County Police,Injury Crash,08/13/2022 07:00:00 AM,US (State),GEORGIA AVE,County,BONIFANT ST,,N/A,BICYCLIST,SAME DIRECTION SIDESWIPE,CLEAR,UNKNOWN,DAYLIGHT,NO CONTROLS,UNKNOWN,UNKNOWN,59C021BD-68CA-4B4C-B81B-51BDBDC784C9,BICYCLIST,Walking/Riding w/Traffic,NO IMPROPER ACTIONS,IN BIKEWAY,N/A,UNKNOWN,No,POSSIBLE INJURY,UNKNOWN,39.04526575,-77.02301941,"(39.04526575, -77.02301941)"
MCP3009004Y,220034335,Montgomery County Police,Injury Crash,08/10/2022 10:01:00 AM,County,SHAKESPEARE BLVD,Maryland (State),FREDERICK RD,,N/A,PEDESTRIAN,OTHER,CLEAR,DRY,DAYLIGHT,TRAFFIC SIGNAL,N/A,N/A,7C543FBE-FD30-4867-8D59-7C037C865897,PEDESTRIAN,Cross/Enter at Intersection,N/A,ON ROADWAY AT CROSSWALK,UNKNOWN,LIGHT CLOTHING,No,POSSIBLE INJURY,N/A,39.198223,-77.245012,"(39.198223, -77.245012)"
MCP2651004K,210027608,Montgomery County Police,Injury Crash,07/17/2021 09:50:00 AM,US (State),COLUMBIA PIKE,County,BURNT MILLS AVE,,N/A,PEDESTRIAN,OTHER,CLEAR,DRY,DAYLIGHT,TRAFFIC SIGNAL,N/A,N/A,7B607F92-8E48-475B-B151-05E84126971D,PEDESTRIAN,Cross/Enter at Intersection,IN ROADWAY IMPROPERLY,ON ROADWAY NOT AT CROSSWALK,NO PED. SIGNAL,LIGHT CLOTHING,Yes,POSSIBLE INJURY,NONE,39.03627412,-77.00019348,"(39.03627412, -77.00019348)"
MCP271700VW,210035169,Montgomery County Police,Injury Crash,09/07/2021 06:45:00 PM,County,FEATHERWOOD ST,County,OLD COLUMBIA PIKE,,N/A,PEDESTRIAN,OTHER,CLEAR,DRY,DAYLIGHT,NO CONTROLS,NONE DETECTED,NONE DETECTED,3A4A27C5-EE1E-47D3-985E-8A862F578BDC,PEDESTRIAN,Cross/Enter not at Intersection,DART DASH,ON ROADWAY NOT AT CROSSWALK,NO PED. SIGNAL,MIXED CLOTHING,Yes,SUSPECTED MINOR INJURY,NONE,39.05852167,-76.972864,"(39.05852167, -76.972864)"
DD56350043,210034745,Rockville Police Departme,Property Damage Crash,09/04/2021 07:03:00 PM,Maryland (State),ROCKVILLE PIKE,Unknown,ENT TO BUSINESS,,N/A,BICYCLIST,OTHER,CLEAR,DRY,DAYLIGHT,NO CONTROLS,UNKNOWN,NONE DETECTED,A4B3A2EA-5919-48A1-9859-3DDD17FEC613,BICYCLIST,Cross/Enter at Intersection,OTHER,SIDEWALK,UNKNOWN,LIGHT CLOTHING,Unknown,NO APPARENT INJURY,NONE,39.06923267,-77.13055083,"(39.06923267, -77.13055083)"
MCP1519003J,210034390,Montgomery County Police,Injury Crash,09/02/2021 01:36:00 PM,County,MATENY RD,Maryland (State),GREAT SENECA HWY,,N/A,BICYCLIST,SINGLE VEHICLE,CLEAR,DRY,DAYLIGHT,TRAFFIC SIGNAL,NONE DETECTED,NONE DETECTED,E8A0442D-1AF8-471A-8D11-54E2F7B55485,BICYCLIST,Cross/Enter at Intersection,NO IMPROPER ACTIONS,AT INTERSECTION MARKED CROSSWALK,OBEYED PED. SIGNAL,LIGHT CLOTHING,No,SUSPECTED MINOR INJURY,NONE,39.14625167,-77.27472833,"(39.14625167, -77.27472833)"
DM8480000N,210035247,Takoma Park Police Depart,Injury Crash,09/08/2021 10:17:00 AM,Maryland (State),PHILADELPHIA AVE,Maryland (State),PINEY BRANCH RD,,N/A,PEDESTRIAN,OTHER,CLEAR,DRY,DAYLIGHT,TRAFFIC SIGNAL,NONE DETECTED,NONE DETECTED,DCECDAE1-8206-4FDF-8F2E-16D600A5577A,PEDESTRIAN,Cross/Enter at Intersection,NO IMPROPER ACTIONS,ON ROADWAY AT CROSSWALK,OBEYED PED. SIGNAL,MIXED CLOTHING,No,SUSPECTED MINOR INJURY,NONE,38.9876556,-77.0229949,"(38.9876556, -77.0229949)"
MCP32740019,220018295,Montgomery County Police,Injury Crash,04/29/2022 09:45:00 PM,Maryland (State),RIVER RD,County,LANDY LA,,N/A,PEDESTRIAN,STRAIGHT MOVEMENT ANGLE,CLEAR,DRY,DARK LIGHTS ON,NO CONTROLS,NONE DETECTED,ALCOHOL CONTRIBUTED,21A4737C-7222-447F-83D2-946A3DB54578,PEDESTRIAN,Other,IN ROADWAY IMPROPERLY,OUTSIDE RIGHT OF WAY,NO PED. SIGNAL,MIXED CLOTHING,Yes,SUSPECTED SERIOUS INJURY,N/A,38.96501333,-77.10390833,"(38.96501333, -77.10390833)"
DM8499000P,210046856,Takoma Park Police Depart,Property Damage Crash,11/18/2021 04:00:00 PM,Maryland (State),CARROLL AVE,Municipality,FLOWER AVE,,TAKOMA PARK,OTHER,SINGLE VEHICLE,N/A,DRY,DAYLIGHT,TRAFFIC SIGNAL,ALCOHOL CONTRIBUTED,N/A,9D07F85D-1C6C-46BD-9D7E-DE92E4C1FEF8,OTHER,N/A,N/A,SIDEWALK,N/A,N/A,No,NO APPARENT INJURY,N/A,38.98475274,-76.99849128,"(38.98475274, -76.99849128)"