Report Number,Local Case Number,Agency Name,ACRS Report Type,Crash Date/Time,Route Type,Road Name,Cross-Street Type,Cross-Street Name,Off-Road Description,Municipality,Related Non-Motorist,Collision Type,Weather,Surface Condition,Light,Traffic Control,Driver Substance Abuse,Non-Motorist Substance Abuse,Person ID,Pedestrian Type,Pedestrian Movement,Pedestrian Actions,Pedestrian Location,Pedestrian Obeyed Traffic Signal,Pedestrian Visibility,At Fault,Injury Severity,Safety Equipment,Latitude,Longitude,Location
DM84780018,210046451,Takoma Park Police Depart,Injury Crash,11/16/2021 09:25:00 AM,Municipality,MAPLE AVE,Municipality,TULIP AVE,,TAKOMA PARK,PEDESTRIAN,OTHER,CLEAR,DRY,DAYLIGHT,NO CONTROLS,NONE DETECTED,N/A,A46CB333-E2C1-41B6-9DBB-6817337B0456,PEDESTRIAN,Other,UNKNOWN,ON ROADWAY NOT AT CROSSWALK,N/A,DARK CLOTHING,No,POSSIBLE INJURY,NONE,38.986255,-77.002525,"(38.986255, -77.002525)"
MCP30860062,210046772,Montgomery County Police,Injury Crash,11/18/2021 08:30:00 AM,County,WATKINS MILL RD,County,CLUB HOUSE RD,,N/A,PEDESTRIAN,OTHER,CLEAR,DRY,DAYLIGHT,TRAFFIC SIGNAL,NONE DETECTED,NONE DETECTED,02B96D01-1174-4371-8712-620254F0FDAE,PEDESTRIAN,Cross/Enter at Intersection,IN ROADWAY IMPROPERLY,ON ROADWAY AT CROSSWALK,DISOBEYED PED. SIGNAL,DARK CLOTHING,Yes,SUSPECTED MINOR INJURY,NONE,39.17437333,-77.20837167,"(39.17437333, -77.20837167)"
MCP3225001Y,210039507,Montgomery County Police,Injury Crash,10/04/2021 07:00:00 PM,,,,,"PARKING LOT OF 11406 GEORGIA AVE, SILVER SPRING, MD 20902",,PEDESTRIAN,OTHER,RAINING,,DARK LIGHTS ON,NO CONTROLS,NONE DETECTED,NONE DETECTED,8EAB7DB1-9605-4F25-B758-DE7ED1FBAC46,PEDESTRIAN,Walking/Cycling on Sidewalk,NO IMPROPER ACTIONS,SIDEWALK,N/A,MIXED CLOTHING,No,POSSIBLE INJURY,N/A,39.04179605,-77.05193546,"(39.04179605, -77.05193546)"
MCP26220034,220035336,Montgomery County Police,Injury Crash,08/16/2022 02:06:00 PM,County,E RANDOLPH RD,County,TAMARACK RD,,N/A,PEDESTRIAN,SINGLE VEHICLE,CLEAR,DRY,DAYLIGHT,TRAFFIC SIGNAL,NONE DETECTED,NONE DETECTED,63DA8297-AADB-43BC-8AB5-8A41B41147D1,PEDESTRIAN,Cross/Enter at Intersection,NO IMPROPER ACTIONS,ON ROADWAY AT CROSSWALK,OBEYED PED. SIGNAL,DARK CLOTHING,No,POSSIBLE INJURY,NONE,39.0676863,-76.9856664,"(39.0676863, -76.9856664)"
DD5633006H,220001938,Rockville Police Departme,Injury Crash,01/16/2022 11:25:00 AM,Maryland (State),VEIRS MILL RD,Municipality,ATLANTIC AVE,,ROCKVILLE,PEDESTRIAN,OTHER,CLEAR,DRY,DAYLIGHT,TRAFFIC SIGNAL,UNKNOWN,ALCOHOL PRESENT,3011C2D6-0CED-447E-9499-BA704B26346A,PEDESTRIAN,Cross/Enter at Intersection,DART DASH,ON ROADWAY AT CROSSWALK,DISOBEYED PED. SIGNAL,DARK CLOTHING,Yes,POSSIBLE INJURY,N/A,39.07496232,-77.11570394,"(39.07496232, -77.11570394)"
MCP3078004K,220001415,Montgomery County Police,Injury Crash,01/12/2022 03:29:00 PM,,,,,13464 NEW HAMPSHIRE AVENUE,,PEDESTRIAN,OTHER,N/A,,DAYLIGHT,NO CONTROLS,NONE DETECTED,NONE DETECTED,6728B5EC-E97A-462E-A4FE-BFB663C63619,PEDESTRIAN,Getting off/on Vehicle,INATTENTIVE,OTHER,N/A,MIXED CLOTHING,Yes,POSSIBLE INJURY,NONE,39.077005,-77.00261333,"(39.077005, -77.00261333)"
MCP2708007Q,220025421,Montgomery County Police,Injury Crash,06/13/2022 03:58:00 PM,County,GREENWOOD AVE,Maryland (State),PINEY BRANCH RD,,N/A,PEDESTRIAN,HEAD ON LEFT TURN,CLEAR,DRY,DAYLIGHT,TRAFFIC SIGNAL,NONE DETECTED,NONE DETECTED,8944645C-8B3D-4718-A906-1A81DB0C2AD4,PEDESTRIAN,Cross/Enter at Intersection,NO IMPROPER ACTIONS,ON ROADWAY AT CROSSWALK,OBEYED PED. SIGNAL,MIXED CLOTHING,No,SUSPECTED MINOR INJURY,NONE,38.99822301,-77.00215043,"(38.99822301, -77.00215043)"
MCP209400K4,220032977,Montgomery County Police,Injury Crash,08/01/2022 09:56:00 AM,,,,,"PARKING LOT OF
5601 RIVER RD",,PEDESTRIAN,OTHER,CLEAR,,DAYLIGHT,N/A,NONE DETECTED,NONE DETECTED,C9026060-C94E-4881-8D2E-E07E5FB1B83D,PEDESTRIAN,Other,OTHER,OTHER,N/A,LIGHT CLOTHING,No,SUSPECTED SERIOUS INJURY,N/A,38.97064,-77.11159333,"(38.97064, -77.11159333)"
DM8386001H,210034743,Takoma Park Police Depart,Injury Crash,09/04/2021 06:30:00 PM,Municipality,HOLTON LA,Maryland (State),NEW HAMPSHIRE AVE,,N/A,MACHINE OPERATOR/RIDER,SAME DIRECTION RIGHT TURN,CLEAR,DRY,DAYLIGHT,TRAFFIC SIGNAL,NONE DETECTED,NONE DETECTED,B2C6EA83-8EB7-44BF-96D2-C7EB206F9ADC,MACHINE OPERATOR/RIDER,Cross/Enter at Intersection,NO IMPROPER ACTIONS,ON ROADWAY AT CROSSWALK,OBEYED PED. SIGNAL,MIXED CLOTHING,No,SUSPECTED MINOR INJURY,N/A,38.98152167,-77.01008,"(38.98152167, -77.01008)"
MCP2849003Z,210034621,Montgomery County Police,Injury Crash,09/03/2021 02:30:00 PM,,,,,PARKING LOT OF 11325 SEVEN LOCKS RD,,PEDESTRIAN,OTHER,CLEAR,,DAYLIGHT,NO CONTROLS,UNKNOWN,NONE DETECTED,A97AB61E-8B78-4DA0-8068-61EDEF2860D8,PEDESTRIAN,Standing,NO IMPROPER ACTIONS,OTHER,N/A,DARK CLOTHING,No,POSSIBLE INJURY,N/A,39.04201915,-77.15787202,"(39.04201915, -77.15787202)"
HA2287000J,21001286,Maryland-National Capital,Injury Crash,07/10/2021 01:18:00 PM,,,,,PARKING LOT,,OTHER,OTHER,CLEAR,,DAYLIGHT,N/A,NONE DETECTED,N/A,34595804-97B2-4465-8210-AE732B261433,OTHER,Push/Work on Vehicle,OTHER,OTHER,N/A,N/A,Yes,SUSPECTED MINOR INJURY,N/A,39.153961,-77.31172083,"(39.153961, -77.31172083)"
MCP2539001Q,210028479,Montgomery County Police,Injury Crash,07/22/2021 05:45:00 PM,Maryland (State),ROCKVILLE PIKE,Unknown,ENT TO MID-PIKE PLAZA,,N/A,PEDESTRIAN,OTHER,CLEAR,DRY,DAYLIGHT,TRAFFIC SIGNAL,N/A,NONE DETECTED,D2101669-7009-4B81-830D-84E9866F4449,PEDESTRIAN,Cross/Enter at Intersection,NO IMPROPER ACTIONS,AT INTERSECTION MARKED CROSSWALK,OBEYED PED. SIGNAL,LIGHT CLOTHING,No,SUSPECTED MINOR INJURY,NONE,39.05126184,-77.11549196,"(39.05126184, -77.11549196)"
MCP2981003V,210028136,Montgomery County Police,Injury Crash,07/20/2021 11:19:00 PM,County,LIVINGSTON ST,County,WEISMAN RD,,N/A,PEDESTRIAN,OTHER,CLEAR,DRY,DARK LIGHTS ON,STOP SIGN,UNKNOWN,N/A,78E916CE-BCB7-418B-B728-A64C37A17CD5,PEDESTRIAN,Standing,NO IMPROPER ACTIONS,SHOULDER,N/A,MIXED CLOTHING,No,POSSIBLE INJURY,LIGHTING,39.05558827,-77.05852806,"(39.05558827, -77.05852806)"
MCP3283000V,210029277,Montgomery County Police,Injury Crash,07/28/2021 03:22:00 PM,,,,,"PARKING LOT EXIT OF CABIN JOHN SHOPPING CENTER - 11325 SEVEN LOCKS ROAD, POTOMAC MD 20854",,BICYCLIST,SINGLE VEHICLE,CLEAR,,DAYLIGHT,NO CONTROLS,NONE DETECTED,NONE DETECTED,759A66D7-530A-458F-B06A-175E2B9A2372,BICYCLIST,Cross/Enter at Intersection,NO IMPROPER ACTIONS,DRIVEWAY ACCESS MARKED CROSSWALK,N/A,N/A,No,SUSPECTED MINOR INJURY,NONE,39.04145509,-77.15919123,"(39.04145509, -77.15919123)"
MCP3010005Z,210028018,Montgomery County Police,Property Damage Crash,07/20/2021 09:50:00 AM,Maryland (State),ROCKVILLE PIKE,Unknown,ENT TO BUSINESS,,N/A,BICYCLIST,ANGLE MEETS RIGHT TURN,CLEAR,DRY,DAYLIGHT,NO CONTROLS,N/A,N/A,95C7374B-6149-404F-AD1E-317C6447F884,BICYCLIST,Walking/Cycling on Sidewalk,NO IMPROPER ACTIONS,SIDEWALK,NO PED. SIGNAL,MIXED CLOTHING,No,NO APPARENT INJURY,NONE,39.046575,-77.112755,"(39.046575, -77.112755)"
MCP3245001K,210029316,Montgomery County Police,Injury Crash,07/28/2021 07:34:00 PM,Municipality,KENTLANDS BLVD,Municipality,MAIN ST,,GAITHERSBURG,BICYCLIST,OTHER,CLEAR,DRY,DAYLIGHT,YIELD SIGN,NONE DETECTED,NONE DETECTED,186A8723-9B6B-4993-A673-AE7D86C0AAFE,BICYCLIST,Cross/Enter at Intersection,NO IMPROPER ACTIONS,ON ROADWAY AT CROSSWALK,NO PED. SIGNAL,MIXED CLOTHING,No,SUSPECTED SERIOUS INJURY,MC/BIKE HELMET,39.12352126,-77.2385685,"(39.12352126, -77.2385685)"
MCP2981003T,210028122,Montgomery County Police,Property Damage Crash,07/20/2021 09:36:00 PM,County,ARCOLA AVE,County,HOYT ST,,N/A,BICYCLIST,STRAIGHT MOVEMENT ANGLE,CLEAR,DRY,DARK LIGHTS ON,OTHER,NONE DETECTED,NONE DETECTED,84587377-007E-4997-B89B-D5379DD937F1,BICYCLIST,Cross/Enter not at Intersection,NO IMPROPER ACTIONS,ON ROADWAY AT CROSSWALK,N/A,HEAD LIGHT AND REFLECTORS,No,NO APPARENT INJURY,MC/BIKE HELMET,39.03658667,-77.02696333,"(39.03658667, -77.02696333)"
EJ7887000Z,210033443,Gaithersburg Police Depar,Injury Crash,08/29/2021 09:20:00 AM,Maryland (State),QUINCE ORCHARD RD,Maryland (State),GREAT SENECA HWY,,N/A,BICYCLIST,OTHER,CLEAR,DRY,DAYLIGHT,TRAFFIC SIGNAL,UNKNOWN,NONE DETECTED,E36ECE0F-3705-418C-B738-03E1AD4FDBD9,BICYCLIST,Cross/Enter at Intersection,UNKNOWN,MEDIAN,OBEYED PED. SIGNAL,DARK CLOTHING,No,SUSPECTED SERIOUS INJURY,NONE,39.12859599,-77.23752132,"(39.12859599, -77.23752132)"
MCP2689007X,210040510,Montgomery County Police,Injury Crash,10/10/2021 02:35:00 PM,County,ST JAMES RD,County,RED CHURCH CT,,N/A,PEDESTRIAN,SINGLE VEHICLE,CLOUDY,DRY,DAYLIGHT,NO CONTROLS,NONE DETECTED,NONE DETECTED,557E2BBE-BD06-435B-8B05-30EABD66082F,PEDESTRIAN,Walking/Riding w/Traffic,NO IMPROPER ACTIONS,ON ROADWAY NOT AT CROSSWALK,N/A,MIXED CLOTHING,No,SUSPECTED SERIOUS INJURY,NONE,39.05638869,-77.20221929,"(39.05638869, -77.20221929)"
MCP3212002Z,210040886,Montgomery County Police,Injury Crash,10/12/2021 06:21:00 PM,County,FOREST GLEN RD,County,ADMIRALTY DR,,N/A,PEDESTRIAN,OTHER,RAINING,WET,DARK LIGHTS ON,OTHER,NONE DETECTED,NONE DETECTED,5ED8BEA2-A604-4A5F-B11E-4A5A520A8924,PEDESTRIAN,Unknown,UNKNOWN,ON ROADWAY AT CROSSWALK,NO PED. SIGNAL,MIXED CLOTHING,No,SUSPECTED SERIOUS INJURY,NONE,39.01590772,-77.03767848,"(39.01590772, -77.03767848)"
MCP32640021,210040195,Montgomery County Police,Injury Crash,10/08/2021 02:23:00 PM,County,FENTON ST,County,BONIFANT ST,,N/A,MACHINE OPERATOR/RIDER,SAME DIRECTION LEFT TURN,CLOUDY,DRY,DAYLIGHT,TRAFFIC SIGNAL,NONE DETECTED,NONE DETECTED,8E0850D3-98D1-4D38-9BBA-C2BD722D4AF9,MACHINE OPERATOR/RIDER,Cross/Enter at Intersection,NO IMPROPER ACTIONS,ON ROADWAY AT CROSSWALK,OBEYED PED. SIGNAL,MIXED CLOTHING,No,SUSPECTED MINOR INJURY,NONE,38.99447,-77.02404833,"(38.99447, -77.02404833)"
MCP3038005B,210039517,Montgomery County Police,Injury Crash,10/04/2021 08:06:00 PM,County,FENTON ST,County,SLIGO AVE,,N/A,PEDESTRIAN,OTHER,CLEAR,DRY,DARK LIGHTS ON,TRAFFIC SIGNAL,NONE DETECTED,NONE DETECTED,DFB15920-8562-44D6-A6CC-C1388694F245,PEDESTRIAN,Cross/Enter not at Intersection,IN ROADWAY IMPROPERLY,ON ROADWAY NOT AT CROSSWALK,UNKNOWN,N/A,Yes,POSSIBLE INJURY,N/A,38.99007051,-77.02390053,"(38.99007051, -77.02390053)"
MCP33050010,210039823,Montgomery County Police,Injury Crash,10/06/2021 01:33:00 PM,Maryland (State),GEORGIA AVE,County,CAMERON ST,,N/A,PEDESTRIAN,SAME DIRECTION RIGHT TURN,CLOUDY,DRY,DAYLIGHT,TRAFFIC SIGNAL,NONE DETECTED,NONE DETECTED,1FC31874-481D-479F-BECF-3EC5F869CE4B,PEDESTRIAN,Cross/Enter at Intersection,NO IMPROPER ACTIONS,ON ROADWAY AT CROSSWALK,OBEYED PED. SIGNAL,N/A,No,SUSPECTED MINOR INJURY,N/A,38.9976706,-77.02961255,"(38.9976706, -77.02961255)"
MCP2981003T,210028122,Montgomery County Police,Property Damage Crash,07/20/2021 09:36:00 PM,County,ARCOLA AVE,County,HOYT ST,,N/A,BICYCLIST,STRAIGHT MOVEMENT ANGLE,CLEAR,DRY,DARK LIGHTS ON,OTHER,NONE DETECTED,NONE DETECTED,B9C7ED43-DE0A-4996-87C6-AB75C555B533,BICYCLIST,Cross/Enter not at Intersection,NO IMPROPER ACTIONS,ON ROADWAY AT CROSSWALK,N/A,HEAD LIGHT AND REFLECTORS,No,NO APPARENT INJURY,MC/BIKE HELMET,39.03658667,-77.02696333,"(39.03658667, -77.02696333)"
MCP29340048,210027767,Montgomery County Police,Injury Crash,07/18/2021 04:20:00 PM,Maryland (State),OLD GEORGETOWN RD,County,ROCK SPRING DR,,N/A,BICYCLIST,OTHER,CLEAR,DRY,DAYLIGHT,TRAFFIC SIGNAL,NONE DETECTED,NONE DETECTED,34ABDF8A-2748-43CF-A722-98D737317442,BICYCLIST,Cross/Enter at Intersection,FAILURE TO YIELD RIGHT OF WAY,AT INTERSECTION MARKED CROSSWALK,DISOBEYED PED. SIGNAL,DARK CLOTHING,Yes,POSSIBLE INJURY,MC/BIKE HELMET,39.02685239,-77.12636166,"(39.02685239, -77.12636166)"
MCP2825001D,210041025,Montgomery County Police,Property Damage Crash,10/13/2021 04:38:00 PM,County,MIDDLEBROOK RD,County,RIDGECREST DR,,N/A,BICYCLIST,OTHER,CLEAR,DRY,DAYLIGHT,OTHER,UNKNOWN,NONE DETECTED,304C3EE2-300B-4376-81CC-35BF07416785,BICYCLIST,Cross/Enter at Intersection,NO IMPROPER ACTIONS,ON ROADWAY AT CROSSWALK,NO PED. SIGNAL,N/A,No,NO APPARENT INJURY,N/A,39.17478167,-77.25741333,"(39.17478167, -77.25741333)"
EJ7891000L,210040756,Gaithersburg Police Depar,Injury Crash,10/12/2021 09:06:00 AM,Municipality,HIGHLAND RIDGE AVE,Municipality,WINTER WALK DR,,GAITHERSBURG,PEDESTRIAN,SINGLE VEHICLE,CLEAR,DRY,DAYLIGHT,STOP SIGN,NONE DETECTED,NONE DETECTED,E210CD10-58B9-4CF2-B71E-621BB8A74848,PEDESTRIAN,Getting off/on Vehicle,UNKNOWN,AT INTERSECTION BUT NO CROSSWALK,NO PED. SIGNAL,MIXED CLOTHING,No,SUSPECTED MINOR INJURY,NONE,39.126226,-77.22519288,"(39.126226, -77.22519288)"
MCP3285001B,210040544,Montgomery County Police,Property Damage Crash,10/10/2021 09:21:00 PM,Maryland (State),GERMANTOWN RD,County,WISTERIA DR,,N/A,PEDESTRIAN,SINGLE VEHICLE,CLEAR,DRY,DARK LIGHTS ON,TRAFFIC SIGNAL,N/A,UNKNOWN,C64A0164-8BE2-4842-A05E-5A7BB9C7623A,PEDESTRIAN,Cross/Enter not at Intersection,IN ROADWAY IMPROPERLY,ON ROADWAY NOT AT CROSSWALK,UNKNOWN,UNKNOWN,Yes,NO APPARENT INJURY,UNKNOWN,39.17679965,-77.269815,"(39.17679965, -77.269815)"
MCP2689007X,210040510,Montgomery County Police,Injury Crash,10/10/2021 02:35:00 PM,County,ST JAMES RD,County,RED CHURCH CT,,N/A,PEDESTRIAN,SINGLE VEHICLE,CLOUDY,DRY,DAYLIGHT,NO CONTROLS,NONE DETECTED,NONE DETECTED,FBF266E7-3E57-46A9-A7AC-54B7507D2D83,PEDESTRIAN,Walking/Riding w/Traffic,NO IMPROPER ACTIONS,SHOULDER,NO PED. SIGNAL,MIXED CLOTHING,No,SUSPECTED SERIOUS INJURY,NONE,39.05638869,-77.20221929,"(39.05638869, -77.20221929)"
MCP263900CZ,210040772,Montgomery County Police,Injury Crash,10/12/2021 10:07:00 AM,,,,,PARKING LOT OF 22700 SWEET SHRUB DR,,PEDESTRIAN,HEAD ON LEFT TURN,CLOUDY,,DAYLIGHT,NO CONTROLS,NONE DETECTED,NONE DETECTED,F50050BA-4456-41D8-AF37-01679824429A,PEDESTRIAN,Other,NO IMPROPER ACTIONS,ON ROADWAY AT CROSSWALK,NO PED. SIGNAL,MIXED CLOTHING,No,POSSIBLE INJURY,NONE,39.23042167,-77.250285,"(39.23042167, -77.250285)"
MCP32280021,210027036,Montgomery County Police,Injury Crash,07/13/2021 11:50:00 AM,County,SPRING ST,County,ROEDER RD,,N/A,PEDESTRIAN,OTHER,CLEAR,DRY,DAYLIGHT,STOP SIGN,UNKNOWN,NONE DETECTED,869890AA-B629-4261-A3C2-B2DE723F3D40,PEDESTRIAN,Cross/Enter at Intersection,UNKNOWN,ON ROADWAY NOT AT CROSSWALK,UNKNOWN,UNKNOWN,No,POSSIBLE INJURY,NONE,38.99909583,-77.02480117,"(38.99909583, -77.02480117)"
MCP115100CL,210039551,Montgomery County Police,Injury Crash,10/05/2021 07:25:00 AM,,,,,PARKING LOT OF 12850 MIDDLEBROOK ROAD,,OTHER CONVEYANCE,STRAIGHT MOVEMENT ANGLE,CLEAR,,DAYLIGHT,STOP SIGN,NONE DETECTED,NONE DETECTED,AB3D6AA6-C594-4331-909A-4E8B524166BE,OTHER CONVEYANCE,Cross/Enter at Intersection,FAILURE TO YIELD RIGHT OF WAY,OTHER,OTHER,MIXED CLOTHING,Yes,SUSPECTED MINOR INJURY,NONE,39.17687833,-77.2663,"(39.17687833, -77.2663)"
MCP32690010,210040769,Montgomery County Police,Property Damage Crash,10/12/2021 09:47:00 AM,,,,,IN PARKING LOT OF URGETN CARE LOCATED AT 15648 OLD COLUMBIA PIKE,,BICYCLIST,HEAD ON LEFT TURN,RAINING,,DAYLIGHT,NO CONTROLS,NONE DETECTED,NONE DETECTED,D556D528-412D-48C3-B077-D508DD7A1C12,BICYCLIST,Cross/Enter not at Intersection,NO IMPROPER ACTIONS,SIDEWALK,OBEYED PED. SIGNAL,DARK CLOTHING,No,NO APPARENT INJURY,NONE,39.11293117,-76.9336825,"(39.11293117, -76.9336825)"
MCP28610054,210046882,Montgomery County Police,Injury Crash,11/18/2021 05:40:00 PM,County,WESTLAKE DR,Other Public Roadway,LAKEVIEW DR,,N/A,PEDESTRIAN,OTHER,CLEAR,DRY,DARK LIGHTS ON,TRAFFIC SIGNAL,NONE DETECTED,NONE DETECTED,A72065E4-569E-4275-BF79-E1D5CC806585,PEDESTRIAN,Cross/Enter at Intersection,FAILURE TO YIELD RIGHT OF WAY,ON ROADWAY AT CROSSWALK,DISOBEYED PED. SIGNAL,DARK CLOTHING,Yes,SUSPECTED SERIOUS INJURY,NONE,39.02475333,-77.149,"(39.02475333, -77.149)"
MCP2269001L,210046177,Montgomery County Police,Injury Crash,11/14/2021 12:45:00 PM,Municipality,WATKINS MILL RD,Maryland (State),FREDERICK RD,,N/A,PEDESTRIAN,STRAIGHT MOVEMENT ANGLE,CLOUDY,DRY,DAYLIGHT,TRAFFIC SIGNAL,NONE DETECTED,NONE DETECTED,BC8914FB-1090-4343-AF6A-967ED0E6D91B,PEDESTRIAN,Cross/Enter at Intersection,NO IMPROPER ACTIONS,ON ROADWAY AT CROSSWALK,OBEYED PED. SIGNAL,N/A,No,NO APPARENT INJURY,NONE,39.15336333,-77.230685,"(39.15336333, -77.230685)"
MCP3068003J,210043378,Montgomery County Police,Injury Crash,10/27/2021 04:10:00 PM,County,MACARTHUR BLVD,Government,CONNECTOR RD,,N/A,BICYCLIST,ANGLE MEETS RIGHT TURN,CLEAR,DRY,DAYLIGHT,TRAFFIC SIGNAL,N/A,N/A,DDA39D39-AAB0-4303-A7B4-736CC0C32131,BICYCLIST,Cross/Enter at Intersection,FAILURE TO OBEY TRAFFIC SIGNS SIGNALS OR OFFICER,AT INTERSECTION MARKED CROSSWALK,DISOBEYED PED. SIGNAL,LIGHT CLOTHING,Yes,SUSPECTED SERIOUS INJURY,MC/BIKE HELMET,38.96442,-77.136085,"(38.96442, -77.136085)"
EJ7890000H,210036000,Gaithersburg Police Depar,Injury Crash,09/13/2021 11:27:00 AM,Municipality,INSPIRATION LA,Municipality,MAIN ST,,GAITHERSBURG,OTHER,SAME DIR REAR END,CLEAR,DRY,DAYLIGHT,NO CONTROLS,NONE DETECTED,NONE DETECTED,B4142A59-3F19-42D8-9D72-EA1F0E4ECD5E,OTHER,Other,OTHER,OTHER,N/A,N/A,No,SUSPECTED MINOR INJURY,N/A,39.12020207,-77.23460335,"(39.12020207, -77.23460335)"
MCP2975003Z,210035389,Montgomery County Police,Injury Crash,09/09/2021 05:40:00 AM,Maryland (State),NORWOOD RD,County,EXCALIBER LA,,N/A,PEDESTRIAN,SINGLE VEHICLE,RAINING,WET,DARK NO LIGHTS,NO CONTROLS,NONE DETECTED,NONE DETECTED,D336DD3C-91A8-4F6F-9F36-867880BD54E2,PEDESTRIAN,Walking/Riding w/Traffic,IN ROADWAY IMPROPERLY,ON ROADWAY NOT AT CROSSWALK,N/A,DARK CLOTHING,Yes,SUSPECTED MINOR INJURY,NONE,39.13260667,-77.03050833,"(39.13260667, -77.03050833)"
MCP32420010,210010456,Montgomery County Police,Injury Crash,09/09/2021 07:58:00 AM,Maryland (State),EAST WEST HWY,Maryland (State),COLESVILLE RD,,N/A,PEDESTRIAN,N/A,CLEAR,WET,DAYLIGHT,TRAFFIC SIGNAL,NONE DETECTED,NONE DETECTED,35B337A1-8927-42C6-9DFF-01A2ADA14C43,PEDESTRIAN,Cross/Enter at Intersection,DART DASH,AT INTERSECTION MARKED CROSSWALK,DISOBEYED PED. SIGNAL,LIGHT CLOTHING,Unknown,POSSIBLE INJURY,NONE,38.9935064,-77.0330646,"(38.9935064, -77.0330646)"
MCP3271001C,210035483,Montgomery County Police,Injury Crash,09/09/2021 04:25:00 PM,County,RIDGEFIELD RD,County,WESTBARD AVE,,N/A,OTHER CONVEYANCE,SINGLE VEHICLE,CLEAR,DRY,DAYLIGHT,TRAFFIC SIGNAL,NONE DETECTED,NONE DETECTED,58BEA775-C448-4969-A5C7-62BDA6569DDD,OTHER CONVEYANCE,Cross/Enter at Intersection,NO IMPROPER ACTIONS,ON ROADWAY AT CROSSWALK,UNKNOWN,DARK CLOTHING,No,POSSIBLE INJURY,NONE,38.96594412,-77.10744591,"(38.96594412, -77.10744591)"
EJ78780033,210034658,Gaithersburg Police Depar,Injury Crash,09/03/2021 09:00:00 PM,County,FIELDS RD,Municipality,RIO BLVD,,GAITHERSBURG,PEDESTRIAN,N/A,CLEAR,DRY,DARK LIGHTS ON,STOP SIGN,UNKNOWN,N/A,262C1CA7-1F8D-45DB-911E-73582D007A09,PEDESTRIAN,Cross/Enter at Intersection,NO IMPROPER ACTIONS,ON ROADWAY AT CROSSWALK,NO PED. SIGNAL,MIXED CLOTHING,No,POSSIBLE INJURY,NONE,39.1150137,-77.20491285,"(39.1150137, -77.20491285)"
MCP30450048,210047562,Montgomery County Police,Injury Crash,11/23/2021 08:56:00 AM,,,,,ON SIDEWALK (REARENTRANCE/EXIT TO 6400 DEMOCRACY BLVD- BELLS MILL RD SIDE),,PEDESTRIAN,OTHER,CLEAR,,DAYLIGHT,N/A,NONE DETECTED,NONE DETECTED,44E109D0-C527-4F94-B846-AF78FF4E9FB1,PEDESTRIAN,Walking/Cycling on Sidewalk,NO IMPROPER ACTIONS,SIDEWALK,N/A,N/A,No,POSSIBLE INJURY,N/A,39.022915,-77.128295,"(39.022915, -77.128295)"
MCP26200020,210047518,Montgomery County Police,Property Damage Crash,11/22/2021 07:55:00 PM,County,BOWIE MILL RD,Maryland (State),OLNEY LAYTONSVILLE RD,,N/A,OTHER CONVEYANCE,STRAIGHT MOVEMENT ANGLE,CLEAR,DRY,DARK LIGHTS ON,N/A,ALCOHOL PRESENT,NONE DETECTED,0E821833-693B-445F-8421-8B0F169D82C0,OTHER CONVEYANCE,Other,NO IMPROPER ACTIONS,SHOULDER,N/A,MIXED CLOTHING,No,NO APPARENT INJURY,NONE,39.16098741,-77.07971736,"(39.16098741, -77.07971736)"
MCP31680049,220018235,Montgomery County Police,Injury Crash,04/29/2022 03:00:00 PM,,,,,ENTERANCE/EXIT OF 12151 ROCKVILLE PIKE,,BICYCLIST,STRAIGHT MOVEMENT ANGLE,CLEAR,,DAYLIGHT,NO CONTROLS,NONE DETECTED,NONE DETECTED,5773DC59-65C9-486D-9579-733397973A4B,BICYCLIST,Cross/Enter at Intersection,NO IMPROPER ACTIONS,SIDEWALK,NO PED. SIGNAL,DARK CLOTHING,No,POSSIBLE INJURY,MC/BIKE HELMET,39.05814,-77.12053833,"(39.05814, -77.12053833)"
MCP2936004Q,210046892,Montgomery County Police,Injury Crash,11/18/2021 06:18:00 PM,Maryland (State),ROCKVILLE PIKE,Unknown,ENT TO MID-PIKE PLAZA,,N/A,PEDESTRIAN,OTHER,RAINING,WET,DARK LIGHTS ON,OTHER,NONE DETECTED,NONE DETECTED,5C05F135-2832-4AA1-838F-764EADC0348D,PEDESTRIAN,Cross/Enter at Intersection,NO IMPROPER ACTIONS,ON ROADWAY AT CROSSWALK,OBEYED PED. SIGNAL,MIXED CLOTHING,No,SUSPECTED MINOR INJURY,N/A,39.05054007,-77.11484291,"(39.05054007, -77.11484291)"
DD56420029,210046901,Rockville Police Departme,Injury Crash,11/18/2021 07:13:00 PM,Municipality,MARYLAND AVE,Municipality,E MIDDLE LA,,ROCKVILLE,PEDESTRIAN,STRAIGHT MOVEMENT ANGLE,RAINING,WET,DARK LIGHTS ON,TRAFFIC SIGNAL,NONE DETECTED,NONE DETECTED,99716B2C-8BF8-4BE5-9DEC-1DA41FA94DEA,PEDESTRIAN,Cross/Enter at Intersection,NOT VISIBLE,ON ROADWAY AT CROSSWALK,OBEYED PED. SIGNAL,DARK CLOTHING,No,SUSPECTED MINOR INJURY,N/A,39.08494882,-77.15093401,"(39.08494882, -77.15093401)"