Report Number,Local Case Number,Agency Name,ACRS Report Type,Crash Date/Time,Route Type,Road Name,Cross-Street Type,Cross-Street Name,Off-Road Description,Municipality,Related Non-Motorist,Collision Type,Weather,Surface Condition,Light,Traffic Control,Driver Substance Abuse,Non-Motorist Substance Abuse,Person ID,Pedestrian Type,Pedestrian Movement,Pedestrian Actions,Pedestrian Location,Pedestrian Obeyed Traffic Signal,Pedestrian Visibility,At Fault,Injury Severity,Safety Equipment,Latitude,Longitude,Location
MCP29300020,210046908,Montgomery County Police,Injury Crash,11/18/2021 08:15:00 PM,County,BEL PRE RD,Other Public Roadway,PARKER FARM WAY,,N/A,PEDESTRIAN,OTHER,RAINING,WET,DARK LIGHTS ON,TRAFFIC SIGNAL,NONE DETECTED,NONE DETECTED,AF171322-9C8B-4167-B9F4-9129AD0F3997,PEDESTRIAN,Cross/Enter at Intersection,NO IMPROPER ACTIONS,AT INTERSECTION MARKED CROSSWALK,OBEYED PED. SIGNAL,MIXED CLOTHING,No,SUSPECTED MINOR INJURY,N/A,39.09076333,-77.048355,"(39.09076333, -77.048355)"
MCP2269001L,210046177,Montgomery County Police,Injury Crash,11/14/2021 12:45:00 PM,Municipality,WATKINS MILL RD,Maryland (State),FREDERICK RD,,N/A,PEDESTRIAN,STRAIGHT MOVEMENT ANGLE,CLOUDY,DRY,DAYLIGHT,TRAFFIC SIGNAL,NONE DETECTED,NONE DETECTED,36B7FB7B-0FE1-4828-8688-6E8AB438250C,PEDESTRIAN,Cross/Enter at Intersection,NO IMPROPER ACTIONS,ON ROADWAY AT CROSSWALK,OBEYED PED. SIGNAL,N/A,No,POSSIBLE INJURY,NONE,39.15336333,-77.230685,"(39.15336333, -77.230685)"
DM84780019,210047061,Takoma Park Police Depart,Property Damage Crash,11/19/2021 05:00:00 PM,,,,,"IN THE DRIVE WAY LOCATED AT  7129 CARROLL AVE TAKOMA PARK, MONTGOMERY COUNTY, MD",,OTHER,SINGLE VEHICLE,N/A,,DARK -- UNKNOWN LIGHTING,NO CONTROLS,NONE DETECTED,NONE DETECTED,4DE1725F-40F8-49E9-9CD2-DA50DBBCDCAE,OTHER,Other,OTHER,OTHER,N/A,MIXED CLOTHING,No,NO APPARENT INJURY,NONE,38.98136667,-77.01028167,"(38.98136667, -77.01028167)"
HA2393000C,21002051,Maryland-National Capital,Injury Crash,10/24/2021 05:15:00 PM,County,SHOREFIELD RD,Unknown,PARK ROAD WHEATON REGIONAL PARK,,N/A,PEDESTRIAN,N/A,CLEAR,DRY,DAYLIGHT,NO CONTROLS,UNKNOWN,N/A,E42D7C81-CE58-48B2-9962-B034848C515B,PEDESTRIAN,Cross/Enter at Intersection,NO IMPROPER ACTIONS,ON ROADWAY AT CROSSWALK,N/A,LIGHT CLOTHING,Unknown,POSSIBLE INJURY,NONE,39.05310777,-77.04469202,"(39.05310777, -77.04469202)"
MCP31930037,20016483,Montgomery County Police,Property Damage Crash,04/18/2022 04:00:00 PM,County,SEMINARY RD,County,SELWAY LA,,N/A,PEDESTRIAN,OTHER,RAINING,WET,DAYLIGHT,UNKNOWN,UNKNOWN,NONE DETECTED,F3923552-7D22-432E-A32D-1ABF54307E0C,PEDESTRIAN,Cross/Enter at Intersection,INATTENTIVE,CURB,UNKNOWN,UNKNOWN,No,NO APPARENT INJURY,NONE,39.00951005,-77.04136017,"(39.00951005, -77.04136017)"
MCP30380058,210036272,Montgomery County Police,Injury Crash,09/15/2021 07:35:00 PM,US (State),GEORGIA AVE,County,RIPLEY ST,,N/A,BICYCLIST,OTHER,CLEAR,DRY,DARK LIGHTS ON,STOP SIGN,NONE DETECTED,NONE DETECTED,CC4DE924-B94B-4C62-A424-A328FBA5A556,BICYCLIST,Walking/Riding against Traffic,WRONG WAY RIDING OR WALKING,CURB,NO PED. SIGNAL,MIXED CLOTHING,Yes,SUSPECTED MINOR INJURY,NONE,38.99245835,-77.02672977,"(38.99245835, -77.02672977)"
MCP29640051,210036415,Montgomery County Police,Injury Crash,09/15/2021 05:12:00 PM,Maryland (State),FREDERICK RD,County,SHAWNEE LA,,N/A,BICYCLIST,SAME DIRECTION RIGHT TURN,N/A,DRY,DAYLIGHT,N/A,NONE DETECTED,NONE DETECTED,A401CE3F-0538-4D59-BB27-361C5004BC3A,BICYCLIST,Walking/Riding w/Traffic,IMPROPER PASSING,ON ROADWAY NOT AT CROSSWALK,N/A,MIXED CLOTHING,Yes,SUSPECTED MINOR INJURY,MC/BIKE HELMET,39.23025266,-77.26853445,"(39.23025266, -77.26853445)"
MCP2780005H,210035455,Montgomery County Police,Injury Crash,09/09/2021 02:25:00 PM,County,SHAKESPEARE BLVD,County,OBSERVATION DR,,N/A,PEDESTRIAN,SINGLE VEHICLE,CLOUDY,DRY,DAYLIGHT,N/A,N/A,N/A,8E300ADF-0610-4D1A-8582-183B317AB2B8,PEDESTRIAN,Cross/Enter at Intersection,NO IMPROPER ACTIONS,ON ROADWAY AT CROSSWALK,NO PED. SIGNAL,DARK CLOTHING,No,POSSIBLE INJURY,N/A,39.19734167,-77.25220833,"(39.19734167, -77.25220833)"
MCP2598003K,210035566,Montgomery County Police,Property Damage Crash,09/10/2021 09:21:00 AM,County,SUNDOWN RD,County,ZION RD,,N/A,MACHINE OPERATOR/RIDER,SAME DIRECTION SIDESWIPE,CLEAR,DRY,DAYLIGHT,NO CONTROLS,NONE DETECTED,NONE DETECTED,E866DE8A-3B12-4B6A-85CA-1B3B94747116,MACHINE OPERATOR/RIDER,Other Working,NO IMPROPER ACTIONS,ON ROADWAY NOT AT CROSSWALK,N/A,HEAD LIGHT AND REFLECTORS,No,NO APPARENT INJURY,LIGHTING,39.21569167,-77.115595,"(39.21569167, -77.115595)"
EJ7890000H,210036000,Gaithersburg Police Depar,Injury Crash,09/13/2021 11:27:00 AM,Municipality,INSPIRATION LA,Municipality,MAIN ST,,GAITHERSBURG,OTHER,SAME DIR REAR END,CLEAR,DRY,DAYLIGHT,NO CONTROLS,NONE DETECTED,NONE DETECTED,D0FF49F1-7FC9-472F-9437-737A5D207F04,OTHER,Other,N/A,OTHER,N/A,N/A,No,NO APPARENT INJURY,N/A,39.12020207,-77.23460335,"(39.12020207, -77.23460335)"
MCP2586005K,210035517,Montgomery County Police,Injury Crash,09/09/2021 07:39:00 PM,County,WEST OLD BALTIMORE RD,Maryland (State),CLARKSBURG RD,,N/A,PEDESTRIAN,OTHER,CLEAR,DRY,DARK NO LIGHTS,NO CONTROLS,UNKNOWN,NONE DETECTED,FAE3F322-5BF1-4173-8099-652DBCF9E491,PEDESTRIAN,Walking/Riding w/Traffic,NOT VISIBLE,SHOULDER,NO PED. SIGNAL,MIXED CLOTHING,No,SUSPECTED MINOR INJURY,N/A,39.2196362,-77.286263,"(39.2196362, -77.286263)"
MCP27520049,210035182,Montgomery County Police,Injury Crash,09/07/2021 07:35:00 PM,County,JONES BRIDGE RD,County,WALNUT HILL RD,,N/A,BICYCLIST,SAME DIR REAR END,CLEAR,DRY,DAWN,NO CONTROLS,,N/A,9A4B2514-272D-41C8-BB04-5A41630D4C86,BICYCLIST,Unknown,UNKNOWN,UNKNOWN,UNKNOWN,UNKNOWN,Yes,SUSPECTED MINOR INJURY,NONE,38.998664,-77.068664,"(38.998664, -77.068664)"
MCP2048003D,210039533,Montgomery County Police,Injury Crash,08/28/2021 12:00:00 PM,,AVENEL GARDEN LANE,,ELTON RD,,N/A,PEDESTRIAN,OTHER,CLEAR,DRY,DAYLIGHT,NO CONTROLS,NONE DETECTED,NONE DETECTED,7431DC1A-65A6-40AD-9401-642B5271D660,PEDESTRIAN,Other,NO IMPROPER ACTIONS,SIDEWALK,N/A,LIGHT CLOTHING,No,SUSPECTED MINOR INJURY,N/A,39.01944365,-76.97196495,"(39.01944365, -76.97196495)"
MCP3197002J,210035920,Montgomery County Police,Injury Crash,09/12/2021 05:45:00 PM,,,,,13729 CONNECTICUT AVENUE,,PEDESTRIAN,SINGLE VEHICLE,CLEAR,,DAYLIGHT,NO CONTROLS,,NONE DETECTED,F3735CFC-305A-4F0E-9DD4-84C8A3D1A2DA,PEDESTRIAN,Standing,NO IMPROPER ACTIONS,CURB,NO PED. SIGNAL,LIGHT CLOTHING,No,SUSPECTED MINOR INJURY,N/A,39.07717733,-77.07945983,"(39.07717733, -77.07945983)"
MCP263900DL,220002119,Montgomery County Police,Property Damage Crash,01/18/2022 07:46:00 AM,County,CRYSTAL ROCK DR,County,WISTERIA DR,,N/A,PEDESTRIAN,STRAIGHT MOVEMENT ANGLE,CLOUDY,SNOW,DAYLIGHT,NO CONTROLS,NONE DETECTED,NONE DETECTED,D3B73550-DAB0-42D2-B311-E745785BE1D4,PEDESTRIAN,Cross/Enter not at Intersection,DART DASH,ON ROADWAY NOT AT CROSSWALK,NO PED. SIGNAL,DARK CLOTHING,Yes,NO APPARENT INJURY,NONE,39.17400833,-77.26557833,"(39.17400833, -77.26557833)"
MCP3197002J,210035920,Montgomery County Police,Injury Crash,09/12/2021 05:45:00 PM,,,,,13729 CONNECTICUT AVENUE,,PEDESTRIAN,SINGLE VEHICLE,CLEAR,,DAYLIGHT,NO CONTROLS,,NONE DETECTED,E9D27C32-098E-4C6F-AE13-26902AE4BC5D,PEDESTRIAN,Standing,NO IMPROPER ACTIONS,CURB,NO PED. SIGNAL,LIGHT CLOTHING,No,POSSIBLE INJURY,N/A,39.07717733,-77.07945983,"(39.07717733, -77.07945983)"
MCP3294000C,210035384,Montgomery County Police,Injury Crash,09/09/2021 01:30:00 AM,County,NICHOLSON LA,Maryland (State),ROCKVILLE PIKE,,N/A,PEDESTRIAN,SINGLE VEHICLE,RAINING,WET,DARK -- UNKNOWN LIGHTING,UNKNOWN,UNKNOWN,NONE DETECTED,CDDDD537-18D5-4DCF-A8B9-0B3E196433C7,PEDESTRIAN,Standing,UNKNOWN,ON ROADWAY NOT AT CROSSWALK,UNKNOWN,UNKNOWN,Unknown,SUSPECTED MINOR INJURY,UNKNOWN,39.15402667,-77.14169833,"(39.15402667, -77.14169833)"
MCP24960031,210036011,Montgomery County Police,Injury Crash,09/12/2021 07:30:00 PM,County,STEWART LA,County,LOCKWOOD DR,,N/A,PEDESTRIAN,SINGLE VEHICLE,CLEAR,DRY,DUSK,NO CONTROLS,NONE DETECTED,NONE DETECTED,844644FE-A0DF-4988-8DD2-5634F7959844,PEDESTRIAN,Other,DART DASH,OTHER,NO PED. SIGNAL,MIXED CLOTHING,Unknown,SUSPECTED MINOR INJURY,NONE,39.043801,-76.9787472,"(39.043801, -76.9787472)"
MCP1563006X,210035869,Montgomery County Police,Injury Crash,09/12/2021 11:40:00 AM,,,,,PARKING LOT OF 8542 CONNECTICUT AVE.,,PEDESTRIAN,SINGLE VEHICLE,CLEAR,,DAYLIGHT,N/A,NONE DETECTED,NONE DETECTED,C0932DF5-9C3B-44BD-AE1A-57FC24D748C2,PEDESTRIAN,Standing,NO IMPROPER ACTIONS,OTHER,N/A,MIXED CLOTHING,No,SUSPECTED MINOR INJURY,N/A,38.995515,-77.07769,"(38.995515, -77.07769)"
MCP32850018,210035886,Montgomery County Police,Injury Crash,09/12/2021 02:21:00 PM,,,,,IFO 13 LOCBURY CT,,PEDESTRIAN,SINGLE VEHICLE,CLEAR,,DAYLIGHT,NO CONTROLS,NONE DETECTED,N/A,4770C73E-A280-46F1-B4C6-2C34A73E6E55,PEDESTRIAN,Standing,NO IMPROPER ACTIONS,N/A,N/A,LIGHT CLOTHING,No,SUSPECTED SERIOUS INJURY,NONE,39.18758667,-77.26560833,"(39.18758667, -77.26560833)"
MCP29050056,220002282,Montgomery County Police,Injury Crash,01/19/2022 06:49:00 AM,County,DEMOCRACY BLVD,County,BELLS MILL RD,,N/A,PEDESTRIAN,STRAIGHT MOVEMENT ANGLE,CLOUDY,WET,DARK LIGHTS ON,NO CONTROLS,N/A,N/A,2B085D08-63A1-46EE-A069-02200307D912,PEDESTRIAN,Cross/Enter at Intersection,NOT VISIBLE,ON ROADWAY NOT AT CROSSWALK,NO PED. SIGNAL,DARK CLOTHING,Unknown,SUSPECTED SERIOUS INJURY,NONE,39.02316607,-77.15377932,"(39.02316607, -77.15377932)"
MCP2895002B,220026615,Montgomery County Police,Injury Crash,06/20/2022 07:30:00 PM,County,MIDDLEBROOK RD,County,RIDGECREST DR,,N/A,BICYCLIST,OTHER,N/A,DRY,DAYLIGHT,STOP SIGN,NONE DETECTED,NONE DETECTED,46288F10-D0F2-4D72-9703-7C4073441B6E,BICYCLIST,Cross/Enter at Intersection,NO IMPROPER ACTIONS,ON ROADWAY NOT AT CROSSWALK,NO PED. SIGNAL,LIGHT CLOTHING,No,POSSIBLE INJURY,NONE,39.17487664,-77.25918558,"(39.17487664, -77.25918558)"
MCP29730060,220035517,Montgomery County Police,Property Damage Crash,08/17/2022 04:00:00 PM,County,WELLER RD,Maryland (State),GEORGIA AVE,,N/A,BICYCLIST,OTHER,CLEAR,DRY,DAYLIGHT,NO CONTROLS,N/A,N/A,EDF2FAF1-0DA9-469F-B7B5-92D75ADA78E8,BICYCLIST,Cross/Enter at Intersection,NO IMPROPER ACTIONS,ON ROADWAY AT CROSSWALK,NO PED. SIGNAL,LIGHT CLOTHING,No,NO APPARENT INJURY,N/A,39.066515,-77.059687,"(39.066515, -77.059687)"
DD5633006G,220001677,Rockville Police Departme,Injury Crash,01/14/2022 11:00:00 AM,Municipality,THOMPSON AVE,Maryland (State),ROCKVILLE PIKE,,N/A,PEDESTRIAN,SINGLE VEHICLE,CLOUDY,DRY,DAYLIGHT,STOP SIGN,NONE DETECTED,NONE DETECTED,9F7A5A60-05FF-4068-A764-F67CDC282FEB,PEDESTRIAN,Cross/Enter at Intersection,NO IMPROPER ACTIONS,ON ROADWAY AT CROSSWALK,NO PED. SIGNAL,DARK CLOTHING,No,POSSIBLE INJURY,N/A,39.05937798,-77.12165963,"(39.05937798, -77.12165963)"
MCP30740052,220001763,Montgomery County Police,Injury Crash,01/14/2022 05:50:00 PM,Maryland (State),16TH ST,County,SECOND AVE,,N/A,PEDESTRIAN,SINGLE VEHICLE,CLEAR,DRY,DARK LIGHTS ON,TRAFFIC SIGNAL,N/A,N/A,57C606A2-6E53-4BCB-83FA-E3B155DA227C,PEDESTRIAN,Cross/Enter at Intersection,NO IMPROPER ACTIONS,ON ROADWAY AT CROSSWALK,OBEYED PED. SIGNAL,MIXED CLOTHING,No,POSSIBLE INJURY,N/A,38.99664247,-77.03649706,"(38.99664247, -77.03649706)"
MCP26120048,210041716,Montgomery County Police,Injury Crash,10/17/2021 08:48:00 PM,County,RIPPLING BROOK DR,County,BEL PRE RD,,N/A,BICYCLIST,OTHER,CLEAR,DRY,DARK LIGHTS ON,STOP SIGN,NONE DETECTED,NONE DETECTED,A4FADE77-C494-4BD0-AE22-B7CB0F300F55,BICYCLIST,Cross/Enter at Intersection,UNKNOWN,ON ROADWAY AT CROSSWALK,NO PED. SIGNAL,DARK CLOTHING,Yes,POSSIBLE INJURY,NONE,39.090145,-77.05401167,"(39.090145, -77.05401167)"
MCP33020008,210031516,Montgomery County Police,Injury Crash,08/13/2021 05:51:00 PM,County,RANDOLPH RD,County,SHERWOOD FOREST DR,,N/A,PEDESTRIAN,SINGLE VEHICLE,RAINING,WET,DAYLIGHT,N/A,NONE DETECTED,NONE DETECTED,6B5D8E0F-5244-443A-ACCB-0F40790E0819,PEDESTRIAN,Cross/Enter at Intersection,DART DASH,AT INTERSECTION BUT NO CROSSWALK,NO PED. SIGNAL,MIXED CLOTHING,Yes,SUSPECTED SERIOUS INJURY,NONE,39.07321171,-77.00832942,"(39.07321171, -77.00832942)"
MCP1524000R,210037242,Montgomery County Police,Injury Crash,09/17/2021 11:00:00 AM,Maryland (State),CLOPPER RD,Municipality,FIRSTFIELD RD,,GAITHERSBURG,PEDESTRIAN,SINGLE VEHICLE,CLEAR,DRY,DAYLIGHT,PERSON,NONE DETECTED,NONE DETECTED,7AF3EF79-AD5F-41D5-A7DE-8FD6E4318C12,PEDESTRIAN,Cross/Enter at Intersection,UNKNOWN,ON ROADWAY AT CROSSWALK,UNKNOWN,DARK CLOTHING,Unknown,SUSPECTED MINOR INJURY,NONE,39.1437061,-77.22386883,"(39.1437061, -77.22386883)"
MCP3296000N,210037118,Montgomery County Police,Injury Crash,09/20/2021 01:46:00 PM,Maryland (State),GEORGIA AVE,County,TILTON DR,,N/A,BICYCLIST,STRAIGHT MOVEMENT ANGLE,CLEAR,DRY,DAYLIGHT,STOP SIGN,NONE DETECTED,NONE DETECTED,84615557-B2A6-4918-AACA-BC819ABFE5DE,BICYCLIST,Cross/Enter at Intersection,WRONG WAY RIDING OR WALKING,SHOULDER,NO PED. SIGNAL,DARK CLOTHING,Yes,SUSPECTED MINOR INJURY,NONE,39.01841657,-77.04355064,"(39.01841657, -77.04355064)"
MCP291400BF,210036118,Montgomery County Police,Injury Crash,09/13/2021 11:18:00 PM,US (State),GEORGIA AVE,County,BLAIR RD,,N/A,OTHER CONVEYANCE,HEAD ON,N/A,N/A,DARK LIGHTS ON,NO CONTROLS,N/A,N/A,9AD6D13F-6286-4BFC-9395-588CBBF65C85,OTHER CONVEYANCE,Walking/Riding w/Traffic,NO IMPROPER ACTIONS,ON ROADWAY NOT AT CROSSWALK,N/A,DARK CLOTHING,No,SUSPECTED SERIOUS INJURY,NONE,38.9937153,-77.0266165,"(38.9937153, -77.0266165)"
MCP3153002R,210035766,Montgomery County Police,Property Damage Crash,09/11/2021 01:55:00 PM,County,KEATING ST,County,INDEPENDENCE ST,,N/A,PEDESTRIAN,HEAD ON,CLEAR,DRY,DAYLIGHT,NO CONTROLS,"ALCOHOL CONTRIBUTED, NONE DETECTED",N/A,1E48DDB3-A930-4AF4-8740-3C7B68D0703D,PEDESTRIAN,Standing,NO IMPROPER ACTIONS,OTHER,N/A,N/A,No,NO APPARENT INJURY,N/A,39.07431833,-77.09076,"(39.07431833, -77.09076)"
MCP3282000X,210041460,Montgomery County Police,Injury Crash,10/15/2021 10:47:00 PM,Maryland (State),GREAT SENECA HWY,County,WISTERIA DR,,N/A,PEDESTRIAN,OTHER,CLEAR,DRY,DARK LIGHTS ON,TRAFFIC SIGNAL,UNKNOWN,NONE DETECTED,DF2997B9-7251-433E-BE6E-A880E6BC306B,PEDESTRIAN,Walking/Riding against Traffic,FAILURE TO OBEY TRAFFIC SIGNS SIGNALS OR OFFICER,AT INTERSECTION BUT NO CROSSWALK,DISOBEYED PED. SIGNAL,DARK CLOTHING,Yes,SUSPECTED MINOR INJURY,NONE,39.1710268,-77.26262616,"(39.1710268, -77.26262616)"
MCP9386008X,210041163,Montgomery County Police,Injury Crash,10/14/2021 12:30:00 PM,Maryland (State),DARNESTOWN RD,County,JONES LA,,N/A,BICYCLIST,STRAIGHT MOVEMENT ANGLE,CLEAR,DRY,DAYLIGHT,N/A,NONE DETECTED,NONE DETECTED,60656045-3C1D-49AC-BEE2-B5ED25AF372E,BICYCLIST,Walking/Riding w/Traffic,NO IMPROPER ACTIONS,SHOULDER,NO PED. SIGNAL,MIXED CLOTHING,No,SUSPECTED MINOR INJURY,MC/BIKE HELMET,39.11380983,-77.26768533,"(39.11380983, -77.26768533)"
MCP3291000P,210025190,Montgomery County Police,Injury Crash,09/09/2021 03:04:00 AM,County,WAYNE AVE,Unknown,SPUR FR GEORGIA AVE,,N/A,PEDESTRIAN,SINGLE VEHICLE,CLEAR,DRY,DARK LIGHTS ON,TRAFFIC SIGNAL,UNKNOWN,NONE DETECTED,4CE82A59-ED74-43E1-AF02-E91E3E8B1FB2,PEDESTRIAN,Cross/Enter at Intersection,UNKNOWN,ON ROADWAY AT CROSSWALK,UNKNOWN,DARK CLOTHING,Unknown,SUSPECTED MINOR INJURY,NONE,38.9945782,-77.0269542,"(38.9945782, -77.0269542)"
MCP29050052,210040154,Montgomery County Police,Injury Crash,10/08/2021 10:38:00 AM,County,TUCKERMAN LA,Unknown,KINGS RIDING WAY,,N/A,BICYCLIST,STRAIGHT MOVEMENT ANGLE,CLEAR,DRY,DAYLIGHT,NO CONTROLS,N/A,N/A,8B86765E-0DBA-4B49-B110-1394DF8AB126,BICYCLIST,Cross/Enter at Intersection,NO IMPROPER ACTIONS,SIDEWALK,N/A,MIXED CLOTHING,Yes,SUSPECTED MINOR INJURY,MC/BIKE HELMET,39.02916167,-77.110775,"(39.02916167, -77.110775)"
MCP29370047,220016211,Montgomery County Police,Injury Crash,04/16/2022 09:45:00 PM,County,GREENCASTLE RD,County,OLD COLUMBIA PIKE,,N/A,PEDESTRIAN,SINGLE VEHICLE,CLEAR,DRY,DARK LIGHTS ON,TRAFFIC SIGNAL,NONE DETECTED,NONE DETECTED,83A637B8-93DF-4E81-8A97-3E6E5BFFA445,PEDESTRIAN,Cross/Enter at Intersection,NO IMPROPER ACTIONS,AT INTERSECTION MARKED CROSSWALK,OBEYED PED. SIGNAL,DARK CLOTHING,No,SUSPECTED MINOR INJURY,N/A,39.09836809,-76.9442578,"(39.09836809, -76.9442578)"
MCP3153002R,210035766,Montgomery County Police,Property Damage Crash,09/11/2021 01:55:00 PM,County,KEATING ST,County,INDEPENDENCE ST,,N/A,PEDESTRIAN,HEAD ON,CLEAR,DRY,DAYLIGHT,NO CONTROLS,"ALCOHOL CONTRIBUTED, NONE DETECTED",N/A,EB59C716-3AD4-4344-A72F-9BA9FDF1EBF9,PEDESTRIAN,Standing,NO IMPROPER ACTIONS,OTHER,N/A,N/A,No,NO APPARENT INJURY,N/A,39.07431833,-77.09076,"(39.07431833, -77.09076)"
MCP3298000L,210036860,Montgomery County Police,Injury Crash,09/18/2021 04:51:00 PM,,,,,PARKING LOT ENTRENCE/EXIT OF 619 N FREDERICK AVE.,,PEDESTRIAN,OTHER,CLEAR,,DAYLIGHT,NO CONTROLS,UNKNOWN,NONE DETECTED,15E7639F-9865-4AA0-9FA4-9C92E2E4A41C,PEDESTRIAN,Walking/Riding w/Traffic,N/A,SIDEWALK,NO PED. SIGNAL,LIGHT CLOTHING,No,SUSPECTED MINOR INJURY,NONE,39.12868842,-77.18557007,"(39.12868842, -77.18557007)"
MCP3153002R,210035766,Montgomery County Police,Property Damage Crash,09/11/2021 01:55:00 PM,County,KEATING ST,County,INDEPENDENCE ST,,N/A,PEDESTRIAN,HEAD ON,CLEAR,DRY,DAYLIGHT,NO CONTROLS,"ALCOHOL CONTRIBUTED, NONE DETECTED",N/A,31BACF41-C137-4B40-84B2-9278D18A82E2,PEDESTRIAN,Standing,NO IMPROPER ACTIONS,OTHER,N/A,N/A,No,NO APPARENT INJURY,N/A,39.07431833,-77.09076,"(39.07431833, -77.09076)"
EJ7886000P,2100366000,Gaithersburg Police Depar,Injury Crash,09/16/2021 10:00:00 PM,County,EMORY GROVE RD,County,QUAIL VALLEY DR,,N/A,PEDESTRIAN,STRAIGHT MOVEMENT ANGLE,RAINING,WET,DARK LIGHTS ON,NO CONTROLS,UNKNOWN,ALCOHOL PRESENT,8810D129-E59B-4B13-8A4A-9806111812AE,PEDESTRIAN,Cross/Enter at Intersection,UNKNOWN,AT INTERSECTION BUT NO CROSSWALK,NO PED. SIGNAL,LIGHT CLOTHING,No,SUSPECTED MINOR INJURY,N/A,39.15965386,-77.18871888,"(39.15965386, -77.18871888)"
MCP2399004Q,210036229,Montgomery County Police,Injury Crash,09/14/2021 03:05:00 PM,County,WATKINS MILL RD,County,CLUB HOUSE RD,,N/A,PEDESTRIAN,SINGLE VEHICLE,CLEAR,DRY,DAYLIGHT,NO CONTROLS,UNKNOWN,NONE DETECTED,08E18D01-75D8-45F3-A689-00227D9DAECC,PEDESTRIAN,Cross/Enter not at Intersection,DART DASH,ON ROADWAY NOT AT CROSSWALK,NO PED. SIGNAL,N/A,Yes,SUSPECTED MINOR INJURY,NONE,39.1724293,-77.2079621,"(39.1724293, -77.2079621)"
MCP229800Y9,210036286,Montgomery County Police,Injury Crash,09/14/2021 08:04:00 PM,Maryland (State),GERMANTOWN RD,Maryland (State),FREDERICK RD,,N/A,PEDESTRIAN,SINGLE VEHICLE,CLOUDY,DRY,DARK LIGHTS ON,TRAFFIC SIGNAL,NONE DETECTED,NONE DETECTED,A1322CCB-7F52-4DF2-BEED-65D1B18AEE58,PEDESTRIAN,Cross/Enter at Intersection,NO IMPROPER ACTIONS,AT INTERSECTION MARKED CROSSWALK,NO PED. SIGNAL,DARK CLOTHING,No,SUSPECTED SERIOUS INJURY,N/A,39.19234028,-77.2429752,"(39.19234028, -77.2429752)"
MCP23470033,210040488,Montgomery County Police,Injury Crash,10/10/2021 01:10:00 PM,County,CALVERTON BLVD,County,LEMAR ST,,N/A,BICYCLIST,OTHER,CLEAR,DRY,DAYLIGHT,NO CONTROLS,UNKNOWN,NONE DETECTED,8CBAB9D0-3FAC-4A75-A303-9EBEAF64F9A0,BICYCLIST,Other,WRONG WAY RIDING OR WALKING,IN BIKEWAY,N/A,LIGHT CLOTHING,No,SUSPECTED SERIOUS INJURY,NONE,39.05707483,-76.95069383,"(39.05707483, -76.95069383)"
MCP2278003K,210040834,Montgomery County Police,Injury Crash,10/12/2021 03:22:00 PM,County,MONTROSE RD,Unknown,BARGATE CT,,N/A,BICYCLIST,STRAIGHT MOVEMENT ANGLE,CLEAR,DRY,DAYLIGHT,NO CONTROLS,NONE DETECTED,NONE DETECTED,FAD89D87-AA34-4D22-950B-105C1D16A98D,BICYCLIST,Cross/Enter not at Intersection,NO IMPROPER ACTIONS,ON ROADWAY AT CROSSWALK,NO PED. SIGNAL,MIXED CLOTHING,No,SUSPECTED MINOR INJURY,NONE,39.05356333,-77.13203833,"(39.05356333, -77.13203833)"
MCP271700W4,210041405,Montgomery County Police,Injury Crash,10/15/2021 05:20:00 PM,Maryland (State),ROCKVILLE PIKE,Municipality,ROLLINS AVE,,ROCKVILLE,PEDESTRIAN,OTHER,CLEAR,DRY,DAYLIGHT,STOP SIGN,UNKNOWN,NONE DETECTED,C6066F36-D1E6-4E74-A68F-33FEF42C5338,PEDESTRIAN,Other,NO IMPROPER ACTIONS,OTHER,NO PED. SIGNAL,MIXED CLOTHING,No,SUSPECTED MINOR INJURY,NONE,39.0596305,-77.12240167,"(39.0596305, -77.12240167)"
MCP32680017,210041737,Montgomery County Police,Injury Crash,10/18/2021 06:32:00 AM,County,BROADBIRCH DR,County,TECH RD,,N/A,PEDESTRIAN,N/A,N/A,DRY,DARK LIGHTS ON,STOP SIGN,N/A,N/A,0E2C2542-D181-4A58-8E53-451452AC9238,PEDESTRIAN,Cross/Enter at Intersection,NO IMPROPER ACTIONS,SIDEWALK,OBEYED PED. SIGNAL,DARK CLOTHING,No,POSSIBLE INJURY,N/A,39.05594117,-76.96627683,"(39.05594117, -76.96627683)"
MCP3197002L,210039329,Montgomery County Police,Injury Crash,10/03/2021 06:21:00 PM,County,HEWITT AVE,Maryland (State),GEORGIA AVE,,N/A,PEDESTRIAN,SINGLE VEHICLE,CLEAR,DRY,DAYLIGHT,TRAFFIC SIGNAL,NONE DETECTED,NONE DETECTED,5C2FAA40-6ED7-4D59-A83E-04CFF9CAAA77,PEDESTRIAN,Cross/Enter at Intersection,NO IMPROPER ACTIONS,AT INTERSECTION MARKED CROSSWALK,OBEYED PED. SIGNAL,MIXED CLOTHING,No,SUSPECTED MINOR INJURY,NONE,39.07740988,-77.07090911,"(39.07740988, -77.07090911)"