Report Number,Local Case Number,Agency Name,ACRS Report Type,Crash Date/Time,Route Type,Road Name,Cross-Street Type,Cross-Street Name,Off-Road Description,Municipality,Related Non-Motorist,Collision Type,Weather,Surface Condition,Light,Traffic Control,Driver Substance Abuse,Non-Motorist Substance Abuse,Person ID,Pedestrian Type,Pedestrian Movement,Pedestrian Actions,Pedestrian Location,Pedestrian Obeyed Traffic Signal,Pedestrian Visibility,At Fault,Injury Severity,Safety Equipment,Latitude,Longitude,Location
MCP3156001M,210025210,Montgomery County Police,Injury Crash,07/01/2021 09:13:00 AM,Maryland (State),PINEY BRANCH RD,County,MISSISSIPPI AVE,,N/A,PEDESTRIAN,OTHER,CLEAR,DRY,DAYLIGHT,N/A,NONE DETECTED,NONE DETECTED,FCB0E675-1449-4A7E-A8D6-48931FC5CAE3,PEDESTRIAN,Standing,OTHER,OTHER,OTHER,REFLECTIVE MATERIAL,No,SUSPECTED SERIOUS INJURY,REFLECTIVE CLOTHING,38.98908854,-77.01164103,"(38.98908854, -77.01164103)"
MCP3299000V,210041546,Montgomery County Police,Injury Crash,10/16/2021 03:39:00 PM,,,,,11160 VEIRS MILL ROAD. COSTCO/TARGET PARKING LOT.,,PEDESTRIAN,OTHER,RAINING,,DAYLIGHT,NO CONTROLS,NONE DETECTED,NONE DETECTED,97E52A8A-5E6D-4ABD-9208-5627D8CA3BEC,PEDESTRIAN,Cross/Enter not at Intersection,INATTENTIVE,OTHER,NO PED. SIGNAL,MIXED CLOTHING,Yes,POSSIBLE INJURY,NONE,39.03576029,-77.05606393,"(39.03576029, -77.05606393)"
MCP3220001H,210041390,Montgomery County Police,Property Damage Crash,10/15/2021 04:11:00 PM,County,HOLLINGSWORTH DR,County,HOLLINGSWORTH TERR,,N/A,MACHINE OPERATOR/RIDER,STRAIGHT MOVEMENT ANGLE,N/A,DRY,DAYLIGHT,NO CONTROLS,NONE DETECTED,NONE DETECTED,11E5FF05-4D5E-4E3C-BE53-B83033773569,MACHINE OPERATOR/RIDER,Push/Work on Vehicle,INATTENTIVE,OTHER,NO PED. SIGNAL,N/A,Yes,NO APPARENT INJURY,N/A,39.15200617,-77.13448917,"(39.15200617, -77.13448917)"
DM8499000M,210041310,Takoma Park Police Depart,Property Damage Crash,10/15/2021 09:47:00 AM,Maryland (State),CARROLL AVE,Municipality,LEE AVE,,TAKOMA PARK,PEDESTRIAN,SAME DIR REAR END,CLEAR,DRY,DAYLIGHT,N/A,"N/A, NONE DETECTED",NONE DETECTED,10ACA672-BCC5-4FD7-A822-84EDF4BF6BC6,PEDESTRIAN,Cross/Enter not at Intersection,NO IMPROPER ACTIONS,ON ROADWAY AT CROSSWALK,OBEYED PED. SIGNAL,MIXED CLOTHING,No,NO APPARENT INJURY,N/A,38.97889493,-77.00540601,"(38.97889493, -77.00540601)"
EJ7884002Z,210041391,Gaithersburg Police Depar,Injury Crash,10/15/2021 04:32:00 PM,Maryland (State),CLOPPER RD,Municipality,W WATKINS MILL RD,,GAITHERSBURG,PEDESTRIAN,OTHER,CLEAR,DRY,DAYLIGHT,TRAFFIC SIGNAL,N/A,NONE DETECTED,CD379948-DD29-4BB6-B015-85146CF2EC6F,PEDESTRIAN,Cross/Enter at Intersection,IN ROADWAY IMPROPERLY,CURB,DISOBEYED PED. SIGNAL,MIXED CLOTHING,Yes,SUSPECTED MINOR INJURY,NONE,39.14769317,-77.23312198,"(39.14769317, -77.23312198)"
MCP31150054,210041309,Montgomery County Police,Property Damage Crash,10/15/2021 09:20:00 AM,County,ELDRID DR,Other Public Roadway,ECKMOOR RD,,N/A,OTHER,SINGLE VEHICLE,CLEAR,DRY,DAYLIGHT,NO CONTROLS,N/A,N/A,05274A96-D7E9-4A5B-8C4B-B9EB8EC570C4,OTHER,N/A,NO IMPROPER ACTIONS,N/A,N/A,N/A,No,NO APPARENT INJURY,N/A,39.06577667,-76.999895,"(39.06577667, -76.999895)"
MCP263900D0,210041923,Montgomery County Police,Injury Crash,10/19/2021 07:40:00 AM,,SNOWDEN FARM PKWY,,SWEETSPIRE DR,,N/A,BICYCLIST,STRAIGHT MOVEMENT ANGLE,CLEAR,DRY,DAYLIGHT,N/A,NONE DETECTED,NONE DETECTED,08591482-AE4C-4E70-91E7-3FA870F0BA44,BICYCLIST,Cross/Enter at Intersection,DART DASH,AT INTERSECTION MARKED CROSSWALK,NO PED. SIGNAL,DARK CLOTHING,Yes,POSSIBLE INJURY,MC/BIKE HELMET,39.226935,-77.24847833,"(39.226935, -77.24847833)"
MCP30190047,210048774,Montgomery County Police,Injury Crash,12/01/2021 04:00:00 PM,County,BETHESDA AVE,County,ARLINGTON RD,,N/A,PEDESTRIAN,OTHER,CLEAR,DRY,DUSK,NO CONTROLS,N/A,N/A,2EE74486-5529-42CE-BEEB-3CCD7641E6D9,PEDESTRIAN,Other,N/A,SIDEWALK,N/A,UNKNOWN,No,POSSIBLE INJURY,N/A,38.980945,-77.0974,"(38.980945, -77.0974)"
MCP3073005K,210046883,Montgomery County Police,Injury Crash,11/18/2021 05:47:00 PM,Maryland (State),GEORGIA AVE,County,KAYSON ST,,N/A,PEDESTRIAN,OTHER,RAINING,WET,DARK LIGHTS ON,NO CONTROLS,NONE DETECTED,UNKNOWN,7C5E0E45-A348-43F8-BB90-5197F72E01ED,PEDESTRIAN,Cross/Enter not at Intersection,IN ROADWAY IMPROPERLY,ON ROADWAY NOT AT CROSSWALK,N/A,DARK CLOTHING,Yes,SUSPECTED MINOR INJURY,N/A,39.07086667,-77.06342667,"(39.07086667, -77.06342667)"
MCP30190045,210045939,Montgomery County Police,Injury Crash,11/12/2021 05:15:00 PM,,GRAND PARK AVENUE,,PERSEI PLACE,,N/A,PEDESTRIAN,OTHER,CLEAR,DRY,DARK LIGHTS ON,STOP SIGN,N/A,N/A,7142C2F2-1B69-44EA-8873-9FCA56077EC5,PEDESTRIAN,Other,NO IMPROPER ACTIONS,ON ROADWAY AT CROSSWALK,NO PED. SIGNAL,MIXED CLOTHING,No,POSSIBLE INJURY,N/A,39.050075,-77.117335,"(39.050075, -77.117335)"
MCP3199003F,210048294,Montgomery County Police,Property Damage Crash,11/28/2021 12:42:00 PM,Maryland (State),GEORGIA AVE,Unknown,JONES LA,,N/A,PEDESTRIAN,OTHER,CLEAR,DRY,DAYLIGHT,N/A,NONE DETECTED,NONE DETECTED,12BE61DB-2460-4E6B-8C96-75A63E85CD83,PEDESTRIAN,Cross/Enter at Intersection,UNKNOWN,AT INTERSECTION BUT NO CROSSWALK,NO PED. SIGNAL,DARK CLOTHING,No,NO APPARENT INJURY,NONE,39.05342,-77.05069167,"(39.05342, -77.05069167)"
MCP3010006D,210048874,Montgomery County Police,Injury Crash,12/02/2021 08:19:00 AM,Maryland (State),ROCKVILLE PIKE,County,SECURITY LA,,N/A,BICYCLIST,STRAIGHT MOVEMENT ANGLE,CLEAR,DRY,DAYLIGHT,TRAFFIC SIGNAL,N/A,N/A,976D4648-EFA0-4E2C-97C7-36BCEE7413AA,BICYCLIST,Cross/Enter at Intersection,NO IMPROPER ACTIONS,ON ROADWAY AT CROSSWALK,OBEYED PED. SIGNAL,DARK CLOTHING,No,SUSPECTED MINOR INJURY,NONE,39.04192477,-77.11052965,"(39.04192477, -77.11052965)"
EJ7876004K,220017728,Gaithersburg Police Depar,Injury Crash,04/26/2022 03:30:00 PM,Municipality,E DIAMOND AVE,Municipality,ALLEY #3,,GAITHERSBURG,PEDESTRIAN,OTHER,CLOUDY,WET,DAYLIGHT,NO CONTROLS,NONE DETECTED,NONE DETECTED,0E786EB2-2A5C-4E4E-BDCE-7574AD59B36F,PEDESTRIAN,Cross/Enter not at Intersection,DART DASH,ON ROADWAY NOT AT CROSSWALK,NO PED. SIGNAL,MIXED CLOTHING,Yes,SUSPECTED MINOR INJURY,NONE,39.14206915,-77.19098168,"(39.14206915, -77.19098168)"
MCP3149003C,220017080,Montgomery County Police,Injury Crash,04/22/2022 10:49:00 AM,US (State),COLESVILLE RD,Ramp,RAMP 3 FR IS 495 EB TO US 29 NB,,N/A,PEDESTRIAN,OTHER,CLEAR,DRY,DAYLIGHT,NO CONTROLS,UNKNOWN,NONE DETECTED,6160703B-DA61-46E9-B0EB-DA1FE4A26003,PEDESTRIAN,Cross/Enter at Intersection,UNKNOWN,ON ROADWAY AT CROSSWALK,NO PED. SIGNAL,LIGHT CLOTHING,Unknown,SUSPECTED MINOR INJURY,N/A,39.015705,-77.01634,"(39.015705, -77.01634)"
MCP3084005S,220016909,Montgomery County Police,Injury Crash,04/21/2022 06:51:00 AM,County,CHESHIRE DR,County,GROSVENOR LA,,N/A,BICYCLIST,OTHER,CLEAR,DRY,DAYLIGHT,STOP SIGN,NONE DETECTED,NONE DETECTED,6CE1F972-BA50-4C56-9C96-387B0FC2863B,BICYCLIST,Cross/Enter at Intersection,UNKNOWN,ON ROADWAY NOT AT CROSSWALK,NO PED. SIGNAL,DARK CLOTHING,Unknown,POSSIBLE INJURY,MC/BIKE HELMET,39.02338167,-77.12303,"(39.02338167, -77.12303)"
MCP209400JG,220012123,Montgomery County Police,Injury Crash,03/21/2022 11:05:00 AM,County,QUINTANA DR,County,DWIGHT DR,,N/A,OTHER,OTHER,CLEAR,DRY,DAYLIGHT,NO CONTROLS,NONE DETECTED,NONE DETECTED,29DCC8DA-985E-4E6C-B4B0-72D20932A9AE,OTHER,Other,OTHER,ON ROADWAY NOT AT CROSSWALK,N/A,REFLECTIVE MATERIAL,No,SUSPECTED SERIOUS INJURY,REFLECTIVE CLOTHING,39.00416,-77.15812833,"(39.00416, -77.15812833)"
MCP27230069,220016036,Montgomery County Police,Injury Crash,04/15/2022 05:40:00 PM,Maryland (State),GEORGIA AVE,County,WENDY LA,,N/A,BICYCLIST,SINGLE VEHICLE,CLEAR,DRY,DAYLIGHT,NO CONTROLS,N/A,UNKNOWN,35CDA978-2A3F-405B-91BA-BCBD4FB749ED,BICYCLIST,Walking/Riding against Traffic,FAILURE TO YIELD RIGHT OF WAY,ON ROADWAY NOT AT CROSSWALK,NO PED. SIGNAL,MIXED CLOTHING,Yes,SUSPECTED MINOR INJURY,NONE,39.08033167,-77.07376333,"(39.08033167, -77.07376333)"
MCP3153004C,220025898,Montgomery County Police,Injury Crash,06/15/2022 12:11:00 PM,Maryland (State),LAYHILL RD,Ramp,RAMP 2 FR MD 200 WB TO MD 182,,N/A,BICYCLIST,STRAIGHT MOVEMENT ANGLE,CLEAR,DRY,DAYLIGHT,TRAFFIC SIGNAL,NONE DETECTED,NONE DETECTED,90171B6E-A3A8-43E8-9A9A-E437246981E7,BICYCLIST,Walking/Riding w/Traffic,NO IMPROPER ACTIONS,IN BIKEWAY,OBEYED PED. SIGNAL,MIXED CLOTHING,No,SUSPECTED MINOR INJURY,MC/BIKE HELMET,39.10011367,-77.04173487,"(39.10011367, -77.04173487)"
MCP22910065,220025975,Montgomery County Police,Injury Crash,06/16/2022 06:25:00 PM,County,WOODMONT AVE,County,RUGBY AVE,,N/A,PEDESTRIAN,OTHER,CLEAR,DRY,DAYLIGHT,NO CONTROLS,NONE DETECTED,NONE DETECTED,DBEE00AD-2431-4F87-A2C4-7337FE4FF347,PEDESTRIAN,Cross/Enter not at Intersection,IN ROADWAY IMPROPERLY,ON ROADWAY NOT AT CROSSWALK,NO PED. SIGNAL,MIXED CLOTHING,Yes,SUSPECTED MINOR INJURY,N/A,38.99111846,-77.09678378,"(38.99111846, -77.09678378)"
MCP2492001Q,210047847,Montgomery County Police,Injury Crash,11/24/2021 05:46:00 PM,,,,,PARKING LOT OF 20944 FREDERICK ROAD,,PEDESTRIAN,OTHER,CLEAR,,DARK LIGHTS ON,NO CONTROLS,NONE DETECTED,NONE DETECTED,DE02BBED-E3F4-4BBF-A7D0-E351DF6570E8,PEDESTRIAN,Standing,NO IMPROPER ACTIONS,OTHER,N/A,DARK CLOTHING,No,SUSPECTED SERIOUS INJURY,NONE,39.2030324,-77.24767385,"(39.2030324, -77.24767385)"
DD5527003P,210048073,Rockville Police Departme,Property Damage Crash,11/26/2021 05:15:00 PM,,,,,SHELL GAS STATION OF 1911 ROCKVILLE PIKE,,BICYCLIST,OTHER,CLEAR,,DARK LIGHTS ON,NO CONTROLS,UNKNOWN,NONE DETECTED,0906F3DD-C93E-408E-B955-06486F2FEEB0,BICYCLIST,Other,NO IMPROPER ACTIONS,OTHER,NO PED. SIGNAL,MIXED CLOTHING,No,NO APPARENT INJURY,NONE,39.05842351,-77.1214181,"(39.05842351, -77.1214181)"
MCP30190045,210045939,Montgomery County Police,Injury Crash,11/12/2021 05:15:00 PM,,GRAND PARK AVENUE,,PERSEI PLACE,,N/A,PEDESTRIAN,OTHER,CLEAR,DRY,DARK LIGHTS ON,STOP SIGN,N/A,N/A,0A51C1A7-2D28-49A4-8D4F-072C1C11B6B1,PEDESTRIAN,N/A,NO IMPROPER ACTIONS,ON ROADWAY AT CROSSWALK,NO PED. SIGNAL,UNKNOWN,No,POSSIBLE INJURY,NONE,39.050075,-77.117335,"(39.050075, -77.117335)"
MCP2664005H,210048328,Montgomery County Police,Injury Crash,11/28/2021 07:11:00 PM,Maryland (State),GEORGIA AVE,County,NORTH HIGH ST,,N/A,PEDESTRIAN,SINGLE VEHICLE,CLEAR,DRY,DARK LIGHTS ON,NO CONTROLS,NONE DETECTED,NONE DETECTED,3432F00F-99F6-491C-9081-10D07084C64A,PEDESTRIAN,Cross/Enter at Intersection,NO IMPROPER ACTIONS,AT INTERSECTION BUT NO CROSSWALK,NO PED. SIGNAL,DARK CLOTHING,No,POSSIBLE INJURY,NONE,39.15130217,-77.06704267,"(39.15130217, -77.06704267)"
MCP30190048,210048803,Montgomery County Police,Property Damage Crash,12/01/2021 05:50:00 PM,Maryland (State),EAST WEST HWY (W/B COUPLET),County,WAVERLY ST,,N/A,PEDESTRIAN,OTHER,CLEAR,DRY,DUSK,TRAFFIC SIGNAL,N/A,N/A,CC6C0F22-C832-4C60-B152-18FCEDBBD007,PEDESTRIAN,Cross/Enter at Intersection,NO IMPROPER ACTIONS,ON ROADWAY AT CROSSWALK,OBEYED PED. SIGNAL,UNKNOWN,No,NO APPARENT INJURY,NONE,38.98461833,-77.09241167,"(38.98461833, -77.09241167)"
MCP33070014,210048926,Montgomery County Police,Injury Crash,12/02/2021 02:02:00 PM,,,,,PARKING LOT OF GIANT FOOD 3860 ROSSMOOR BLVD,,PEDESTRIAN,OTHER,CLEAR,,DAYLIGHT,NO CONTROLS,NONE DETECTED,NONE DETECTED,3FFC30FF-4E13-48FC-B92E-CBBC878B93F5,PEDESTRIAN,Cross/Enter at Intersection,IN ROADWAY IMPROPERLY,AT INTERSECTION BUT NO CROSSWALK,NO PED. SIGNAL,DARK CLOTHING,Yes,SUSPECTED SERIOUS INJURY,NONE,39.10147,-77.07552833,"(39.10147, -77.07552833)"
MCP136600BK,210048792,Montgomery County Police,Injury Crash,12/01/2021 05:02:00 PM,County,CONNECTICUT AVE,Maryland (State),GEORGIA AVE,,N/A,PEDESTRIAN,STRAIGHT MOVEMENT ANGLE,CLOUDY,DRY,DARK LIGHTS ON,TRAFFIC SIGNAL,NONE DETECTED,UNKNOWN,EFFADDDD-0696-41B0-A6F4-B2CF1B68488E,PEDESTRIAN,Cross/Enter at Intersection,UNKNOWN,ON ROADWAY AT CROSSWALK,UNKNOWN,UNKNOWN,Unknown,SUSPECTED SERIOUS INJURY,NONE,39.08410333,-77.07764833,"(39.08410333, -77.07764833)"
MCP2664005M,220010551,Montgomery County Police,Injury Crash,03/11/2022 04:02:00 PM,Maryland (State),OLNEY LAYTONSVILLE RD,Unknown,ENT TO SHOPPING CENTER,,N/A,BICYCLIST,SINGLE VEHICLE,CLEAR,DRY,DAYLIGHT,STOP SIGN,NONE DETECTED,NONE DETECTED,F2A0E6DB-05B2-47CA-AE37-0851A0E03920,BICYCLIST,Cross/Enter at Intersection,NO IMPROPER ACTIONS,ON ROADWAY AT CROSSWALK,NO PED. SIGNAL,LIGHT CLOTHING,No,SUSPECTED MINOR INJURY,MC/BIKE HELMET,39.15379386,-77.06830777,"(39.15379386, -77.06830777)"
MCP1323001N,220002521,Montgomery County Police,Property Damage Crash,01/20/2022 02:30:00 PM,Maryland (State),COLESVILLE RD,Maryland (State),EAST WEST HWY,,N/A,BICYCLIST,SAME DIRECTION SIDESWIPE,CLOUDY,WET,DAYLIGHT,TRAFFIC SIGNAL,NONE DETECTED,NONE DETECTED,FA4F0B13-20B2-4B19-B9A4-2D548F3E562E,BICYCLIST,Cross/Enter at Intersection,UNKNOWN,ON ROADWAY AT CROSSWALK,UNKNOWN,DARK CLOTHING,Unknown,NO APPARENT INJURY,MC/BIKE HELMET,38.99419,-77.03125333,"(38.99419, -77.03125333)"
MCP2455004P,220002544,Montgomery County Police,Injury Crash,01/20/2022 03:40:00 PM,,,,,PARKING LOT OF 12051 ROCKVILLE PIKE,,PEDESTRIAN,OTHER,CLEAR,,DAYLIGHT,N/A,NONE DETECTED,NONE DETECTED,9A3FFC8F-03E9-47A5-907C-0FA7DB010C08,PEDESTRIAN,Standing,NO IMPROPER ACTIONS,OTHER,N/A,UNKNOWN,No,POSSIBLE INJURY,UNKNOWN,39.05514725,-77.11523823,"(39.05514725, -77.11523823)"
MCP3042003L,220002612,Montgomery County Police,Injury Crash,01/21/2022 06:50:00 AM,County,HICKERSON DR,Maryland (State),GEORGIA AVE,,N/A,PEDESTRIAN,HEAD ON LEFT TURN,CLOUDY,DRY,DAWN,NO CONTROLS,NONE DETECTED,NONE DETECTED,D03A5670-9A99-4C8C-A8A7-BE6B3C262F07,PEDESTRIAN,Cross/Enter at Intersection,NO IMPROPER ACTIONS,ON ROADWAY AT CROSSWALK,NO PED. SIGNAL,DARK CLOTHING,No,SUSPECTED MINOR INJURY,NONE,39.04215667,-77.05178,"(39.04215667, -77.05178)"
MCP1086000B,210042474,Montgomery County Police,Injury Crash,10/22/2021 07:30:00 AM,County,RICHTER FARM RD,County,MOLASSES RUN DR,,N/A,BICYCLIST,OTHER,N/A,DRY,DAYLIGHT,STOP SIGN,NONE DETECTED,N/A,CC1A6065-745D-4B78-8FA5-5AE9EBF1E02E,BICYCLIST,Walking/Cycling on Sidewalk,INATTENTIVE,SIDEWALK,N/A,MIXED CLOTHING,Yes,SUSPECTED MINOR INJURY,NONE,39.15318326,-77.28550537,"(39.15318326, -77.28550537)"
MCP2805004T,220010269,Montgomery County Police,Injury Crash,03/10/2022 07:50:00 AM,County,MONTGOMERY VILLAGE AVE,County,WALKERS CHOICE RD,,N/A,PEDESTRIAN,SINGLE VEHICLE,N/A,DRY,DAYLIGHT,NO CONTROLS,NONE DETECTED,NONE DETECTED,7C7DD66A-9F62-4639-BD64-AAA95DBFF194,PEDESTRIAN,Cross/Enter at Intersection,NO IMPROPER ACTIONS,ON ROADWAY AT CROSSWALK,NO PED. SIGNAL,MIXED CLOTHING,No,SUSPECTED SERIOUS INJURY,NONE,39.16560783,-77.20474133,"(39.16560783, -77.20474133)"
MCP3160003D,220011176,Montgomery County Police,Injury Crash,03/15/2022 03:23:00 PM,Maryland (State),EAST WEST HWY,Government,BEACH DR,,N/A,BICYCLIST,STRAIGHT MOVEMENT ANGLE,CLEAR,DRY,DAYLIGHT,FLASHING TRAFFIC SIGNAL,NONE DETECTED,NONE DETECTED,A5FAD599-CE6C-4B29-80EC-02135AB8F3B2,BICYCLIST,Cross/Enter at Intersection,UNKNOWN,SHOULDER,UNKNOWN,MIXED CLOTHING,No,SUSPECTED SERIOUS INJURY,MC/BIKE HELMET,38.99323167,-77.06343333,"(38.99323167, -77.06343333)"
MCP32610010,220035561,Montgomery County Police,Injury Crash,08/17/2022 09:45:00 PM,County,GOSHEN RD,County,EMORY GROVE RD,,N/A,PEDESTRIAN,OTHER,CLEAR,DRY,DARK LIGHTS ON,N/A,N/A,N/A,2DED0BD1-E00E-46FF-B6CE-F5776E7C6E64,PEDESTRIAN,Cross/Enter not at Intersection,IN ROADWAY IMPROPERLY,ON ROADWAY NOT AT CROSSWALK,NO PED. SIGNAL,DARK CLOTHING,Yes,POSSIBLE INJURY,NONE,39.14966192,-77.1578232,"(39.14966192, -77.1578232)"
EJ7876003Q,210041064,Gaithersburg Police Depar,Injury Crash,10/13/2021 07:25:00 PM,Maryland (State),FREDERICK RD,County,GAME PRESERVE RD,,N/A,PEDESTRIAN,OTHER,CLEAR,DRY,DARK NO LIGHTS,NO CONTROLS,N/A,ALCOHOL CONTRIBUTED,09821F0B-50F9-40AD-B8DF-226B6F4FDFBF,PEDESTRIAN,Cross/Enter not at Intersection,NOT VISIBLE,ON ROADWAY NOT AT CROSSWALK,NO PED. SIGNAL,DARK CLOTHING,Yes,POSSIBLE INJURY,NONE,39.16483365,-77.22749527,"(39.16483365, -77.22749527)"
MCP2814002R,210040568,Montgomery County Police,Injury Crash,10/11/2021 07:28:00 AM,County,BLACKBERRY DR,Maryland (State),DARNESTOWN RD,,N/A,BICYCLIST,OTHER,N/A,DRY,DAYLIGHT,STOP SIGN,UNKNOWN,NONE DETECTED,107A527E-561E-4A56-9B39-8B806DDC7894,BICYCLIST,Cross/Enter at Intersection,WRONG WAY RIDING OR WALKING,AT INTERSECTION MARKED CROSSWALK,NO PED. SIGNAL,N/A,Yes,SUSPECTED MINOR INJURY,MC/BIKE HELMET,39.11650767,-77.24864083,"(39.11650767, -77.24864083)"
MCP3196002K,210043008,Montgomery County Police,Injury Crash,10/25/2021 03:30:00 PM,,,,,"12922 MIDDLEBROOK ROAD, GERMANTOWN, MD 20874 (DSW) PARKING LOT AREA",,OTHER,HEAD ON LEFT TURN,CLEAR,,N/A,TRAFFIC SIGNAL,N/A,N/A,B76346F8-4A5B-443F-A330-25B746EC0EF2,OTHER,N/A,OTHER,ON ROADWAY NOT AT CROSSWALK,N/A,N/A,Yes,SUSPECTED MINOR INJURY,N/A,39.17992133,-77.26920583,"(39.17992133, -77.26920583)"
MCP3271001G,210042535,Montgomery County Police,Injury Crash,10/22/2021 04:30:00 PM,Maryland (State),WISCONSIN AVE,County,CORDELL AVE,,N/A,BICYCLIST,SINGLE VEHICLE,CLEAR,DRY,DAYLIGHT,TRAFFIC SIGNAL,NONE DETECTED,NONE DETECTED,AC0D7082-0C84-4E53-97F3-05BD35BF9AF6,BICYCLIST,Cross/Enter at Intersection,NO IMPROPER ACTIONS,AT INTERSECTION MARKED CROSSWALK,OBEYED PED. SIGNAL,DARK CLOTHING,No,POSSIBLE INJURY,NONE,38.99102878,-77.09559958,"(38.99102878, -77.09559958)"
MCP3161003C,210042969,Montgomery County Police,Injury Crash,10/25/2021 03:03:00 PM,Maryland (State),ROCKVILLE PIKE,County,CEDAR LA,,N/A,PEDESTRIAN,SINGLE VEHICLE,CLEAR,DRY,DAYLIGHT,NO CONTROLS,NONE DETECTED,NONE DETECTED,8B35DAE4-7417-4A97-8807-1DE8C94C9404,PEDESTRIAN,Cross/Enter not at Intersection,IN ROADWAY IMPROPERLY,ON ROADWAY NOT AT CROSSWALK,NO PED. SIGNAL,DARK CLOTHING,Yes,SUSPECTED SERIOUS INJURY,NONE,38.99746667,-77.10965833,"(38.99746667, -77.10965833)"
MCP10860009,210035556,Montgomery County Police,Property Damage Crash,09/10/2021 07:30:00 AM,,,,,PARKING LOT OF SENECA VALLEY HS 19401 CRYSTAL ROCK DRIVE,,PEDESTRIAN,OTHER,CLEAR,,DAYLIGHT,N/A,NONE DETECTED,N/A,71C03F27-2D1C-4A43-B0B6-5AC1F122614B,PEDESTRIAN,Walking to/from school,NO IMPROPER ACTIONS,OTHER,N/A,MIXED CLOTHING,No,NO APPARENT INJURY,N/A,39.17460167,-77.26463,"(39.17460167, -77.26463)"
MCP2399004Z,210040088,Montgomery County Police,Injury Crash,10/07/2021 07:15:00 PM,,,,,PARKING LOT OF 19003 WATKINS MILL RD,,PEDESTRIAN,SINGLE VEHICLE,N/A,,DARK LIGHTS ON,N/A,NONE DETECTED,NONE DETECTED,7D0B6581-E3B4-4379-B0ED-A583ED634DB0,PEDESTRIAN,Other,NOT VISIBLE,OTHER,NO PED. SIGNAL,N/A,Yes,SUSPECTED MINOR INJURY,NONE,39.1659737,-77.210295,"(39.1659737, -77.210295)"
MCP25630015,210036112,Montgomery County Police,Fatal Crash,09/13/2021 08:59:00 PM,Maryland (State),VEIRS MILL RD,County,FERRARA AVE,,N/A,PEDESTRIAN,SINGLE VEHICLE,CLEAR,DRY,DARK LIGHTS ON,TRAFFIC SIGNAL,NONE DETECTED,MEDICATION PRESENT,FA1D908E-7495-4D85-A577-CCEA7C376ACA,PEDESTRIAN,Cross/Enter at Intersection,FAILURE TO OBEY TRAFFIC SIGNS SIGNALS OR OFFICER,ON ROADWAY AT CROSSWALK,DISOBEYED PED. SIGNAL,MIXED CLOTHING,Yes,FATAL INJURY,NONE,39.052929,-77.076971,"(39.052929, -77.076971)"
EJ7809002R,210042155,Gaithersburg Police Depar,Injury Crash,10/20/2021 02:19:00 PM,,,,,"842 MUDDY BRANCH RD. (GIANT FOOD PARKING LOT) GAITHERSBURG, MD. 20878",,PEDESTRIAN,OTHER,CLEAR,,DAYLIGHT,NO CONTROLS,NONE DETECTED,NONE DETECTED,E8588356-A497-493D-951C-628DE63774ED,PEDESTRIAN,N/A,NO IMPROPER ACTIONS,OTHER,N/A,LIGHT CLOTHING,No,SUSPECTED MINOR INJURY,N/A,39.11471596,-77.21704388,"(39.11471596, -77.21704388)"
MCP2927003Z,210042678,Montgomery County Police,Injury Crash,10/23/2021 12:00:00 PM,,,,,PARKING LOT OF 104 SCHUYLER ROAD,,PEDESTRIAN,OTHER,N/A,,DAYLIGHT,NO CONTROLS,UNKNOWN,NONE DETECTED,50D3FB8F-4CF5-464D-8B41-8DBC6C3F5830,PEDESTRIAN,Cross/Enter at Intersection,UNKNOWN,AT INTERSECTION BUT NO CROSSWALK,NO PED. SIGNAL,UNKNOWN,Unknown,SUSPECTED MINOR INJURY,N/A,39.00277261,-77.01248136,"(39.00277261, -77.01248136)"
MCP271700W5,210041996,Montgomery County Police,Property Damage Crash,10/19/2021 03:15:00 PM,US (State),COLUMBIA PIKE,County,TECH RD,,N/A,PEDESTRIAN,OTHER,CLEAR,DRY,DAYLIGHT,TRAFFIC SIGNAL,NONE DETECTED,NONE DETECTED,3B6D1BE4-C94E-4058-B9FB-EC43E11A1FC0,PEDESTRIAN,Cross/Enter at Intersection,NO IMPROPER ACTIONS,ON ROADWAY AT CROSSWALK,OBEYED PED. SIGNAL,MIXED CLOTHING,No,NO APPARENT INJURY,NONE,39.05789533,-76.96816317,"(39.05789533, -76.96816317)"
MCP3263001H,210042562,Montgomery County Police,Injury Crash,10/22/2021 05:04:00 PM,County,HIGHLAND AVE,County,TILBURY ST,,N/A,PEDESTRIAN,OTHER,CLEAR,DRY,DARK LIGHTS ON,STOP SIGN,NONE DETECTED,NONE DETECTED,6276A9E3-5C13-44B7-9B96-1195BBE0665E,PEDESTRIAN,Cross/Enter at Intersection,NO IMPROPER ACTIONS,ON ROADWAY AT CROSSWALK,NO PED. SIGNAL,MIXED CLOTHING,No,SUSPECTED MINOR INJURY,NONE,38.99110833,-77.09392833,"(38.99110833, -77.09392833)"
MCP3192002F,210042406,Montgomery County Police,Injury Crash,10/21/2021 09:09:00 PM,,,,,IN PARKING LOT OF 2102 RANDOLPH RD,,PEDESTRIAN,SINGLE VEHICLE,CLEAR,,DARK LIGHTS ON,NO CONTROLS,UNKNOWN,NONE DETECTED,F7A14958-D0DB-4DDE-B352-AA2472488F2C,PEDESTRIAN,Other,NO IMPROPER ACTIONS,OTHER,N/A,MIXED CLOTHING,No,POSSIBLE INJURY,NONE,39.05974367,-77.04569667,"(39.05974367, -77.04569667)"