Report Number,Local Case Number,Agency Name,ACRS Report Type,Crash Date/Time,Route Type,Road Name,Cross-Street Type,Cross-Street Name,Off-Road Description,Municipality,Related Non-Motorist,Collision Type,Weather,Surface Condition,Light,Traffic Control,Driver Substance Abuse,Non-Motorist Substance Abuse,Person ID,Pedestrian Type,Pedestrian Movement,Pedestrian Actions,Pedestrian Location,Pedestrian Obeyed Traffic Signal,Pedestrian Visibility,At Fault,Injury Severity,Safety Equipment,Latitude,Longitude,Location
MCP285900BH,210042466,Montgomery County Police,Injury Crash,10/22/2021 10:50:00 AM,,,,,"PARKING LOT 297 MUDDY BRANCH RD, GAITHERSBURG, MD 20878",,PEDESTRIAN,OTHER,CLEAR,,DAYLIGHT,NO CONTROLS,NONE DETECTED,NONE DETECTED,EDE3D255-AAA9-4CB5-9605-82166253EF9E,PEDESTRIAN,Other,NO IMPROPER ACTIONS,OTHER,NO PED. SIGNAL,DARK CLOTHING,No,POSSIBLE INJURY,NONE,39.12745,-77.20826167,"(39.12745, -77.20826167)"
MCP13780109,220003460,Montgomery County Police,Injury Crash,01/26/2022 02:15:00 PM,County,RIDGEFIELD RD,County,WESTBARD AVE,,N/A,PEDESTRIAN,SINGLE VEHICLE,CLEAR,DRY,DAYLIGHT,TRAFFIC SIGNAL,NONE DETECTED,NONE DETECTED,D0BA5079-017B-4BBA-97A5-7D3D09C648F2,PEDESTRIAN,Cross/Enter at Intersection,NO IMPROPER ACTIONS,ON ROADWAY AT CROSSWALK,OBEYED PED. SIGNAL,MIXED CLOTHING,No,POSSIBLE INJURY,NONE,38.96586344,-77.10730828,"(38.96586344, -77.10730828)"
MCP94420028,210044027,Montgomery County Police,Injury Crash,11/01/2021 07:00:00 AM,County,EAST VILLAGE AVE,County,WELBECK WAY,,N/A,PEDESTRIAN,OTHER,CLEAR,DRY,DAWN,OTHER,NONE DETECTED,NONE DETECTED,57724B36-D1DA-4B15-A15F-D4C2F70F5E10,PEDESTRIAN,Cross/Enter at Intersection,NO IMPROPER ACTIONS,ON ROADWAY AT CROSSWALK,N/A,MIXED CLOTHING,No,SUSPECTED MINOR INJURY,N/A,39.18806833,-77.180635,"(39.18806833, -77.180635)"
MCP2608002X,210044397,Montgomery County Police,Injury Crash,11/02/2021 08:15:00 PM,Maryland (State),UNIVERSITY BLVD E,Maryland (State),PINEY BRANCH RD,,N/A,PEDESTRIAN,SINGLE VEHICLE,RAINING,WET,DARK LIGHTS ON,TRAFFIC SIGNAL,NONE DETECTED,NONE DETECTED,4114B3ED-B84B-48D2-80BC-5F132B9F6608,PEDESTRIAN,Cross/Enter at Intersection,NO IMPROPER ACTIONS,ON ROADWAY AT CROSSWALK,OBEYED PED. SIGNAL,MIXED CLOTHING,No,POSSIBLE INJURY,N/A,39.00010833,-76.995005,"(39.00010833, -76.995005)"
MCP27830044,210043191,Montgomery County Police,Injury Crash,10/27/2021 07:01:00 AM,County,RANDOLPH RD,County,COLIE DR,,N/A,PEDESTRIAN,OTHER,CLEAR,DRY,N/A,OTHER,N/A,N/A,D707230B-B6D4-4A31-9589-5F8ABCE6755D,PEDESTRIAN,Cross/Enter at Intersection,NO IMPROPER ACTIONS,ON ROADWAY AT CROSSWALK,OBEYED PED. SIGNAL,N/A,No,POSSIBLE INJURY,N/A,39.05750968,-77.08004686,"(39.05750968, -77.08004686)"
MCP2260002M,210042933,Montgomery County Police,Property Damage Crash,10/25/2021 01:00:00 PM,,,,,PARKING LOT OF GIANT AT 3860 INTERNATIONAL DRIVE,,PEDESTRIAN,OTHER,N/A,,DAYLIGHT,N/A,N/A,N/A,EEC9ECFF-8B6E-45FE-B672-2D276169E20A,PEDESTRIAN,Other,NO IMPROPER ACTIONS,OTHER,N/A,N/A,No,NO APPARENT INJURY,N/A,39.10162167,-77.07585333,"(39.10162167, -77.07585333)"
EJ7890000N,210043582,Gaithersburg Police Depar,Injury Crash,10/28/2021 07:09:00 PM,Maryland (State),FREDERICK RD,Municipality,TRAVIS AVE,,GAITHERSBURG,OTHER,SAME DIR REAR END,CLEAR,DRY,DARK LIGHTS ON,NO CONTROLS,NONE DETECTED,NONE DETECTED,A9B33CE0-D050-4B20-8753-EAB1A2796EC2,OTHER,Standing,DISABLED VEHICLE RELATED,ON ROADWAY NOT AT CROSSWALK,N/A,MIXED CLOTHING,No,SUSPECTED SERIOUS INJURY,N/A,39.16083498,-77.22127842,"(39.16083498, -77.22127842)"
MCP3192002D,210042051,Montgomery County Police,Injury Crash,10/19/2021 08:05:00 PM,County,GLENHAVEN PKWY,County,ALBERTI DR,,N/A,OTHER PEDALCYCLIST,SINGLE VEHICLE,CLEAR,DRY,DARK LIGHTS ON,STOP SIGN,NONE DETECTED,NONE DETECTED,EC486484-68EB-4F34-941F-FD3F15D56627,OTHER PEDALCYCLIST,Other,IN ROADWAY IMPROPERLY,ON ROADWAY NOT AT CROSSWALK,N/A,DARK CLOTHING,Yes,SUSPECTED MINOR INJURY,NONE,39.034687,-77.04074217,"(39.034687, -77.04074217)"
MCP32560012,210041574,Montgomery County Police,Injury Crash,10/16/2021 07:49:00 PM,,,,,"BACK LOADING DOCK AREA OF 11221 NEW HAMPSHIRE AVENUE, SILVER SPRING, MARYLAND 20904.",,PEDESTRIAN,SINGLE VEHICLE,CLEAR,,DARK NO LIGHTS,NO CONTROLS,NONE DETECTED,NONE DETECTED,8AAE149C-0A21-4A9A-8DB3-DAF29123B793,PEDESTRIAN,Other,INATTENTIVE,OTHER,NO PED. SIGNAL,DARK CLOTHING,Yes,SUSPECTED SERIOUS INJURY,NONE,39.04042549,-76.98952744,"(39.04042549, -76.98952744)"
EJ7884003L,220001618,Gaithersburg Police Depar,Injury Crash,01/13/2022 07:35:00 PM,Municipality,RIO BLVD,County,FIELDS RD,,N/A,PEDESTRIAN,SINGLE VEHICLE,CLEAR,DRY,DARK LIGHTS ON,STOP SIGN,N/A,N/A,CF57760C-6B88-4E44-848F-125019BB308D,PEDESTRIAN,Cross/Enter at Intersection,N/A,ON ROADWAY AT CROSSWALK,N/A,MIXED CLOTHING,No,POSSIBLE INJURY,NONE,39.11525968,-77.20468778,"(39.11525968, -77.20468778)"
MCP3196002X,220003322,Montgomery County Police,Injury Crash,01/25/2022 05:52:00 PM,County,WISTERIA DR,County,FATHER HURLEY BLVD,,N/A,OTHER,OTHER,CLEAR,DRY,UNKNOWN,TRAFFIC SIGNAL,NONE DETECTED,NONE DETECTED,99E4A7AF-B08E-4A55-8C39-11FFD38EB7AD,OTHER,Cross/Enter at Intersection,N/A,ON ROADWAY AT CROSSWALK,N/A,N/A,No,POSSIBLE INJURY,N/A,39.18136567,-77.27657533,"(39.18136567, -77.27657533)"
MCP285900BP,220003244,Montgomery County Police,Injury Crash,01/25/2022 01:50:00 PM,,,,,"PARKING LOT 46 BUREAU DR, GAITHERSBURG, MD 20878",,PEDESTRIAN,OTHER,CLEAR,,DAYLIGHT,NO CONTROLS,NONE DETECTED,NONE DETECTED,207DC9B8-DB3E-4B7A-92E1-8D0D9833AAB1,PEDESTRIAN,Other,NO IMPROPER ACTIONS,OTHER,N/A,MIXED CLOTHING,No,POSSIBLE INJURY,NONE,39.14391649,-77.21831038,"(39.14391649, -77.21831038)"
MCP3112005P,210049341,Montgomery County Police,Injury Crash,12/05/2021 09:10:00 AM,Maryland (State),BRADLEY BLVD,County,FAIRFAX RD,,N/A,PEDESTRIAN,OTHER,CLEAR,DRY,DAYLIGHT,TRAFFIC SIGNAL,NONE DETECTED,NONE DETECTED,2E6DA2BC-A214-4943-8D1A-4B451F841F5F,PEDESTRIAN,Cross/Enter at Intersection,NO IMPROPER ACTIONS,ON ROADWAY AT CROSSWALK,OBEYED PED. SIGNAL,LIGHT CLOTHING,No,SUSPECTED MINOR INJURY,NONE,38.97769577,-77.10072667,"(38.97769577, -77.10072667)"
MCP209400HY,210048390,Montgomery County Police,Injury Crash,11/29/2021 10:04:00 AM,County,MANNING DR,County,FAIRFAX RD,,N/A,PEDESTRIAN,OTHER,CLEAR,DRY,DAYLIGHT,NO CONTROLS,NONE DETECTED,NONE DETECTED,66028F66-64E2-4F8E-A824-5A0BDB31CE19,PEDESTRIAN,Other Working,INATTENTIVE,ON ROADWAY NOT AT CROSSWALK,OTHER,MIXED CLOTHING,Yes,SUSPECTED SERIOUS INJURY,NONE,38.97854167,-77.10245667,"(38.97854167, -77.10245667)"
MCP29300021,210049298,Montgomery County Police,Injury Crash,12/04/2021 08:30:00 PM,,,,,PARKING LOT AT 12301 GEORGIA AVE (MCDONALDS),,PEDESTRIAN,OTHER,CLEAR,,DARK LIGHTS ON,NO CONTROLS,UNKNOWN,NONE DETECTED,4C488E43-F17C-4A4D-B621-C17ABFC2DB02,PEDESTRIAN,Other,UNKNOWN,OTHER,N/A,MIXED CLOTHING,No,POSSIBLE INJURY,NONE,39.05915086,-77.04962114,"(39.05915086, -77.04962114)"
MCP3125003G,220003457,Montgomery County Police,Injury Crash,01/26/2022 04:40:00 PM,Maryland (State),DARNESTOWN RD,County,MUDDY BRANCH RD,,N/A,PEDESTRIAN,SINGLE VEHICLE,CLEAR,DRY,DAYLIGHT,TRAFFIC SIGNAL,N/A,N/A,9FF9D603-5681-4BA8-A0E3-BED6D00D4183,PEDESTRIAN,Cross/Enter at Intersection,NO IMPROPER ACTIONS,ON ROADWAY AT CROSSWALK,OBEYED PED. SIGNAL,DARK CLOTHING,No,POSSIBLE INJURY,NONE,39.10288,-77.220805,"(39.10288, -77.220805)"
MCP32720011,210044515,Montgomery County Police,Injury Crash,11/03/2021 01:50:00 PM,US (State),COLESVILLE RD,County,TIMBERWOOD AVE,,N/A,BICYCLIST,STRAIGHT MOVEMENT ANGLE,CLEAR,DRY,DAYLIGHT,NO CONTROLS,NONE DETECTED,NONE DETECTED,E7B88553-B590-47D2-8B08-2D959B53E9A1,BICYCLIST,Cross/Enter at Intersection,NO IMPROPER ACTIONS,ON ROADWAY AT CROSSWALK,PED. SIGNAL MALFUNCTION,MIXED CLOTHING,No,POSSIBLE INJURY,NONE,39.02128133,-77.01137133,"(39.02128133, -77.01137133)"
EJ7886000T,210043401,Gaithersburg Police Depar,Injury Crash,10/27/2021 02:30:00 PM,,,,,"87 BUREAU DRIVE, GAITHERSBURG, MD 20878",,OTHER,OTHER,CLEAR,,DAYLIGHT,N/A,N/A,N/A,45108DE0-CAB1-4206-A943-EE2FE9BA9960,OTHER,Push/Work on Vehicle,N/A,N/A,N/A,REFLECTIVE MATERIAL,No,POSSIBLE INJURY,REFLECTIVE CLOTHING,39.14430513,-77.21514398,"(39.14430513, -77.21514398)"
MCP2608002X,210044397,Montgomery County Police,Injury Crash,11/02/2021 08:15:00 PM,Maryland (State),UNIVERSITY BLVD E,Maryland (State),PINEY BRANCH RD,,N/A,PEDESTRIAN,SINGLE VEHICLE,RAINING,WET,DARK LIGHTS ON,TRAFFIC SIGNAL,NONE DETECTED,NONE DETECTED,FBB0AA8A-ABBD-447F-B57C-5379F6260F43,PEDESTRIAN,Cross/Enter at Intersection,NO IMPROPER ACTIONS,ON ROADWAY AT CROSSWALK,OBEYED PED. SIGNAL,MIXED CLOTHING,No,POSSIBLE INJURY,N/A,39.00010833,-76.995005,"(39.00010833, -76.995005)"
MCP1119009G,210049041,Montgomery County Police,Injury Crash,12/03/2021 08:18:00 AM,Maryland (State),GEORGIA AVE,County,CONNECTICUT AVE,,N/A,PEDESTRIAN,OTHER,CLEAR,N/A,DAYLIGHT,TRAFFIC SIGNAL,NONE DETECTED,NONE DETECTED,81F0566A-1B87-4FBF-9475-7295ACB734F6,PEDESTRIAN,Cross/Enter at Intersection,NO IMPROPER ACTIONS,AT INTERSECTION MARKED CROSSWALK,OBEYED PED. SIGNAL,MIXED CLOTHING,No,SUSPECTED MINOR INJURY,N/A,39.08398667,-77.07765833,"(39.08398667, -77.07765833)"
MCP3113003H,210049437,Montgomery County Police,Injury Crash,12/06/2021 06:00:00 AM,Maryland (State),NEW HAMPSHIRE AVE,County,LOCKWOOD DR,,N/A,PEDESTRIAN,OTHER,N/A,DRY,DARK LIGHTS ON,TRAFFIC SIGNAL,N/A,N/A,0488ED39-C216-431B-BC99-5898A9A2E4F6,PEDESTRIAN,Cross/Enter at Intersection,DART DASH,ON ROADWAY AT CROSSWALK,DISOBEYED PED. SIGNAL,DARK CLOTHING,Yes,POSSIBLE INJURY,NONE,39.03981379,-76.99059636,"(39.03981379, -76.99059636)"
MCP3050005H,210048794,Montgomery County Police,Injury Crash,12/01/2021 05:26:00 PM,Maryland (State),GEORGIA AVE,Unknown,ENT TO APTS,,N/A,PEDESTRIAN,SINGLE VEHICLE,CLEAR,DRY,DARK NO LIGHTS,NO CONTROLS,NONE DETECTED,NONE DETECTED,67B6A2AC-0745-4049-85C2-A9CEE70CB712,PEDESTRIAN,Cross/Enter not at Intersection,IN ROADWAY IMPROPERLY,ON ROADWAY NOT AT CROSSWALK,NO PED. SIGNAL,DARK CLOTHING,Yes,SUSPECTED MINOR INJURY,NONE,39.09030351,-77.07972452,"(39.09030351, -77.07972452)"
MCP2191003S,210044956,Montgomery County Police,Injury Crash,11/06/2021 12:38:00 PM,County,WOODGLEN DR,County,EXECUTIVE BLVD,,N/A,PEDESTRIAN,STRAIGHT MOVEMENT ANGLE,CLEAR,DRY,DAYLIGHT,STOP SIGN,NONE DETECTED,NONE DETECTED,AF199CD7-1E30-4D6B-93E6-BD3397127FBD,PEDESTRIAN,Cross/Enter at Intersection,NO IMPROPER ACTIONS,ON ROADWAY AT CROSSWALK,NO PED. SIGNAL,DARK CLOTHING,No,SUSPECTED MINOR INJURY,N/A,39.04352105,-77.11339455,"(39.04352105, -77.11339455)"
MCP94190034,220003387,Montgomery County Police,Injury Crash,01/26/2022 09:19:00 AM,County,SHADY GROVE RD,County,ZETTS AVE,,N/A,PEDESTRIAN,SAME DIRECTION SIDESWIPE,CLEAR,DRY,DAYLIGHT,NO CONTROLS,NONE DETECTED,NONE DETECTED,192B4BBE-7BC5-4C8C-AF70-FF9C86556AF8,PEDESTRIAN,Other,IN ROADWAY IMPROPERLY,OTHER,N/A,LIGHT CLOTHING,Unknown,POSSIBLE INJURY,N/A,39.12144144,-77.1787081,"(39.12144144, -77.1787081)"
DD5653000T,220002694,Rockville Police Departme,Injury Crash,01/21/2022 03:31:00 PM,Municipality,WOOTTON PKWY,Municipality,GREENPLACE TERR,,ROCKVILLE,PEDESTRIAN,SINGLE VEHICLE,CLOUDY,DRY,DAYLIGHT,TRAFFIC SIGNAL,N/A,NONE DETECTED,62EB08C2-AF52-4A35-BDA7-424B5A6A73AD,PEDESTRIAN,Walking/Cycling on Sidewalk,NO IMPROPER ACTIONS,SIDEWALK,OBEYED PED. SIGNAL,N/A,Unknown,SUSPECTED MINOR INJURY,N/A,39.07451865,-77.18219412,"(39.07451865, -77.18219412)"
MCP3038005M,220002877,Montgomery County Police,Injury Crash,01/22/2022 06:40:00 PM,Maryland (State),FREDERICK RD,Municipality,MARYLAND AVE,,GAITHERSBURG,PEDESTRIAN,OTHER,CLEAR,N/A,DARK LIGHTS ON,STOP SIGN,NONE DETECTED,NONE DETECTED,7DF6BD89-EF9F-49D3-A328-0E758FF01DB6,PEDESTRIAN,Cross/Enter not at Intersection,DART DASH,ON ROADWAY NOT AT CROSSWALK,NO PED. SIGNAL,MIXED CLOTHING,Yes,SUSPECTED MINOR INJURY,NONE,39.14436011,-77.20207834,"(39.14436011, -77.20207834)"
MCP3316000N,220009715,Montgomery County Police,Injury Crash,03/06/2022 08:34:00 PM,County,VALLEYWOOD DR,Maryland (State),VEIRS MILL RD,,N/A,PEDESTRIAN,OTHER,RAINING,WET,DARK NO LIGHTS,NO CONTROLS,NONE DETECTED,NONE DETECTED,F65F1296-FFB1-4183-B1A0-1D5FB5FB2CFC,PEDESTRIAN,Cross/Enter not at Intersection,UNKNOWN,UNKNOWN,N/A,N/A,Unknown,SUSPECTED MINOR INJURY,NONE,39.049535,-77.07046333,"(39.049535, -77.07046333)"
MCP3086006J,220011438,Montgomery County Police,Injury Crash,03/17/2022 06:45:00 AM,County,SNOUFFERS SCHOOL RD,Maryland (State),WOODFIELD RD,,N/A,PEDESTRIAN,SINGLE VEHICLE,RAINING,WET,DAWN,NO CONTROLS,UNKNOWN,NONE DETECTED,9B12B793-39AF-48C4-A554-0DE0B3569509,PEDESTRIAN,Unknown,UNKNOWN,ON ROADWAY AT CROSSWALK,N/A,LIGHT CLOTHING,No,SUSPECTED MINOR INJURY,UNKNOWN,39.16204046,-77.16521098,"(39.16204046, -77.16521098)"
MCP2682003G,220010526,Montgomery County Police,Injury Crash,03/11/2022 01:28:00 PM,,,,,PARKING LOT OF 19150 MONTGOMERY VILLAGE AVE MONTGOMERY VILLAGE MD 20886,,PEDESTRIAN,N/A,CLEAR,,DAYLIGHT,OTHER,UNKNOWN,NONE DETECTED,6BC17D9A-CFF2-4C17-BE65-502452BD6F58,PEDESTRIAN,Other,NO IMPROPER ACTIONS,OTHER,NO PED. SIGNAL,MIXED CLOTHING,No,POSSIBLE INJURY,NONE,39.17118644,-77.20506481,"(39.17118644, -77.20506481)"
MCP32570052,220026008,Montgomery County Police,Injury Crash,06/16/2022 09:25:00 PM,,,,,PARKING LOT OF 11601 BOILING BROOK PL,,PEDESTRIAN,SINGLE VEHICLE,CLEAR,,DARK LIGHTS ON,NO CONTROLS,NONE DETECTED,NONE DETECTED,6D4B5C5F-AE20-4CD0-9BAE-7393610A062E,PEDESTRIAN,Other,FAILURE TO YIELD RIGHT OF WAY,OTHER,NO PED. SIGNAL,MIXED CLOTHING,No,SUSPECTED MINOR INJURY,NONE,39.04673924,-77.09930908,"(39.04673924, -77.09930908)"
MCP31240059,220011029,Montgomery County Police,Injury Crash,03/14/2022 06:50:00 AM,Maryland (State),CONNECTICUT AVE,County,DENFELD AVE,,N/A,PEDESTRIAN,OTHER,UNKNOWN,UNKNOWN,UNKNOWN,TRAFFIC SIGNAL,UNKNOWN,UNKNOWN,67FA9191-6885-4E7F-AEEC-FA2F850AE28B,PEDESTRIAN,Cross/Enter at Intersection,NO IMPROPER ACTIONS,ON ROADWAY AT CROSSWALK,OBEYED PED. SIGNAL,REFLECTIVE MATERIAL,No,POSSIBLE INJURY,N/A,39.03879422,-77.0755839,"(39.03879422, -77.0755839)"
MCP3134003C,220011182,Montgomery County Police,Property Damage Crash,03/15/2022 03:51:00 PM,County,GREENCASTLE RD,County,TURBRIDGE DR,,N/A,MACHINE OPERATOR/RIDER,OTHER,CLEAR,DRY,DAYLIGHT,PERSON,N/A,NONE DETECTED,A584D558-CF59-40A9-81E5-25FE0C57337D,MACHINE OPERATOR/RIDER,Other Working,INATTENTIVE,SHOULDER,NO PED. SIGNAL,UNKNOWN,No,NO APPARENT INJURY,N/A,39.088662,-76.93069983,"(39.088662, -76.93069983)"
DM84890012,210050804,Takoma Park Police Depart,Injury Crash,12/14/2021 11:23:00 AM,Municipality,BRIGHTON AVE,Municipality,HOUSTON AVE,,TAKOMA PARK,PEDESTRIAN,OTHER,CLEAR,DRY,DAYLIGHT,NO CONTROLS,N/A,N/A,4843BC48-43D3-4A64-B2C5-F8AE96455165,PEDESTRIAN,Standing,N/A,SHOULDER,N/A,DARK CLOTHING,No,POSSIBLE INJURY,N/A,38.99072,-77.0042035,"(38.99072, -77.0042035)"
MCP12100052,210050367,Montgomery County Police,Injury Crash,12/11/2021 01:52:00 PM,,,,,SHOPPING CENTER AT 480 N. FREDERICK AVE,,PEDESTRIAN,OTHER,CLOUDY,,DAYLIGHT,N/A,NONE DETECTED,NONE DETECTED,3BBE8313-8DAC-4603-A59E-1A8EE8562C1A,PEDESTRIAN,Other,NO IMPROPER ACTIONS,OTHER,N/A,LIGHT CLOTHING,No,SUSPECTED MINOR INJURY,NONE,39.14789586,-77.20843342,"(39.14789586, -77.20843342)"
MCP2008008Z,210049574,Montgomery County Police,Injury Crash,12/06/2021 05:08:00 PM,Other Public Roadway,MONTROSE PKWY,County,HOYA ST,,N/A,PEDESTRIAN,OTHER,CLOUDY,DRY,DARK LIGHTS ON,TRAFFIC SIGNAL,NONE DETECTED,NONE DETECTED,D4DEB07B-CA3C-4FE7-8CA5-C791D8B8A6B4,PEDESTRIAN,Cross/Enter at Intersection,NO IMPROPER ACTIONS,ON ROADWAY AT CROSSWALK,OBEYED PED. SIGNAL,MIXED CLOTHING,No,SUSPECTED MINOR INJURY,NONE,39.05206667,-77.11865333,"(39.05206667, -77.11865333)"
MCP2766006N,210050029,Montgomery County Police,Injury Crash,12/09/2021 03:22:00 PM,County,WIMBLEDON DR,County,LONGMEAD CROSSING DR,,N/A,PEDESTRIAN,SINGLE VEHICLE,CLEAR,DRY,DAYLIGHT,STOP SIGN,NONE DETECTED,NONE DETECTED,BD24B073-C388-4597-ACCA-C6AFE3342B01,PEDESTRIAN,Cross/Enter at Intersection,NO IMPROPER ACTIONS,ON ROADWAY AT CROSSWALK,NO PED. SIGNAL,MIXED CLOTHING,No,POSSIBLE INJURY,NONE,39.099425,-77.04786833,"(39.099425, -77.04786833)"
EJ7889001N,210049729,Gaithersburg Police Depar,Injury Crash,12/07/2021 04:40:00 PM,County,EMORY GROVE RD,Unknown,CUL DE SAC,,N/A,PEDESTRIAN,OTHER,CLEAR,DRY,DUSK,NO CONTROLS,NONE DETECTED,NONE DETECTED,94C668F7-497B-47F1-9AA5-00C48CCBFFFA,PEDESTRIAN,Getting off/on Vehicle,NO IMPROPER ACTIONS,N/A,N/A,N/A,No,SUSPECTED MINOR INJURY,NONE,39.15288863,-77.17652322,"(39.15288863, -77.17652322)"
MCP33000017,210049817,Montgomery County Police,Injury Crash,12/08/2021 10:45:00 AM,,,,,2519 ENNALS AVE WHEATON MD 20902,,PEDESTRIAN,SINGLE VEHICLE,CLOUDY,,DAYLIGHT,NO CONTROLS,NONE DETECTED,NONE DETECTED,53293DF6-5B3B-41EC-A735-B620FB66C225,PEDESTRIAN,Standing,NO IMPROPER ACTIONS,INSIDE BUILDING,N/A,LIGHT CLOTHING,No,POSSIBLE INJURY,NONE,39.03986433,-77.05333083,"(39.03986433, -77.05333083)"
MCP3182001J,210048951,Montgomery County Police,Injury Crash,12/07/2021 04:04:00 PM,,,,,PARKINGLOT OF 3905 BLACKBURN LN,,PEDESTRIAN,OTHER,CLEAR,,DAYLIGHT,NO CONTROLS,NONE DETECTED,NONE DETECTED,AF255521-E9B3-4327-A078-CB41711FC5DA,PEDESTRIAN,Walking to/from school,NOT VISIBLE,ON ROADWAY NOT AT CROSSWALK,NO PED. SIGNAL,MIXED CLOTHING,Yes,SUSPECTED MINOR INJURY,NONE,39.10493404,-76.93170185,"(39.10493404, -76.93170185)"
DD56280055,210050819,Rockville Police Departme,Injury Crash,12/14/2021 12:56:00 PM,,,,,PARKING LOT OF 838 ROCKVILLE PK,,PEDESTRIAN,OTHER,CLEAR,,DAYLIGHT,N/A,,NONE DETECTED,1060C3AB-7E23-4D56-AED8-DB17A6CF4527,PEDESTRIAN,Getting off/on Vehicle,OTHER,OTHER,NO PED. SIGNAL,MIXED CLOTHING,Yes,SUSPECTED SERIOUS INJURY,N/A,39.07605098,-77.13702113,"(39.07605098, -77.13702113)"
MCP29910069,220011254,Montgomery County Police,Injury Crash,03/16/2022 07:59:00 AM,Maryland (State),GEORGIA AVE,County,RANDOLPH RD,,N/A,BICYCLIST,SINGLE VEHICLE,N/A,DRY,DAYLIGHT,OTHER,NONE DETECTED,NONE DETECTED,8222379E-738F-415D-A46F-2D41222780C8,BICYCLIST,Cross/Enter at Intersection,NO IMPROPER ACTIONS,AT INTERSECTION MARKED CROSSWALK,OBEYED PED. SIGNAL,LIGHT CLOTHING,No,POSSIBLE INJURY,NONE,39.05780143,-77.0501592,"(39.05780143, -77.0501592)"
MCP30660021,220026432,Montgomery County Police,Injury Crash,06/19/2022 07:00:00 AM,Maryland (State),EAST WEST HWY,County,GRUBB RD,,N/A,PEDESTRIAN,OTHER,CLEAR,DRY,DAYLIGHT,TRAFFIC SIGNAL,N/A,N/A,940A01F0-9941-42D2-98E3-9D1A234E64EC,PEDESTRIAN,Cross/Enter at Intersection,NO IMPROPER ACTIONS,ON ROADWAY AT CROSSWALK,OBEYED PED. SIGNAL,LIGHT CLOTHING,No,SUSPECTED SERIOUS INJURY,N/A,38.99374076,-77.05190853,"(38.99374076, -77.05190853)"
MCP3090005S,220009778,Montgomery County Police,Injury Crash,03/07/2022 10:30:00 AM,County,YANKEE HARBOR DR,County,EAST VILLAGE AVE,,N/A,PEDESTRIAN,SINGLE VEHICLE,CLEAR,DRY,DAYLIGHT,STOP SIGN,N/A,N/A,DD923E11-3B09-4262-8069-2DE2373F21AB,PEDESTRIAN,Cross/Enter at Intersection,NO IMPROPER ACTIONS,AT INTERSECTION BUT NO CROSSWALK,NO PED. SIGNAL,UNKNOWN,No,SUSPECTED MINOR INJURY,N/A,39.18818079,-77.15921172,"(39.18818079, -77.15921172)"
MCP0617003J,220010472,Montgomery County Police,Injury Crash,03/11/2022 08:00:00 AM,County,FAIRLAND RD,County,TAMARACK RD,,N/A,BICYCLIST,SAME DIRECTION RIGHT TURN,CLEAR,DRY,DAYLIGHT,NO CONTROLS,NONE DETECTED,NONE DETECTED,6E6EBA90-B599-4F00-A47E-4860FFD11330,BICYCLIST,Walking/Riding w/Traffic,NO IMPROPER ACTIONS,SHOULDER,N/A,N/A,No,SUSPECTED MINOR INJURY,MC/BIKE HELMET,39.07779667,-76.97765667,"(39.07779667, -76.97765667)"
MCP1235003W,220009868,Montgomery County Police,Injury Crash,03/07/2022 07:06:00 PM,Maryland (State),NEW HAMPSHIRE AVE,County,OAKVIEW DR,,N/A,PEDESTRIAN,SINGLE VEHICLE,CLEAR,DRY,DARK LIGHTS ON,TRAFFIC SIGNAL,UNKNOWN,NONE DETECTED,73801C6B-1856-4496-8DE3-A862CEA99420,PEDESTRIAN,Cross/Enter at Intersection,NO IMPROPER ACTIONS,AT INTERSECTION MARKED CROSSWALK,OBEYED PED. SIGNAL,LIGHT CLOTHING,No,POSSIBLE INJURY,NONE,39.01532032,-76.9781604,"(39.01532032, -76.9781604)"
MCP2689008K,220026071,Montgomery County Police,Injury Crash,06/17/2022 09:44:00 AM,,,,,PARKING LOT BEHIND CVS AT 7955 TUCKERMAN LA AND NEXT TO AN UNDER CONTRUCTION CAPITAL ONE BANK BRANCH,,PEDESTRIAN,SINGLE VEHICLE,CLEAR,,DAYLIGHT,NO CONTROLS,,NONE DETECTED,F8677410-535D-4049-AED6-97FB1082C436,PEDESTRIAN,Getting off/on Vehicle,N/A,ON ROADWAY NOT AT CROSSWALK,N/A,N/A,Yes,SUSPECTED SERIOUS INJURY,N/A,39.04169749,-77.15658611,"(39.04169749, -77.15658611)"
MCP2617009W,210048446,Montgomery County Police,Injury Crash,11/29/2021 03:45:00 PM,County,OLD COLUMBIA PIKE,County,OAKHURST DR,,N/A,PEDESTRIAN,OTHER,CLEAR,DRY,DAYLIGHT,NO CONTROLS,UNKNOWN,NONE DETECTED,173B1597-A1F5-40AA-A5A1-C8A9C1EE9BE0,PEDESTRIAN,Cross/Enter not at Intersection,UNKNOWN,ON ROADWAY NOT AT CROSSWALK,UNKNOWN,DARK CLOTHING,Unknown,SUSPECTED MINOR INJURY,NONE,39.10077696,-76.94146436,"(39.10077696, -76.94146436)"