Report Number,Local Case Number,Agency Name,ACRS Report Type,Crash Date/Time,Route Type,Road Name,Cross-Street Type,Cross-Street Name,Off-Road Description,Municipality,Related Non-Motorist,Collision Type,Weather,Surface Condition,Light,Traffic Control,Driver Substance Abuse,Non-Motorist Substance Abuse,Person ID,Pedestrian Type,Pedestrian Movement,Pedestrian Actions,Pedestrian Location,Pedestrian Obeyed Traffic Signal,Pedestrian Visibility,At Fault,Injury Severity,Safety Equipment,Latitude,Longitude,Location
MCP2992003F,210043579,Montgomery County Police,Injury Crash,10/28/2021 07:12:00 PM,Maryland (State),GEORGIA AVE,US (State),COLESVILLE RD,,N/A,PEDESTRIAN,OTHER,N/A,DRY,DARK LIGHTS ON,TRAFFIC SIGNAL,N/A,N/A,791F69D6-2A56-45C3-9729-883684FD5DE7,PEDESTRIAN,Cross/Enter at Intersection,NO IMPROPER ACTIONS,N/A,UNKNOWN,DARK CLOTHING,No,SUSPECTED MINOR INJURY,N/A,39.07758667,-77.07069269,"(39.07758667, -77.07069269)"
MCP2805004G,210045575,Montgomery County Police,Injury Crash,11/10/2021 02:47:00 PM,,,,,"PL OF COSTCO, 880 RUSSELL AVE, GAITHERSBURG, MD",,PEDESTRIAN,SAME DIR REAR END,CLEAR,,DAYLIGHT,N/A,NONE DETECTED,NONE DETECTED,7ECB82FD-7F96-4A4B-BD97-82E3D8277ED7,PEDESTRIAN,Standing,NOT VISIBLE,CURB,N/A,MIXED CLOTHING,No,SUSPECTED MINOR INJURY,N/A,39.15713833,-77.214125,"(39.15713833, -77.214125)"
EJ78840035,210044861,Gaithersburg Police Depar,Injury Crash,11/05/2021 05:12:00 PM,Maryland (State),CLOPPER RD,Unknown,SPUR FR MD 124,,N/A,PEDESTRIAN,SINGLE VEHICLE,CLEAR,DRY,DAYLIGHT,TRAFFIC SIGNAL,NONE DETECTED,NONE DETECTED,57CB4AB7-A89A-4A08-9A74-27F8006D76E6,PEDESTRIAN,Cross/Enter at Intersection,UNKNOWN,ON ROADWAY AT CROSSWALK,UNKNOWN,DARK CLOTHING,Unknown,POSSIBLE INJURY,NONE,39.14250693,-77.22108205,"(39.14250693, -77.22108205)"
MCP33000010,210044444,Montgomery County Police,Injury Crash,11/03/2021 08:05:00 AM,Maryland (State),GEORGIA AVE,County,SHOREFIELD RD,,N/A,PEDESTRIAN,OTHER,CLEAR,DRY,DAYLIGHT,TRAFFIC SIGNAL,NONE DETECTED,NONE DETECTED,544531EA-BC46-44DE-BE56-938A05CD899F,PEDESTRIAN,Cross/Enter at Intersection,UNKNOWN,ON ROADWAY NOT AT CROSSWALK,OBEYED PED. SIGNAL,MIXED CLOTHING,No,POSSIBLE INJURY,NONE,39.05300757,-77.05085627,"(39.05300757, -77.05085627)"
MCP28970027,210045112,Montgomery County Police,Injury Crash,11/07/2021 03:40:00 PM,County,FOREST BROOK RD,County,WARING STATION RD,,N/A,PEDESTRIAN,SINGLE VEHICLE,CLEAR,DRY,N/A,NO CONTROLS,N/A,NONE DETECTED,1E7C7B8D-B930-4E7B-A877-32903B9C045B,PEDESTRIAN,Standing,DART DASH,ON ROADWAY NOT AT CROSSWALK,N/A,MIXED CLOTHING,Yes,SUSPECTED MINOR INJURY,N/A,39.16538064,-77.25195586,"(39.16538064, -77.25195586)"
MCP3105004D,210044653,Montgomery County Police,Injury Crash,11/04/2021 12:01:00 PM,Maryland (State),GREAT SENECA HWY,County,WISTERIA DR,,N/A,PEDESTRIAN,SINGLE VEHICLE,CLEAR,DRY,DAYLIGHT,TRAFFIC SIGNAL,NONE DETECTED,UNKNOWN,2ACB0F3E-52EB-4967-A981-6500599E9A7A,PEDESTRIAN,Cross/Enter at Intersection,NO IMPROPER ACTIONS,AT INTERSECTION MARKED CROSSWALK,OBEYED PED. SIGNAL,MIXED CLOTHING,No,SUSPECTED SERIOUS INJURY,N/A,39.17106033,-77.26291867,"(39.17106033, -77.26291867)"
MCP32320027,210043862,Montgomery County Police,Injury Crash,10/30/2021 05:28:00 PM,Maryland (State),OLNEY SANDY SPRING RD,Unknown,VILLAGE CENTER DR,,N/A,PEDESTRIAN,OTHER,CLEAR,DRY,DAYLIGHT,TRAFFIC SIGNAL,NONE DETECTED,NONE DETECTED,5416F9B7-70C8-42D1-B45A-FD789E9EBCF5,PEDESTRIAN,Cross/Enter at Intersection,NO IMPROPER ACTIONS,AT INTERSECTION MARKED CROSSWALK,OBEYED PED. SIGNAL,MIXED CLOTHING,No,POSSIBLE INJURY,N/A,39.15154033,-77.0651425,"(39.15154033, -77.0651425)"
MCP2617009T,210045236,Montgomery County Police,Injury Crash,11/08/2021 03:00:00 PM,County,RANDOLPH RD,County,TIVOLI LAKE BLVD,,N/A,PEDESTRIAN,OTHER,CLEAR,DRY,DAYLIGHT,TRAFFIC SIGNAL,NONE DETECTED,NONE DETECTED,61898023-1DBF-4B9B-82E0-913E2FA1E2BC,PEDESTRIAN,Cross/Enter at Intersection,NO IMPROPER ACTIONS,AT INTERSECTION MARKED CROSSWALK,OBEYED PED. SIGNAL,LIGHT CLOTHING,No,POSSIBLE INJURY,NONE,39.06626375,-77.0346701,"(39.06626375, -77.0346701)"
DM84780014,210043560,Takoma Park Police Depart,Property Damage Crash,10/28/2021 04:44:00 PM,Municipality,MAPLE AVE,Municipality,LEE AVE,,TAKOMA PARK,BICYCLIST,OTHER,N/A,DRY,DAYLIGHT,NO CONTROLS,UNKNOWN,NONE DETECTED,E3D9461D-2423-410F-90F3-026F0D754FC5,BICYCLIST,Walking/Riding w/Traffic,NO IMPROPER ACTIONS,ON ROADWAY AT CROSSWALK,NO PED. SIGNAL,MIXED CLOTHING,No,NO APPARENT INJURY,NONE,38.98144667,-77.010315,"(38.98144667, -77.010315)"
EJ7876003Y,210045443,Gaithersburg Police Depar,Injury Crash,11/09/2021 06:00:00 PM,Municipality,STORY DR,County,CROWN FARM DR,,N/A,BICYCLIST,OTHER,CLEAR,DRY,DARK -- UNKNOWN LIGHTING,NO CONTROLS,NONE DETECTED,NONE DETECTED,9036A371-124E-44E4-8342-B1E225F44399,BICYCLIST,Cross/Enter at Intersection,NO IMPROPER ACTIONS,ON ROADWAY AT CROSSWALK,NO PED. SIGNAL,HEAD LIGHT AND REFLECTORS,No,POSSIBLE INJURY,MC/BIKE HELMET,39.11586362,-77.21188477,"(39.11586362, -77.21188477)"
MCP24960033,210044781,Montgomery County Police,Injury Crash,11/05/2021 08:48:00 AM,County,PEACH LEAF DR,County,QUINCE MILL DR,,N/A,PEDESTRIAN,SINGLE VEHICLE,CLEAR,DRY,DAYLIGHT,NO CONTROLS,NONE DETECTED,NONE DETECTED,3208C231-7A7F-47ED-B7C4-B7E5316F7E40,PEDESTRIAN,Walking/Riding w/Traffic,NO IMPROPER ACTIONS,SIDEWALK,NO PED. SIGNAL,MIXED CLOTHING,No,POSSIBLE INJURY,NONE,39.109153,-77.250823,"(39.109153, -77.250823)"
MCP263900D6,210044096,Montgomery County Police,Injury Crash,11/01/2021 01:59:00 PM,Maryland (State),LAYTONSVILLE RD,County,SUNDOWN RD,,N/A,PEDESTRIAN,SAME DIRECTION SIDESWIPE,CLEAR,DRY,DAYLIGHT,PERSON,NONE DETECTED,NONE DETECTED,C8E25C34-B0F5-4010-8CCE-A84FCC2BEC9D,PEDESTRIAN,Standing,DART DASH,OTHER,OTHER,REFLECTIVE MATERIAL,No,POSSIBLE INJURY,REFLECTIVE CLOTHING,39.21172,-77.14255833,"(39.21172, -77.14255833)"
MCP24960033,210044781,Montgomery County Police,Injury Crash,11/05/2021 08:48:00 AM,County,PEACH LEAF DR,County,QUINCE MILL DR,,N/A,PEDESTRIAN,SINGLE VEHICLE,CLEAR,DRY,DAYLIGHT,NO CONTROLS,NONE DETECTED,NONE DETECTED,9241E9AE-B75D-4926-8B6A-A2BEF00E4CB9,PEDESTRIAN,Walking/Riding w/Traffic,NO IMPROPER ACTIONS,SIDEWALK,NO PED. SIGNAL,MIXED CLOTHING,No,POSSIBLE INJURY,NONE,39.109153,-77.250823,"(39.109153, -77.250823)"
EJ78840035,210044861,Gaithersburg Police Depar,Injury Crash,11/05/2021 05:12:00 PM,Maryland (State),CLOPPER RD,Unknown,SPUR FR MD 124,,N/A,PEDESTRIAN,SINGLE VEHICLE,CLEAR,DRY,DAYLIGHT,TRAFFIC SIGNAL,NONE DETECTED,N/A,11E656AA-A656-4325-879E-CD3C4A5AF621,PEDESTRIAN,Cross/Enter at Intersection,UNKNOWN,ON ROADWAY AT CROSSWALK,UNKNOWN,DARK CLOTHING,Unknown,NO APPARENT INJURY,NONE,39.14250693,-77.22108205,"(39.14250693, -77.22108205)"
MCP2679003F,210045140,Montgomery County Police,Injury Crash,11/07/2021 10:40:00 PM,County,RANDOLPH RD,Maryland (State),GEORGIA AVE,,N/A,PEDESTRIAN,OTHER,CLEAR,DRY,DARK LIGHTS ON,TRAFFIC SIGNAL,NONE DETECTED,NONE DETECTED,DA767146-3435-4035-9125-C44A88F51F52,PEDESTRIAN,Cross/Enter at Intersection,NO IMPROPER ACTIONS,ON ROADWAY AT CROSSWALK,OBEYED PED. SIGNAL,MIXED CLOTHING,No,POSSIBLE INJURY,NONE,39.058255,-77.04799833,"(39.058255, -77.04799833)"
MCP3078004B,210043992,Montgomery County Police,Injury Crash,10/31/2021 08:08:00 PM,,,,,109 HEIL ROAD,,PEDESTRIAN,N/A,CLEAR,,DARK NO LIGHTS,NO CONTROLS,NONE DETECTED,NONE DETECTED,68513824-C7E6-4E22-895D-778A21961867,PEDESTRIAN,Standing,NO IMPROPER ACTIONS,OTHER,N/A,LIGHT CLOTHING,No,POSSIBLE INJURY,NONE,39.09790333,-77.00586833,"(39.09790333, -77.00586833)"
MCP23990052,210044183,Montgomery County Police,Injury Crash,11/01/2021 07:37:00 PM,County,ROTHBURY DR,County,ARROWHEAD RD,,N/A,PEDESTRIAN,OTHER,CLEAR,DRY,DARK NO LIGHTS,STOP SIGN,NONE DETECTED,NONE DETECTED,BCF15EBB-B84D-42BC-8FFE-452829B9B7E2,PEDESTRIAN,Cross/Enter at Intersection,NO IMPROPER ACTIONS,ON ROADWAY AT CROSSWALK,NO PED. SIGNAL,DARK CLOTHING,No,SUSPECTED MINOR INJURY,NONE,39.185115,-77.19390333,"(39.185115, -77.19390333)"
MCP2667007M,210044237,Montgomery County Police,Property Damage Crash,11/02/2021 08:39:00 AM,County,CONTOUR RD,County,HORIZON RUN RD,,N/A,PEDESTRIAN,SINGLE VEHICLE,CLOUDY,WET,DAYLIGHT,NO CONTROLS,NONE DETECTED,NONE DETECTED,A02BAA0F-C068-4D63-964C-27A06D1EC99D,PEDESTRIAN,Cross/Enter at Intersection,NO IMPROPER ACTIONS,ON ROADWAY AT CROSSWALK,N/A,MIXED CLOTHING,No,NO APPARENT INJURY,NONE,39.15582984,-77.1988261,"(39.15582984, -77.1988261)"
MCP285900CH,220026307,Montgomery County Police,Injury Crash,06/18/2022 03:36:00 PM,Maryland (State),FREDERICK RD,Ramp,RAMP 2 FR RP 7 (FR IS370 WB) TO MD355 NB,,N/A,BICYCLIST,OTHER,CLEAR,DRY,DAYLIGHT,NO CONTROLS,NONE DETECTED,NONE DETECTED,CA6999A8-7C82-4FD6-9BF3-6A27BB91A703,BICYCLIST,Cross/Enter not at Intersection,NO IMPROPER ACTIONS,ON ROADWAY AT CROSSWALK,NO PED. SIGNAL,MIXED CLOTHING,No,SUSPECTED MINOR INJURY,NONE,39.12460926,-77.18016095,"(39.12460926, -77.18016095)"
MCP32570052,220026008,Montgomery County Police,Injury Crash,06/16/2022 09:25:00 PM,,,,,PARKING LOT OF 11601 BOILING BROOK PL,,PEDESTRIAN,SINGLE VEHICLE,CLEAR,,DARK LIGHTS ON,NO CONTROLS,NONE DETECTED,NONE DETECTED,B6FF466E-EC54-4B1A-A96E-D58DC1015322,PEDESTRIAN,Other,OTHER,OTHER,N/A,MIXED CLOTHING,No,SUSPECTED MINOR INJURY,NONE,39.04673924,-77.09930908,"(39.04673924, -77.09930908)"
MCP3073005V,220003650,Montgomery County Police,Injury Crash,01/27/2022 06:41:00 PM,County,GRENOBLE DR,County,ASPEN HILL RD,,N/A,PEDESTRIAN,OTHER,N/A,N/A,DARK LIGHTS ON,N/A,NONE DETECTED,NONE DETECTED,524D7E48-0AD5-4553-8C4B-683A98989AEE,PEDESTRIAN,Cross/Enter at Intersection,NO IMPROPER ACTIONS,AT INTERSECTION BUT NO CROSSWALK,N/A,DARK CLOTHING,No,POSSIBLE INJURY,N/A,39.07947,-77.08392,"(39.07947, -77.08392)"
MCP31690052,220003904,Montgomery County Police,Injury Crash,01/29/2022 12:24:00 PM,,,,,PARKING LOT OF 10101 NEW HAMPSHIRE AVE,,PEDESTRIAN,OTHER,CLEAR,,DAYLIGHT,N/A,N/A,N/A,7D31B429-2809-4A67-9156-F190176ACE7A,PEDESTRIAN,Standing,NO IMPROPER ACTIONS,OTHER,N/A,MIXED CLOTHING,No,POSSIBLE INJURY,NONE,39.02121072,-76.97599366,"(39.02121072, -76.97599366)"
MCP2286003W,210052044,Montgomery County Police,Injury Crash,12/21/2021 03:25:00 PM,,,,,IN FRONT OF 7955 TUCKERMAN LN,,PEDESTRIAN,OTHER,CLEAR,,DAYLIGHT,NO CONTROLS,NONE DETECTED,NONE DETECTED,BD10D456-4C30-46D1-949E-005057C25BC1,PEDESTRIAN,Other,N/A,ON ROADWAY NOT AT CROSSWALK,NO PED. SIGNAL,LIGHT CLOTHING,No,SUSPECTED MINOR INJURY,NONE,39.04101333,-77.15797,"(39.04101333, -77.15797)"
DD56440029,220003614,Rockville Police Departme,Injury Crash,01/27/2022 04:10:00 PM,Municipality,CHAPMAN AVE,Municipality,BOUIC AVE,,ROCKVILLE,PEDESTRIAN,OTHER,CLEAR,DRY,DAYLIGHT,STOP SIGN,NONE DETECTED,NONE DETECTED,5E40EFB2-828F-4AD3-BC11-84649440F2DE,PEDESTRIAN,Cross/Enter at Intersection,NO IMPROPER ACTIONS,ON ROADWAY AT CROSSWALK,NO PED. SIGNAL,DARK CLOTHING,No,SUSPECTED MINOR INJURY,NONE,39.06108889,-77.12089636,"(39.06108889, -77.12089636)"
MCP3200004H,210050607,Montgomery County Police,Injury Crash,12/13/2021 11:02:00 AM,Municipality,PLYERS MILL RD,Maryland (State),METROPOLITAN AVE,,N/A,OTHER,SINGLE VEHICLE,CLEAR,DRY,DAYLIGHT,NO CONTROLS,,NONE DETECTED,CB709E8F-111B-4219-8EB3-84F1BF89C508,OTHER,Other,OTHER,OTHER,NO PED. SIGNAL,MIXED CLOTHING,Yes,SUSPECTED MINOR INJURY,NONE,39.02931634,-77.07399464,"(39.02931634, -77.07399464)"
DM8499000R,210051181,Takoma Park Police Depart,Injury Crash,12/16/2021 01:32:00 PM,Maryland (State),CARROLL AVE,Municipality,LINCOLN AVE,,TAKOMA PARK,BICYCLIST,STRAIGHT MOVEMENT ANGLE,CLEAR,DRY,DAYLIGHT,STOP SIGN,NONE DETECTED,NONE DETECTED,DD86E285-E3A1-4E41-BDF0-6ACDBDDB3A09,BICYCLIST,Walking/Riding w/Traffic,NO IMPROPER ACTIONS,N/A,N/A,REFLECTIVE MATERIAL,No,SUSPECTED SERIOUS INJURY,MC/BIKE HELMET,38.98162947,-77.00315028,"(38.98162947, -77.00315028)"
DD5583006V,210052325,Rockville Police Departme,Injury Crash,12/23/2021 12:11:00 PM,Maryland (State),HUNGERFORD DR,Municipality,BEALL AVE #2,,ROCKVILLE,PEDESTRIAN,SINGLE VEHICLE,CLEAR,DRY,DAYLIGHT,NO CONTROLS,NONE DETECTED,NONE DETECTED,0A2D88EA-6A84-4738-A6C0-2C2C3F19B947,PEDESTRIAN,Walking/Cycling on Sidewalk,NO IMPROPER ACTIONS,DRIVEWAY ACCESS MARKED CROSSWALK,NO PED. SIGNAL,MIXED CLOTHING,No,SUSPECTED MINOR INJURY,N/A,39.08715583,-77.150315,"(39.08715583, -77.150315)"
MCP32690018,210051319,Montgomery County Police,Injury Crash,12/17/2021 06:44:00 AM,County,LOCKWOOD DR,Maryland (State),NEW HAMPSHIRE AVE,,N/A,PEDESTRIAN,N/A,N/A,DRY,DARK LIGHTS ON,NO CONTROLS,N/A,NONE DETECTED,3404C590-7366-4C36-8AC3-5A84B702E5C2,PEDESTRIAN,Cross/Enter at Intersection,NO IMPROPER ACTIONS,ON ROADWAY AT CROSSWALK,OBEYED PED. SIGNAL,LIGHT CLOTHING,No,SUSPECTED MINOR INJURY,NONE,39.0410885,-76.987243,"(39.0410885, -76.987243)"
MCP3022004J,210052054,Montgomery County Police,Injury Crash,12/21/2021 03:53:00 PM,,,,,PARKING LOT OF 9809 MAIN ST,,PEDESTRIAN,OTHER,CLEAR,,DAYLIGHT,OTHER,N/A,N/A,008CB9F0-5296-4577-AFC1-3BF666229593,PEDESTRIAN,Standing,NO IMPROPER ACTIONS,OTHER,N/A,DARK CLOTHING,No,SUSPECTED MINOR INJURY,N/A,39.28997667,-77.203585,"(39.28997667, -77.203585)"
MCP284800BQ,210051102,Montgomery County Police,Injury Crash,12/16/2021 08:08:00 AM,Maryland (State),ROCKVILLE PIKE,Government,NORTH DR,,N/A,BICYCLIST,OTHER,CLEAR,DRY,DAYLIGHT,TRAFFIC SIGNAL,NONE DETECTED,NONE DETECTED,E65355DC-180E-4B72-99EC-0BF75FD19A66,BICYCLIST,Walking/Cycling on Sidewalk,NO IMPROPER ACTIONS,AT INTERSECTION MARKED CROSSWALK,OBEYED PED. SIGNAL,DARK CLOTHING,No,POSSIBLE INJURY,MC/BIKE HELMET,39.00445333,-77.09722833,"(39.00445333, -77.09722833)"
MCP31700028,210052095,Montgomery County Police,Injury Crash,12/21/2021 08:03:00 PM,Maryland (State),CLOPPER RD,County,KINGSVIEW VILLAGE AVE,,N/A,PEDESTRIAN,STRAIGHT MOVEMENT ANGLE,CLEAR,DRY,N/A,TRAFFIC SIGNAL,NONE DETECTED,NONE DETECTED,0D5AE67D-F844-4D47-A6E8-8BAEC07BF5EC,PEDESTRIAN,Cross/Enter at Intersection,NO IMPROPER ACTIONS,ON ROADWAY NOT AT CROSSWALK,NO PED. SIGNAL,LIGHT CLOTHING,No,NO APPARENT INJURY,NONE,39.16075667,-77.27897833,"(39.16075667, -77.27897833)"
DD5583006V,210052325,Rockville Police Departme,Injury Crash,12/23/2021 12:11:00 PM,Maryland (State),HUNGERFORD DR,Municipality,BEALL AVE #2,,ROCKVILLE,PEDESTRIAN,SINGLE VEHICLE,CLEAR,DRY,DAYLIGHT,NO CONTROLS,NONE DETECTED,NONE DETECTED,9884385A-7BBA-458D-B41C-94EC54E51743,PEDESTRIAN,Walking/Cycling on Sidewalk,NO IMPROPER ACTIONS,DRIVEWAY ACCESS MARKED CROSSWALK,NO PED. SIGNAL,DARK CLOTHING,No,POSSIBLE INJURY,N/A,39.08715583,-77.150315,"(39.08715583, -77.150315)"
DD5636004M,210051597,Rockville Police Departme,Injury Crash,12/18/2021 05:24:00 PM,,,,,MOBIL GAS STATION 890 ROCKVILLE PIKE,,PEDESTRIAN,OTHER,CLEAR,,DARK LIGHTS ON,NO CONTROLS,NONE DETECTED,NONE DETECTED,0229991B-0437-4E5F-B264-FC6DCB517657,PEDESTRIAN,Walking/Cycling on Sidewalk,NO IMPROPER ACTIONS,SIDEWALK,NO PED. SIGNAL,DARK CLOTHING,No,SUSPECTED MINOR INJURY,NONE,39.07489225,-77.13562961,"(39.07489225, -77.13562961)"
MCP32270039,220004178,Montgomery County Police,Injury Crash,01/31/2022 03:47:00 PM,US (State),COLUMBIA PIKE,Unknown,ENT TO BURNT MILLS SHOPPING CENTER,,N/A,PEDESTRIAN,SINGLE VEHICLE,CLEAR,DRY,DAYLIGHT,TRAFFIC SIGNAL,NONE DETECTED,NONE DETECTED,03540B9E-BE08-460D-BD70-F855307A9B04,PEDESTRIAN,Cross/Enter at Intersection,NO IMPROPER ACTIONS,ON ROADWAY AT CROSSWALK,OBEYED PED. SIGNAL,LIGHT CLOTHING,No,SUSPECTED MINOR INJURY,NONE,39.03101133,-77.0043415,"(39.03101133, -77.0043415)"
EJ7895000D,220004216,Gaithersburg Police Depar,Injury Crash,01/31/2022 06:30:00 PM,Municipality,E DIAMOND AVE,Municipality,E DIAMOND AVE,,GAITHERSBURG,BICYCLIST,STRAIGHT MOVEMENT ANGLE,CLEAR,DRY,DARK LIGHTS ON,NO CONTROLS,N/A,N/A,CB7634EF-A687-414B-A19F-E0905765D671,BICYCLIST,Cross/Enter not at Intersection,IMPROPER TURN MERGE,ON ROADWAY NOT AT CROSSWALK,N/A,DARK CLOTHING,Yes,POSSIBLE INJURY,NONE,39.14201479,-77.1888905,"(39.14201479, -77.1888905)"
MCP12130066,210052617,Montgomery County Police,Injury Crash,12/25/2021 09:41:00 PM,County,GOOD HOPE RD,County,WINDMILL LA,,N/A,PEDESTRIAN,SAME DIRECTION SIDESWIPE,RAINING,WET,DARK LIGHTS ON,NO CONTROLS,NONE DETECTED,NONE DETECTED,40148C04-15A7-46E7-81E1-D5EF0944179C,PEDESTRIAN,Walking/Riding against Traffic,IN ROADWAY IMPROPERLY,ON ROADWAY NOT AT CROSSWALK,NO PED. SIGNAL,DARK CLOTHING,Yes,SUSPECTED MINOR INJURY,NONE,39.10075167,-76.98282833,"(39.10075167, -76.98282833)"
MCP9386008Z,210052390,Montgomery County Police,Property Damage Crash,12/23/2021 06:10:00 PM,County,PRICHARD RD,County,CONE LA,,N/A,PEDESTRIAN,OTHER,CLEAR,DRY,DARK LIGHTS ON,N/A,NONE DETECTED,NONE DETECTED,EFBDCC07-B68A-4ACE-A055-1D5402D70B37,PEDESTRIAN,Standing,NO IMPROPER ACTIONS,ON ROADWAY NOT AT CROSSWALK,NO PED. SIGNAL,DARK CLOTHING,No,NO APPARENT INJURY,NONE,39.0366085,-77.04600817,"(39.0366085, -77.04600817)"
MCP3068003R,220002996,Montgomery County Police,Injury Crash,01/23/2022 07:40:00 PM,,,,,PARKING LOT,,PEDESTRIAN,SINGLE VEHICLE,CLEAR,,DARK LIGHTS ON,N/A,N/A,N/A,9CF99A51-0B31-402C-9103-DF1D722146E7,PEDESTRIAN,Other,NO IMPROPER ACTIONS,OUTSIDE RIGHT OF WAY,NO PED. SIGNAL,MIXED CLOTHING,No,POSSIBLE INJURY,NONE,39.014625,-77.10509,"(39.014625, -77.10509)"
MCP30310049,220003867,Montgomery County Police,Injury Crash,01/28/2022 11:07:00 PM,Maryland (State),SPENCERVILLE RD,County,STABLER LA,,N/A,OTHER,SAME DIR REND LEFT TURN,RAINING,WET,DARK LIGHTS ON,NO CONTROLS,"ALCOHOL PRESENT, NONE DETECTED",NONE DETECTED,8A9CABEB-9594-462C-AB1F-4BA24796F7C3,OTHER,Standing,NO IMPROPER ACTIONS,SHOULDER,N/A,DARK CLOTHING,No,SUSPECTED SERIOUS INJURY,NONE,39.120805,-76.98727,"(39.120805, -76.98727)"
MCP31090064,210050789,Montgomery County Police,Injury Crash,12/14/2021 10:25:00 AM,US (State),COLESVILLE RD,County,NOYES DR,,N/A,PEDESTRIAN,SINGLE VEHICLE,CLEAR,DRY,DAYLIGHT,OTHER,NONE DETECTED,NONE DETECTED,AEDD9EB3-9DAE-43CC-9EFF-E3F6A21D7A5E,PEDESTRIAN,Cross/Enter at Intersection,NO IMPROPER ACTIONS,ON ROADWAY AT CROSSWALK,NO PED. SIGNAL,DARK CLOTHING,No,POSSIBLE INJURY,NONE,39.0003185,-77.02574717,"(39.0003185, -77.02574717)"
DD5653000K,210052830,Rockville Police Departme,Injury Crash,12/27/2021 06:35:00 PM,Municipality,MONROE ST,Unknown,ROAD END,,N/A,PEDESTRIAN,OTHER,N/A,DRY,DARK NO LIGHTS,NO CONTROLS,UNKNOWN,N/A,519B501D-D7C4-4AE9-80A8-ED834B05512E,PEDESTRIAN,Walking/Riding w/Traffic,NOT VISIBLE,ON ROADWAY NOT AT CROSSWALK,NO PED. SIGNAL,MIXED CLOTHING,Yes,SUSPECTED MINOR INJURY,NONE,39.07266369,-77.15461948,"(39.07266369, -77.15461948)"
EJ7869003B,220004545,Gaithersburg Police Depar,Injury Crash,02/02/2022 03:00:00 PM,,,,,"474 N FREDERICK AVE GAITHERSBURG, MD 20878",,PEDESTRIAN,OTHER,CLEAR,,DAYLIGHT,N/A,NONE DETECTED,NONE DETECTED,40688F48-3C0C-4F50-9C82-6751344D39ED,PEDESTRIAN,Getting off/on Vehicle,ENTERING EXITING PARKED STANDING VEHICLE,OTHER,N/A,MIXED CLOTHING,Yes,SUSPECTED MINOR INJURY,NONE,39.14864952,-77.20825275,"(39.14864952, -77.20825275)"
MCP2450003X,220003835,Montgomery County Police,Injury Crash,01/28/2022 07:10:00 PM,,,,,PARKING LOT OF 8523 PINEY BRANCH RD,,PEDESTRIAN,OTHER,SNOW,,DARK LIGHTS ON,NO CONTROLS,ALCOHOL PRESENT,NONE DETECTED,3C1E2079-23AD-4A77-8C5E-05E95BB9DFE8,PEDESTRIAN,Other,NO IMPROPER ACTIONS,OTHER,N/A,OTHER,No,SUSPECTED MINOR INJURY,N/A,38.99833014,-77.00240002,"(38.99833014, -77.00240002)"
MCP3218002L,220003487,Montgomery County Police,Injury Crash,01/26/2022 08:00:00 PM,County,RANDOLPH RD,County,LINDELL ST,,N/A,PEDESTRIAN,OTHER,CLEAR,DRY,DARK LIGHTS ON,TRAFFIC SIGNAL,NONE DETECTED,NONE DETECTED,5E4AAFA5-3F2D-44F9-B91E-D276E6FEEE4E,PEDESTRIAN,Cross/Enter at Intersection,NO IMPROPER ACTIONS,AT INTERSECTION MARKED CROSSWALK,OBEYED PED. SIGNAL,DARK CLOTHING,No,SUSPECTED MINOR INJURY,NONE,39.0592945,-77.06216783,"(39.0592945, -77.06216783)"
MCP2990000Y,220003872,Montgomery County Police,Injury Crash,01/29/2022 12:35:00 AM,Maryland (State),FREDERICK RD,County,SHADY GROVE RD,,N/A,OTHER,SAME DIR REND LEFT TURN,WINTRY MIX,WET,DARK LIGHTS ON,TRAFFIC SIGNAL,"ALCOHOL PRESENT, N/A",UNKNOWN,DF95333A-FB40-46B9-A89C-B9CD223F6AD7,OTHER,Unknown,UNKNOWN,UNKNOWN,UNKNOWN,UNKNOWN,No,NO APPARENT INJURY,N/A,39.12221,-77.17792167,"(39.12221, -77.17792167)"
MCP3010006L,220004103,Montgomery County Police,Injury Crash,01/31/2022 08:50:00 AM,Municipality,KENSINGTON PKWY,Municipality,KENT ST,,KENSINGTON,PEDESTRIAN,OTHER,CLOUDY,DRY,DAYLIGHT,NO CONTROLS,N/A,N/A,E84D21AD-92DD-4293-8EC3-87BF2B7B310D,PEDESTRIAN,Other,NO IMPROPER ACTIONS,SIDEWALK,N/A,DARK CLOTHING,No,SUSPECTED MINOR INJURY,NONE,39.022515,-77.07231667,"(39.022515, -77.07231667)"
MCP31930031,220003615,Montgomery County Police,Property Damage Crash,01/25/2022 03:00:00 PM,,,,,IN THE PARKING LOT NORTHWOOD HIGH SCHOOL LOCATED AT 919 UNIVERSITY BLVD W SILVER SPRING MD 20901,,PEDESTRIAN,OTHER,CLEAR,,DAYLIGHT,NO CONTROLS,N/A,NONE DETECTED,6CAA799C-A373-48FC-B062-A9100CD83AFF,PEDESTRIAN,Cross/Enter not at Intersection,UNKNOWN,ON ROADWAY NOT AT CROSSWALK,N/A,UNKNOWN,No,NO APPARENT INJURY,NONE,39.03473253,-77.02358179,"(39.03473253, -77.02358179)"