Report Number,Local Case Number,Agency Name,ACRS Report Type,Crash Date/Time,Route Type,Road Name,Cross-Street Type,Cross-Street Name,Off-Road Description,Municipality,Related Non-Motorist,Collision Type,Weather,Surface Condition,Light,Traffic Control,Driver Substance Abuse,Non-Motorist Substance Abuse,Person ID,Pedestrian Type,Pedestrian Movement,Pedestrian Actions,Pedestrian Location,Pedestrian Obeyed Traffic Signal,Pedestrian Visibility,At Fault,Injury Severity,Safety Equipment,Latitude,Longitude,Location
MCP3068003R,220002996,Montgomery County Police,Injury Crash,01/23/2022 07:40:00 PM,,,,,PARKING LOT,,PEDESTRIAN,SINGLE VEHICLE,CLEAR,,DARK LIGHTS ON,N/A,N/A,N/A,CD081A3F-D4B5-41E2-B1CD-02C836F0A3E5,PEDESTRIAN,Other,NO IMPROPER ACTIONS,OUTSIDE RIGHT OF WAY,NO PED. SIGNAL,MIXED CLOTHING,No,POSSIBLE INJURY,NONE,39.014625,-77.10509,"(39.014625, -77.10509)"
MCP3042003M,220004277,Montgomery County Police,Injury Crash,02/01/2022 07:40:00 AM,County,GLENALLAN AVE,Maryland (State),LAYHILL RD,,N/A,PEDESTRIAN,OTHER,CLEAR,DRY,DAWN,TRAFFIC SIGNAL,UNKNOWN,NONE DETECTED,1444A6CF-24CF-4763-9295-83BA90D7BB4C,PEDESTRIAN,Cross/Enter at Intersection,NO IMPROPER ACTIONS,ON ROADWAY AT CROSSWALK,OBEYED PED. SIGNAL,MIXED CLOTHING,No,SUSPECTED MINOR INJURY,NONE,39.06318568,-77.05016024,"(39.06318568, -77.05016024)"
MCP3019004G,220004192,Montgomery County Police,Injury Crash,01/31/2022 04:30:00 PM,,,,,4310 MONTGOMERY AVENUE,,PEDESTRIAN,OTHER,CLEAR,,DAYLIGHT,NO CONTROLS,N/A,N/A,130F5AEA-F409-4463-9EF7-EA53207FCBF7,PEDESTRIAN,Other,N/A,SIDEWALK,NO PED. SIGNAL,MIXED CLOTHING,No,POSSIBLE INJURY,NONE,38.98498,-77.08728333,"(38.98498, -77.08728333)"
MCP3264002B,220001928,Montgomery County Police,Property Damage Crash,01/16/2022 07:51:00 AM,County,FENTON ST,County,BONIFANT ST,,N/A,OTHER,SINGLE VEHICLE,CLEAR,DRY,DARK -- UNKNOWN LIGHTING,NO CONTROLS,N/A,NONE DETECTED,AF274216-1AD5-454F-9D97-9431A8904F78,OTHER,Other,N/A,N/A,N/A,N/A,No,NO APPARENT INJURY,N/A,38.99471551,-77.02362731,"(38.99471551, -77.02362731)"
MCP24960037,220010506,Montgomery County Police,Injury Crash,03/11/2022 11:23:00 AM,Maryland (State),DARNESTOWN RD,County,MUDDY BRANCH RD,,N/A,BICYCLIST,SAME DIRECTION RIGHT TURN,CLEAR,DRY,DAYLIGHT,TRAFFIC SIGNAL,NONE DETECTED,NONE DETECTED,75B921E9-41CC-4E79-A2CB-1B12E8BBEB29,BICYCLIST,Walking/Riding w/Traffic,NO IMPROPER ACTIONS,SHOULDER,N/A,LIGHT CLOTHING,No,POSSIBLE INJURY,MC/BIKE HELMET,39.10272863,-77.22059213,"(39.10272863, -77.22059213)"
MCP3084005N,220011965,Montgomery County Police,Injury Crash,03/20/2022 08:27:00 AM,Maryland (State),ROCKVILLE PIKE,Government,NORTH DR,,N/A,BICYCLIST,OTHER,CLEAR,DRY,DAYLIGHT,TRAFFIC SIGNAL,NONE DETECTED,NONE DETECTED,B2D0B4E9-94A8-4F15-A116-FF82E331806D,BICYCLIST,Cross/Enter at Intersection,NO IMPROPER ACTIONS,ON ROADWAY AT CROSSWALK,OBEYED PED. SIGNAL,DARK CLOTHING,No,POSSIBLE INJURY,MC/BIKE HELMET,39.00444667,-77.09720167,"(39.00444667, -77.09720167)"
MCP3084005P,220012128,Montgomery County Police,Injury Crash,03/21/2022 11:24:00 AM,Maryland (State),CONNECTICUT AVE,Municipality,PERRY AVE,,KENSINGTON,PEDESTRIAN,OTHER,CLEAR,DRY,DAYLIGHT,TRAFFIC SIGNAL,NONE DETECTED,NONE DETECTED,370766FA-7AE4-4839-BDBE-BD731F4EB474,PEDESTRIAN,Cross/Enter at Intersection,NO IMPROPER ACTIONS,ON ROADWAY AT CROSSWALK,OBEYED PED. SIGNAL,MIXED CLOTHING,No,POSSIBLE INJURY,N/A,39.03296333,-77.07479333,"(39.03296333, -77.07479333)"
MCP23560026,220012207,Montgomery County Police,Injury Crash,03/21/2022 05:43:00 PM,County,W WILLARD RD,County,WESTERLY RD,,N/A,BICYCLIST,SAME DIR REAR END,N/A,DRY,DAYLIGHT,N/A,UNKNOWN,NONE DETECTED,E03404E8-D2F5-48F0-86E3-932EBCD80828,BICYCLIST,Walking/Riding w/Traffic,IN ROADWAY IMPROPERLY,N/A,UNKNOWN,DARK CLOTHING,No,POSSIBLE INJURY,UNKNOWN,39.13580813,-77.4225427,"(39.13580813, -77.4225427)"
MCP2625001B,220010801,Montgomery County Police,Injury Crash,03/13/2022 08:40:00 AM,County,WILLARD AVE,County,FRIENDSHIP BLVD,,N/A,PEDESTRIAN,N/A,CLEAR,DRY,DAYLIGHT,TRAFFIC SIGNAL,NONE DETECTED,NONE DETECTED,FA3CC034-D4C8-41D8-AC87-5005372C2403,PEDESTRIAN,Walking/Riding w/Traffic,NO IMPROPER ACTIONS,AT INTERSECTION MARKED CROSSWALK,OBEYED PED. SIGNAL,LIGHT CLOTHING,No,SUSPECTED MINOR INJURY,N/A,38.96318833,-77.09128667,"(38.96318833, -77.09128667)"
MCP209400JH,220012302,Montgomery County Police,Injury Crash,03/22/2022 09:20:00 AM,County,FALLS RD,County,OAKLYN DR,,N/A,"OTHER, PEDESTRIAN",SAME DIR REAR END,CLEAR,DRY,DAYLIGHT,NO CONTROLS,NONE DETECTED,NONE DETECTED,F344969C-0DF3-419F-BB5C-BF88E82B5986,PEDESTRIAN,Other Working,OTHER,ON ROADWAY NOT AT CROSSWALK,N/A,REFLECTIVE MATERIAL,No,SUSPECTED SERIOUS INJURY,REFLECTIVE CLOTHING,39.010215,-77.219505,"(39.010215, -77.219505)"
EJ78440014,220000415,Gaithersburg Police Depar,Injury Crash,01/04/2022 03:30:00 PM,,W WATKINS MILL RD,,SB I-270 EXIT RAMP,,N/A,BICYCLIST,STRAIGHT MOVEMENT ANGLE,CLEAR,DRY,DAYLIGHT,TRAFFIC SIGNAL,NONE DETECTED,NONE DETECTED,387D2082-1F64-4AA6-8268-704CEFBA9137,BICYCLIST,Walking/Riding w/Traffic,NO IMPROPER ACTIONS,ON ROADWAY AT CROSSWALK,OBEYED PED. SIGNAL,N/A,No,SUSPECTED MINOR INJURY,UNKNOWN,39.15660815,-77.22456573,"(39.15660815, -77.22456573)"
MCP2330003D,210053221,Montgomery County Police,Injury Crash,12/30/2021 03:38:00 PM,Maryland (State),VEIRS MILL RD,County,REEDIE DR,,N/A,BICYCLIST,OTHER,CLEAR,WET,DAYLIGHT,TRAFFIC SIGNAL,NONE DETECTED,NONE DETECTED,8AD4A919-F302-4077-BA22-8443176B7F0B,BICYCLIST,Cross/Enter at Intersection,FAILURE TO YIELD RIGHT OF WAY,ON ROADWAY NOT AT CROSSWALK,DISOBEYED PED. SIGNAL,MIXED CLOTHING,Yes,SUSPECTED MINOR INJURY,NONE,39.03843833,-77.05266333,"(39.03843833, -77.05266333)"
MCP3112005R,210053334,Montgomery County Police,Injury Crash,12/31/2021 12:18:00 PM,Maryland (State),WISCONSIN AVE,County,CHESTNUT ST,,N/A,PEDESTRIAN,OTHER,CLOUDY,DRY,DAYLIGHT,NO CONTROLS,NONE DETECTED,NONE DETECTED,FCB3B52D-BCE5-442E-B219-669AC1A6739C,PEDESTRIAN,Cross/Enter at Intersection,NO IMPROPER ACTIONS,AT INTERSECTION MARKED CROSSWALK,NO PED. SIGNAL,LIGHT CLOTHING,No,SUSPECTED MINOR INJURY,NONE,38.99348833,-77.09561,"(38.99348833, -77.09561)"
MCP3016003F,210053339,Montgomery County Police,Injury Crash,12/31/2021 01:57:00 PM,,,,,PARKING LOT 12949 WISTERIA DRIVE (7-11),,PEDESTRIAN,OTHER,CLEAR,,DAYLIGHT,STOP SIGN,N/A,N/A,44672A1C-E062-4094-B6EB-E2F1C9D195EA,PEDESTRIAN,Cross/Enter at Intersection,UNKNOWN,AT INTERSECTION BUT NO CROSSWALK,N/A,LIGHT CLOTHING,Unknown,POSSIBLE INJURY,N/A,39.17845739,-77.2702738,"(39.17845739, -77.2702738)"
MCP2450003V,220000178,Montgomery County Police,Injury Crash,01/02/2022 04:20:00 PM,Maryland (State),PINEY BRANCH RD,Maryland (State),UNIVERSITY BLVD E,,N/A,PEDESTRIAN,OTHER,N/A,WET,UNKNOWN,OTHER,N/A,ALCOHOL CONTRIBUTED,32D36CC3-596D-4D22-A61A-B527E8B134D5,PEDESTRIAN,Unknown,UNKNOWN,CURB,UNKNOWN,UNKNOWN,Yes,SUSPECTED SERIOUS INJURY,N/A,38.99956189,-76.99609516,"(38.99956189, -76.99609516)"
MCP2965005L,210053307,Montgomery County Police,Injury Crash,12/31/2021 08:35:00 AM,County,FAIRLAND RD,County,TAMARACK RD,,N/A,PEDESTRIAN,SINGLE VEHICLE,CLOUDY,WET,DAYLIGHT,TRAFFIC SIGNAL,NONE DETECTED,NONE DETECTED,927B0794-4F49-4339-9BB7-A6D8748F87C3,PEDESTRIAN,Cross/Enter at Intersection,UNKNOWN,ON ROADWAY AT CROSSWALK,UNKNOWN,MIXED CLOTHING,No,SUSPECTED MINOR INJURY,NONE,39.07807833,-76.979865,"(39.07807833, -76.979865)"
MCP32330028,210053101,Montgomery County Police,Injury Crash,12/29/2021 07:02:00 PM,Maryland (State),PINEY BRANCH RD,County,ARLISS ST,,N/A,PEDESTRIAN,SINGLE VEHICLE,RAINING,WET,DARK LIGHTS ON,TRAFFIC SIGNAL,NONE DETECTED,NONE DETECTED,2F8E7A71-9368-44EA-AB39-C6A8084FF0C8,PEDESTRIAN,Cross/Enter at Intersection,INATTENTIVE,AT INTERSECTION BUT NO CROSSWALK,NO PED. SIGNAL,DARK CLOTHING,Yes,SUSPECTED MINOR INJURY,NONE,39.03265417,-77.006332,"(39.03265417, -77.006332)"
MCP23480063,210045409,Montgomery County Police,Fatal Crash,11/09/2021 03:04:00 PM,,ASBURY DRIVE,,FELLOWSHIP CIRCLE,,N/A,PEDESTRIAN,SINGLE VEHICLE,CLEAR,DRY,DAYLIGHT,STOP SIGN,NONE DETECTED,UNKNOWN,A26A5D68-AEF0-4561-9C1C-A41AA013B402,PEDESTRIAN,Cross/Enter at Intersection,IN ROADWAY IMPROPERLY,ON ROADWAY NOT AT CROSSWALK,N/A,MIXED CLOTHING,Yes,FATAL INJURY,N/A,39.15142833,-77.19793,"(39.15142833, -77.19793)"
MCP209400JH,220012302,Montgomery County Police,Injury Crash,03/22/2022 09:20:00 AM,County,FALLS RD,County,OAKLYN DR,,N/A,"OTHER, PEDESTRIAN",SAME DIR REAR END,CLEAR,DRY,DAYLIGHT,NO CONTROLS,NONE DETECTED,NONE DETECTED,665808A8-5C1B-4800-9AFF-67D80B211A6B,OTHER,Other Working,NO IMPROPER ACTIONS,ON ROADWAY NOT AT CROSSWALK,OTHER,REFLECTIVE MATERIAL,No,SUSPECTED SERIOUS INJURY,REFLECTIVE CLOTHING,39.010215,-77.219505,"(39.010215, -77.219505)"
MCP21820030,220019289,Montgomery County Police,Property Damage Crash,05/06/2022 07:20:00 AM,,,,,FRONT PARKING LOT OF WALT WHITMAN HIGH SCHOOL,,PEDESTRIAN,OTHER,RAINING,,DAYLIGHT,NO CONTROLS,N/A,N/A,A5D26242-86EF-4A39-8996-9371877AEB60,PEDESTRIAN,Walking/Riding w/Traffic,NO IMPROPER ACTIONS,OTHER,N/A,LIGHT CLOTHING,No,NO APPARENT INJURY,N/A,38.9814697,-77.12575206,"(38.9814697, -77.12575206)"
MCP209400JQ,220016790,Montgomery County Police,Injury Crash,04/12/2022 02:21:00 PM,Maryland (State),OLD GEORGETOWN RD,County,RYLAND DR,,N/A,PEDESTRIAN,OTHER,CLEAR,DRY,DAYLIGHT,TRAFFIC SIGNAL,ALCOHOL PRESENT,NONE DETECTED,FC83E7C3-2B63-4DC0-8D3D-8CB33DD4C5A9,PEDESTRIAN,Cross/Enter at Intersection,IN ROADWAY IMPROPERLY,ON ROADWAY NOT AT CROSSWALK,NO PED. SIGNAL,MIXED CLOTHING,Yes,POSSIBLE INJURY,N/A,39.01301217,-77.11733431,"(39.01301217, -77.11733431)"
MCP3112005R,210053334,Montgomery County Police,Injury Crash,12/31/2021 12:18:00 PM,Maryland (State),WISCONSIN AVE,County,CHESTNUT ST,,N/A,PEDESTRIAN,OTHER,CLOUDY,DRY,DAYLIGHT,NO CONTROLS,NONE DETECTED,NONE DETECTED,04F1C0FC-3A11-4E17-9259-172DC64BCE85,PEDESTRIAN,Cross/Enter at Intersection,NO IMPROPER ACTIONS,AT INTERSECTION MARKED CROSSWALK,NO PED. SIGNAL,LIGHT CLOTHING,No,SUSPECTED MINOR INJURY,NONE,38.99348833,-77.09561,"(38.99348833, -77.09561)"
MCP31630042,220000205,Montgomery County Police,Property Damage Crash,01/02/2022 06:24:00 PM,,,,,PARKING LOT OF 11845 OLD GEORGETOWN RD (HARRIS TEETER),,OTHER,OTHER,CLEAR,,DUSK,N/A,,N/A,AB4C0BCC-8342-4A67-84CB-E20C15EE060D,OTHER,Other,INATTENTIVE,OTHER,N/A,N/A,Yes,NO APPARENT INJURY,N/A,39.04946202,-77.10907586,"(39.04946202, -77.10907586)"
DD5653000Y,220005236,Rockville Police Departme,Injury Crash,02/07/2022 08:36:00 AM,Municipality,TAFT ST,Municipality,E GUDE DR,,ROCKVILLE,PEDESTRIAN,SINGLE VEHICLE,CLOUDY,DRY,DAYLIGHT,TRAFFIC SIGNAL,NONE DETECTED,NONE DETECTED,AF9E9766-6903-42C0-953E-9CECC88965B7,PEDESTRIAN,Cross/Enter at Intersection,NO IMPROPER ACTIONS,AT INTERSECTION MARKED CROSSWALK,N/A,N/A,No,SUSPECTED SERIOUS INJURY,N/A,39.094198,-77.132573,"(39.094198, -77.132573)"
DD5540001L,220004798,Rockville Police Departme,Injury Crash,02/03/2022 09:40:00 PM,,,,,16001 SHADY GROVE RD,,PEDESTRIAN,OTHER,RAINING,,DARK LIGHTS ON,TRAFFIC SIGNAL,NONE DETECTED,UNKNOWN,D5DE4AEE-96BF-4596-97E6-4C062CA7E65A,PEDESTRIAN,Other,OTHER,OTHER,N/A,MIXED CLOTHING,Yes,SUSPECTED SERIOUS INJURY,NONE,39.11910052,-77.18213407,"(39.11910052, -77.18213407)"
MCP30640045,220004815,Montgomery County Police,Injury Crash,02/04/2022 06:40:00 AM,County,ARCOLA AVE,County,KENBROOK DR,,N/A,PEDESTRIAN,SINGLE VEHICLE,RAINING,WET,DARK NO LIGHTS,N/A,NONE DETECTED,NONE DETECTED,697DD1AE-47CA-4506-B8ED-84CBCE021915,PEDESTRIAN,Other,NOT VISIBLE,OTHER,OTHER,DARK CLOTHING,Unknown,SUSPECTED MINOR INJURY,NONE,39.03899833,-77.02845167,"(39.03899833, -77.02845167)"
MCP3325000D,220004915,Montgomery County Police,Injury Crash,02/04/2022 05:56:00 PM,,,,,"PARKING LOT  OF 15660 OLD COLUMBIA PIKE BURTONSVILLE MD, INFRONT OF THE  GREEN TURTLE",,PEDESTRIAN,OTHER,RAINING,,DARK LIGHTS ON,NO CONTROLS,N/A,N/A,A8A7976C-EA8A-460F-B51E-B7CD6A58C6C4,PEDESTRIAN,Other,NO IMPROPER ACTIONS,OTHER,N/A,LIGHT CLOTHING,No,POSSIBLE INJURY,N/A,39.11191899,-76.93350961,"(39.11191899, -76.93350961)"
MCP29190099,220018434,Montgomery County Police,Injury Crash,04/30/2022 08:20:00 PM,Maryland (State),UNIVERSITY BLVD E,County,E SCHUYLER RD,,N/A,PEDESTRIAN,OTHER,CLEAR,DRY,DARK LIGHTS ON,N/A,NONE DETECTED,ALCOHOL PRESENT,D3037BAD-F845-493E-8E52-2348BBC0AC0D,PEDESTRIAN,Cross/Enter not at Intersection,IN ROADWAY IMPROPERLY,ON ROADWAY NOT AT CROSSWALK,NO PED. SIGNAL,N/A,Yes,POSSIBLE INJURY,N/A,39.00879833,-76.99838333,"(39.00879833, -76.99838333)"
MCP2231006L,220019432,Montgomery County Police,Injury Crash,05/07/2022 02:08:00 PM,Municipality,QUINCE ORCHARD BLVD,Maryland (State),QUINCE ORCHARD RD,,N/A,BICYCLIST,SINGLE VEHICLE,RAINING,WET,DAYLIGHT,TRAFFIC SIGNAL,NONE DETECTED,NONE DETECTED,7E05659A-DDCE-4382-B51B-399C9809081F,BICYCLIST,Cross/Enter at Intersection,FAILURE TO YIELD RIGHT OF WAY,ON ROADWAY AT CROSSWALK,OBEYED PED. SIGNAL,REFLECTIVE MATERIAL,Yes,SUSPECTED MINOR INJURY,MC/BIKE HELMET,39.13455833,-77.223985,"(39.13455833, -77.223985)"
EJ7873005Y,220019686,Gaithersburg Police Depar,Injury Crash,05/09/2022 02:00:00 PM,,,,,"PAARKING LOT OF 18749 N FREDERICK AVE GAITHERSBURG, MD 20879",,PEDESTRIAN,OTHER,CLEAR,,DAYLIGHT,NO CONTROLS,NONE DETECTED,N/A,830027DD-7944-4635-A6C9-AACF7857F7D9,PEDESTRIAN,Other,DART DASH,OTHER,NO PED. SIGNAL,DARK CLOTHING,Yes,POSSIBLE INJURY,NONE,39.16350472,-77.22561123,"(39.16350472, -77.22561123)"
MCP30440058,220019942,Montgomery County Police,Property Damage Crash,05/10/2022 08:47:00 PM,County,BRIGGS CHANEY RD,County,ROBEY RD,,N/A,BICYCLIST,OTHER,CLEAR,DRY,DARK NO LIGHTS,NO CONTROLS,NONE DETECTED,N/A,323A2E61-72AD-4D5A-80DB-965806551EC4,BICYCLIST,Cross/Enter at Intersection,N/A,ON ROADWAY AT CROSSWALK,N/A,LIGHT CLOTHING,No,NO APPARENT INJURY,NONE,39.07957667,-76.94478167,"(39.07957667, -76.94478167)"
MCP32960014,220018844,Montgomery County Police,Injury Crash,05/03/2022 07:13:00 PM,,,,,PARKING LOT IN FRONT OF 1707 JANUARY DR.,,PEDESTRIAN,SAME DIR REAR END,CLEAR,,DUSK,NO CONTROLS,,NONE DETECTED,C6389EAD-6444-4571-B7B4-3D23E8F22A50,PEDESTRIAN,Push/Work on Vehicle,DISABLED VEHICLE RELATED,OTHER,N/A,N/A,Unknown,SUSPECTED SERIOUS INJURY,NONE,39.04665833,-76.97653333,"(39.04665833, -76.97653333)"
MCP3200005L,220019858,Montgomery County Police,Injury Crash,05/10/2022 01:45:00 PM,County,NEILWOOD DR,County,LUXMANOR RD,,N/A,PEDESTRIAN,OTHER,CLEAR,DRY,DAYLIGHT,NO CONTROLS,,NONE DETECTED,EDA9CF4A-10DF-4D13-90E9-5844F2C73522,PEDESTRIAN,Other Working,ENTERING EXITING PARKED STANDING VEHICLE,ON ROADWAY NOT AT CROSSWALK,NO PED. SIGNAL,MIXED CLOTHING,Yes,SUSPECTED MINOR INJURY,NONE,39.04576333,-77.12315283,"(39.04576333, -77.12315283)"
MCP3246001F,220019023,Montgomery County Police,Injury Crash,05/04/2022 09:37:00 PM,Maryland (State),LAYHILL RD,County,GLENALLAN AVE,,N/A,PEDESTRIAN,OTHER,CLEAR,DRY,DARK LIGHTS ON,STOP SIGN,NONE DETECTED,NONE DETECTED,DDDD3956-29F0-4E9D-8077-1155303449E4,PEDESTRIAN,Cross/Enter at Intersection,OTHER,DRIVEWAY ACCESS MARKED CROSSWALK,NO PED. SIGNAL,DARK CLOTHING,No,SUSPECTED MINOR INJURY,N/A,39.0651185,-77.04827733,"(39.0651185, -77.04827733)"
MCP3269001C,220005458,Montgomery County Police,Injury Crash,02/08/2022 07:30:00 AM,Maryland (State),UNIVERSITY BLVD E,County,LANGLEY DR,,N/A,PEDESTRIAN,OTHER,CLEAR,DRY,DAYLIGHT,NO CONTROLS,N/A,N/A,3456D8E9-C88F-4B7B-A581-C02AB05703B1,PEDESTRIAN,Cross/Enter at Intersection,NO IMPROPER ACTIONS,AT INTERSECTION MARKED CROSSWALK,NO PED. SIGNAL,N/A,No,POSSIBLE INJURY,N/A,39.00151344,-76.99572256,"(39.00151344, -76.99572256)"
MCP2492001R,220002081,Montgomery County Police,Fatal Crash,01/17/2022 05:37:00 PM,Maryland (State),NEW HAMPSHIRE AVE,County,ELTON RD,,N/A,PEDESTRIAN,OTHER,N/A,DRY,DARK LIGHTS ON,TRAFFIC SIGNAL,NONE DETECTED,UNKNOWN,3022BF97-E091-41CC-804C-94F74CB8B12E,PEDESTRIAN,Cross/Enter at Intersection,DART DASH,ON ROADWAY AT CROSSWALK,DISOBEYED PED. SIGNAL,DARK CLOTHING,Yes,FATAL INJURY,N/A,39.01972333,-76.97678667,"(39.01972333, -76.97678667)"
MCP32790011,220004942,Montgomery County Police,Injury Crash,02/04/2022 10:43:00 PM,County,RANDOLPH RD,County,BENNION RD,,N/A,PEDESTRIAN,HEAD ON,CLEAR,DRY,DARK NO LIGHTS,N/A,NONE DETECTED,NONE DETECTED,4924D8BA-ACDF-4FCB-81B7-0D43672955CE,PEDESTRIAN,Getting off/on Vehicle,IN ROADWAY IMPROPERLY,ON ROADWAY NOT AT CROSSWALK,N/A,LIGHT CLOTHING,Yes,SUSPECTED SERIOUS INJURY,N/A,39.05491713,-77.08482227,"(39.05491713, -77.08482227)"
MCP3153003N,220004279,Montgomery County Police,Injury Crash,02/01/2022 08:45:00 AM,Maryland (State),CONNECTICUT AVE,County,CONNECTICUT AVE (AHEAD),,N/A,PEDESTRIAN,STRAIGHT MOVEMENT ANGLE,CLEAR,DRY,DAYLIGHT,OTHER,NONE DETECTED,NONE DETECTED,1DAFBABA-3747-4D57-BF9A-42AF0383923A,PEDESTRIAN,Cross/Enter at Intersection,NO IMPROPER ACTIONS,AT INTERSECTION MARKED CROSSWALK,NO PED. SIGNAL,MIXED CLOTHING,No,SUSPECTED SERIOUS INJURY,NONE,39.094905,-77.06913833,"(39.094905, -77.06913833)"
DD5645001M,220005078,Rockville Police Departme,Injury Crash,02/05/2022 09:20:00 PM,Municipality,HALPINE RD,Maryland (State),ROCKVILLE PIKE,,N/A,PEDESTRIAN,SINGLE VEHICLE,CLEAR,DRY,DARK LIGHTS ON,TRAFFIC SIGNAL,N/A,NONE DETECTED,7877268B-A189-494D-AB34-E098FC4801F0,PEDESTRIAN,Cross/Enter at Intersection,NO IMPROPER ACTIONS,ON ROADWAY AT CROSSWALK,OBEYED PED. SIGNAL,MIXED CLOTHING,No,POSSIBLE INJURY,NONE,39.0619688,-77.12399478,"(39.0619688, -77.12399478)"
DD56450020,220019725,Rockville Police Departme,Injury Crash,05/09/2022 05:30:00 AM,County,TWINBROOK PKWY,Maryland (State),VEIRS MILL RD,,N/A,PEDESTRIAN,OTHER,CLEAR,N/A,DARK LIGHTS ON,N/A,N/A,NONE DETECTED,4EC82E48-3F1E-4DCB-B302-62C566BCEDC0,PEDESTRIAN,Walking/Riding w/Traffic,UNKNOWN,ON ROADWAY AT CROSSWALK,UNKNOWN,MIXED CLOTHING,Unknown,SUSPECTED MINOR INJURY,NONE,39.07345014,-77.11184764,"(39.07345014, -77.11184764)"
MCP3300001F,220004093,Montgomery County Police,Injury Crash,01/31/2022 07:55:00 AM,County,MONTICELLO AVE,County,KEMP MILL RD,,N/A,PEDESTRIAN,OTHER,CLEAR,DRY,DAYLIGHT,PERSON,NONE DETECTED,NONE DETECTED,2881240F-F754-4790-BE6D-10CCC3E51B58,PEDESTRIAN,Other Working,DART DASH,ON ROADWAY NOT AT CROSSWALK,NO PED. SIGNAL,REFLECTIVE MATERIAL,Yes,SUSPECTED MINOR INJURY,REFLECTIVE CLOTHING,39.047313,-77.0296645,"(39.047313, -77.0296645)"
EJ7888001V,220005225,Gaithersburg Police Depar,Injury Crash,02/07/2022 07:05:00 AM,Maryland (State),W DIAMOND AVE,Municipality,BUREAU DR,,GAITHERSBURG,PEDESTRIAN,OTHER,CLEAR,DRY,DAWN,TRAFFIC SIGNAL,NONE DETECTED,NONE DETECTED,E0C94809-14A2-47FC-804C-B4BC5E29E3FE,PEDESTRIAN,Cross/Enter at Intersection,FAILURE TO OBEY TRAFFIC SIGNS SIGNALS OR OFFICER,AT INTERSECTION MARKED CROSSWALK,DISOBEYED PED. SIGNAL,LIGHT CLOTHING,Yes,SUSPECTED MINOR INJURY,N/A,39.14213818,-77.21737642,"(39.14213818, -77.21737642)"
MCP32150032,220019544,Montgomery County Police,Property Damage Crash,05/08/2022 12:40:00 PM,Maryland (State),16TH ST,Maryland (State),COLESVILLE RD,,N/A,BICYCLIST,STRAIGHT MOVEMENT ANGLE,CLEAR,DRY,DAYLIGHT,TRAFFIC SIGNAL,UNKNOWN,NONE DETECTED,1D549C0A-F682-47E0-8815-2D9C4A0A33EE,BICYCLIST,Cross/Enter at Intersection,NO IMPROPER ACTIONS,AT INTERSECTION MARKED CROSSWALK,OBEYED PED. SIGNAL,MIXED CLOTHING,No,NO APPARENT INJURY,MC/BIKE HELMET,38.99255596,-77.03618228,"(38.99255596, -77.03618228)"
MCP2724002M,220013343,Montgomery County Police,Injury Crash,03/29/2022 08:00:00 AM,,,,,DRIVEWAY ENTRANCE TO FRANCIS SCOTT KEY MIDDLE SCHOOL,,PEDESTRIAN,OTHER,CLEAR,,DAYLIGHT,N/A,UNKNOWN,NONE DETECTED,0F46F120-F546-47B2-AE98-7DF425FCE2CD,PEDESTRIAN,Other,OTHER,SIDEWALK,NO PED. SIGNAL,MIXED CLOTHING,Unknown,POSSIBLE INJURY,N/A,39.02635536,-76.99109161,"(39.02635536, -76.99109161)"
MCP3290001B,220011433,Montgomery County Police,Injury Crash,03/17/2022 07:14:00 AM,Maryland (State),COLESVILLE RD,Maryland (State),EAST WEST HWY,,N/A,PEDESTRIAN,OTHER,CLOUDY,WET,DARK LIGHTS ON,TRAFFIC SIGNAL,NONE DETECTED,N/A,153E0EA1-40C3-47E5-9297-040D5A947DAE,PEDESTRIAN,Cross/Enter at Intersection,DART DASH,ON ROADWAY NOT AT CROSSWALK,NO PED. SIGNAL,MIXED CLOTHING,Yes,SUSPECTED SERIOUS INJURY,NONE,38.99362539,-77.03204215,"(38.99362539, -77.03204215)"
DM8388003W,220013424,Takoma Park Police Depart,Injury Crash,03/29/2022 04:24:00 PM,Maryland (State),UNIVERSITY BLVD E,Unknown,PRINCE GEORGES CO/L,,N/A,PEDESTRIAN,OTHER,N/A,DRY,DAYLIGHT,TRAFFIC SIGNAL,NONE DETECTED,NONE DETECTED,CDA2F307-4FE4-4A8D-AD8F-AB1118A2FC65,PEDESTRIAN,Cross/Enter at Intersection,NO IMPROPER ACTIONS,ON ROADWAY AT CROSSWALK,OBEYED PED. SIGNAL,DARK CLOTHING,No,POSSIBLE INJURY,NONE,38.98797353,-76.9864275,"(38.98797353, -76.9864275)"
MCP2877009M,220012689,Montgomery County Police,Injury Crash,03/24/2022 01:35:00 PM,County,DUVALL DR,Maryland (State),MASSACHUSETTS AVE,,N/A,PEDESTRIAN,STRAIGHT MOVEMENT ANGLE,CLOUDY,DRY,DAYLIGHT,STOP SIGN,NONE DETECTED,NONE DETECTED,6A9BF43C-8BF7-4B87-A8DB-7C8A0013E28C,PEDESTRIAN,Cross/Enter at Intersection,NO IMPROPER ACTIONS,ON ROADWAY AT CROSSWALK,NO PED. SIGNAL,LIGHT CLOTHING,No,SUSPECTED MINOR INJURY,NONE,38.95017787,-77.10169016,"(38.95017787, -77.10169016)"