Report Number,Local Case Number,Agency Name,ACRS Report Type,Crash Date/Time,Route Type,Road Name,Cross-Street Type,Cross-Street Name,Off-Road Description,Municipality,Related Non-Motorist,Collision Type,Weather,Surface Condition,Light,Traffic Control,Driver Substance Abuse,Non-Motorist Substance Abuse,Person ID,Pedestrian Type,Pedestrian Movement,Pedestrian Actions,Pedestrian Location,Pedestrian Obeyed Traffic Signal,Pedestrian Visibility,At Fault,Injury Severity,Safety Equipment,Latitude,Longitude,Location
EJ7893000S,220019632,Gaithersburg Police Depar,Injury Crash,05/09/2022 09:12:00 AM,,FELLOWSHIP CIRCLE,,RUSSELL AVE,,N/A,PEDESTRIAN,OTHER,CLEAR,DRY,DAYLIGHT,STOP SIGN,NONE DETECTED,NONE DETECTED,89E170D1-4B6B-4634-B445-53C54128308D,PEDESTRIAN,Cross/Enter at Intersection,N/A,ON ROADWAY AT CROSSWALK,NO PED. SIGNAL,MIXED CLOTHING,No,SUSPECTED MINOR INJURY,NONE,39.14962532,-77.19932873,"(39.14962532, -77.19932873)"
MCP9419003F,220021170,Montgomery County Police,Injury Crash,05/18/2022 02:30:00 PM,,,,,SIDEWALK/PARKING LOT OF 1029 E. GUDE DRIVE,,BICYCLIST,STRAIGHT MOVEMENT ANGLE,CLEAR,,DAYLIGHT,NO CONTROLS,NONE DETECTED,NONE DETECTED,100068DE-6A4A-45C4-8A6B-09F37E9E5647,BICYCLIST,Walking/Cycling on Sidewalk,NO IMPROPER ACTIONS,SIDEWALK,N/A,MIXED CLOTHING,No,SUSPECTED MINOR INJURY,MC/BIKE HELMET,39.098385,-77.13816,"(39.098385, -77.13816)"
MCP3305001N,220019612,Montgomery County Police,Injury Crash,05/08/2022 11:45:00 PM,County,BROADBIRCH DR,County,BOURNEFIELD WAY,,N/A,PEDESTRIAN,OTHER,CLEAR,DRY,DARK NO LIGHTS,NO CONTROLS,UNKNOWN,NONE DETECTED,F60DE789-1ED8-4046-BDD4-7B2A53221E9B,PEDESTRIAN,Cross/Enter not at Intersection,IN ROADWAY IMPROPERLY,ON ROADWAY NOT AT CROSSWALK,NO PED. SIGNAL,DARK CLOTHING,Yes,SUSPECTED MINOR INJURY,NONE,39.05549688,-76.96138742,"(39.05549688, -76.96138742)"
EJ78510083,220035553,Gaithersburg Police Depar,Injury Crash,08/18/2022 08:30:00 PM,Maryland (State),W DIAMOND AVE,Ramp,RAMP 1 FR IS 270 NB TO MD 117 WB,,N/A,PEDESTRIAN,OTHER,CLEAR,DRY,DARK LIGHTS ON,TRAFFIC SIGNAL,NONE DETECTED,NONE DETECTED,4C5790CC-8ABE-4A90-A086-46D2FADDB111,PEDESTRIAN,Cross/Enter at Intersection,NO IMPROPER ACTIONS,AT INTERSECTION MARKED CROSSWALK,OBEYED PED. SIGNAL,N/A,No,SUSPECTED MINOR INJURY,NONE,39.15165993,-77.21974894,"(39.15165993, -77.21974894)"
MCP285900CR,220036510,Montgomery County Police,Injury Crash,08/24/2022 06:00:00 AM,,,,,"PARKING LOT OF 898 MUDDY BRANCH RD, GAITHERSBURG, MD 20878",,PEDESTRIAN,OTHER,CLEAR,,DARK LIGHTS ON,NO CONTROLS,NONE DETECTED,NONE DETECTED,E72DDCE8-F1AF-4F3D-8565-3D365A2B7F3A,PEDESTRIAN,Other,NO IMPROPER ACTIONS,OTHER,NO PED. SIGNAL,MIXED CLOTHING,Yes,POSSIBLE INJURY,NONE,39.15703094,-77.20249509,"(39.15703094, -77.20249509)"
MCP3073006F,220036251,Montgomery County Police,Injury Crash,08/23/2022 02:58:00 PM,County,ARBUTUS AVE,County,GLASGOW DR,,N/A,PEDESTRIAN,OTHER,N/A,N/A,DAYLIGHT,N/A,NONE DETECTED,NONE DETECTED,6F2C763E-E0BF-474A-9049-1C7E975C9D71,PEDESTRIAN,Cross/Enter not at Intersection,DART DASH,ON ROADWAY NOT AT CROSSWALK,N/A,MIXED CLOTHING,Yes,SUSPECTED MINOR INJURY,N/A,39.07124333,-77.08732833,"(39.07124333, -77.08732833)"
MCP2339006S,220008272,Montgomery County Police,Injury Crash,02/25/2022 04:06:00 PM,Municipality,PICCARD DR,Municipality,GAITHER RD,,ROCKVILLE,"OTHER, PEDESTRIAN",OTHER,CLEAR,DRY,DAYLIGHT,TRAFFIC SIGNAL,NONE DETECTED,NONE DETECTED,4850C407-E0CF-4AA3-9D41-3447CC487744,PEDESTRIAN,Cross/Enter at Intersection,NO IMPROPER ACTIONS,ON ROADWAY AT CROSSWALK,UNKNOWN,UNKNOWN,No,POSSIBLE INJURY,NONE,39.115235,-77.17854167,"(39.115235, -77.17854167)"
MCP3134003B,220009059,Montgomery County Police,Injury Crash,02/23/2022 04:29:00 PM,County,GREENCASTLE RD,US (State),COLUMBIA PIKE,,N/A,PEDESTRIAN,SINGLE VEHICLE,CLEAR,DRY,DAYLIGHT,TRAFFIC SIGNAL,N/A,N/A,F7F132FE-A153-4E0E-BB00-754D2180AE97,PEDESTRIAN,Cross/Enter at Intersection,FAILURE TO YIELD RIGHT OF WAY,ON ROADWAY AT CROSSWALK,UNKNOWN,UNKNOWN,No,SUSPECTED MINOR INJURY,NONE,39.09563444,-76.93811154,"(39.09563444, -76.93811154)"
MCP1301001P,210046973,Montgomery County Police,Fatal Crash,11/19/2021 08:22:00 AM,Maryland (State),GEORGIA AVE,County,MASON ST,,N/A,PEDESTRIAN,SINGLE VEHICLE,CLEAR,DRY,DAYLIGHT,NO CONTROLS,NONE DETECTED,UNKNOWN,6963838A-7455-428B-B350-E82F0AF470B7,PEDESTRIAN,Cross/Enter at Intersection,NO IMPROPER ACTIONS,ON ROADWAY AT CROSSWALK,NO PED. SIGNAL,MIXED CLOTHING,No,FATAL INJURY,N/A,39.05534,-77.05017833,"(39.05534, -77.05017833)"
EJ78840042,220008914,Gaithersburg Police Depar,Property Damage Crash,03/01/2022 07:19:00 PM,Municipality,WASHINGTONIAN BLVD,Unknown,ROUNDABOUT,,N/A,PEDESTRIAN,SAME DIRECTION SIDESWIPE,CLEAR,DRY,DARK LIGHTS ON,N/A,N/A,N/A,13D09074-8A79-421F-90D3-4A0562CE8A1C,PEDESTRIAN,Walking/Riding w/Traffic,NO IMPROPER ACTIONS,ON ROADWAY NOT AT CROSSWALK,N/A,DARK CLOTHING,Unknown,NO APPARENT INJURY,LIGHTING,39.1178945,-77.20217447,"(39.1178945, -77.20217447)"
MCP3121004P,220007039,Montgomery County Police,Injury Crash,02/17/2022 06:50:00 PM,County,SNOUFFERS SCHOOL RD,Maryland (State),WOODFIELD RD,,N/A,PEDESTRIAN,SINGLE VEHICLE,CLEAR,DRY,DARK LIGHTS ON,N/A,NONE DETECTED,NONE DETECTED,E066EFA5-B1EC-4E19-B11A-1260319C4434,PEDESTRIAN,Other,NO IMPROPER ACTIONS,ON ROADWAY AT CROSSWALK,NO PED. SIGNAL,MIXED CLOTHING,No,SUSPECTED MINOR INJURY,NONE,39.16073083,-77.1630515,"(39.16073083, -77.1630515)"
MCP271700WW,220008165,Montgomery County Police,Injury Crash,02/24/2022 06:30:00 PM,Maryland (State),NEW HAMPSHIRE AVE,County,POWDER MILL RD,,N/A,PEDESTRIAN,OTHER,RAINING,WET,DARK LIGHTS ON,TRAFFIC SIGNAL,UNKNOWN,NONE DETECTED,3239B165-C001-46EA-AF91-2C8D3F8AA665,PEDESTRIAN,Cross/Enter at Intersection,FAILURE TO OBEY TRAFFIC SIGNS SIGNALS OR OFFICER,ON ROADWAY AT CROSSWALK,DISOBEYED PED. SIGNAL,MIXED CLOTHING,Yes,SUSPECTED MINOR INJURY,NONE,39.020268,-76.975427,"(39.020268, -76.975427)"
MCP271700WW,220008165,Montgomery County Police,Injury Crash,02/24/2022 06:30:00 PM,Maryland (State),NEW HAMPSHIRE AVE,County,POWDER MILL RD,,N/A,PEDESTRIAN,OTHER,RAINING,WET,DARK LIGHTS ON,TRAFFIC SIGNAL,UNKNOWN,NONE DETECTED,20A7CE26-47AB-4C82-9E55-1E0AF67E4962,PEDESTRIAN,Cross/Enter at Intersection,FAILURE TO OBEY TRAFFIC SIGNS SIGNALS OR OFFICER,ON ROADWAY AT CROSSWALK,DISOBEYED PED. SIGNAL,MIXED CLOTHING,Yes,SUSPECTED MINOR INJURY,NONE,39.020268,-76.975427,"(39.020268, -76.975427)"
MCP3115005Q,220007955,Montgomery County Police,Injury Crash,02/23/2022 03:00:00 PM,,,,,PARKING LOT OF 3116 GRACEFIELD ROAD,,MACHINE OPERATOR/RIDER,N/A,CLEAR,,N/A,STOP SIGN,N/A,N/A,5907E3A7-5599-41F1-B91A-974C52192072,MACHINE OPERATOR/RIDER,Walking/Riding against Traffic,NOT VISIBLE,ON ROADWAY NOT AT CROSSWALK,NO PED. SIGNAL,LIGHT CLOTHING,Yes,POSSIBLE INJURY,NONE,39.050635,-76.95096667,"(39.050635, -76.95096667)"
MCP3064004C,220007560,Montgomery County Police,Injury Crash,02/21/2022 10:45:00 AM,County,SHOREFIELD RD,Maryland (State),GEORGIA AVE,,N/A,PEDESTRIAN,SINGLE VEHICLE,CLEAR,DRY,DAYLIGHT,TRAFFIC SIGNAL,NONE DETECTED,NONE DETECTED,643E452F-611A-4871-BEF1-5B414644148E,PEDESTRIAN,Cross/Enter at Intersection,UNKNOWN,AT INTERSECTION BUT NO CROSSWALK,UNKNOWN,MIXED CLOTHING,Unknown,POSSIBLE INJURY,NONE,39.05301805,-77.05083386,"(39.05301805, -77.05083386)"
MCP31960033,220014568,Montgomery County Police,Injury Crash,04/05/2022 09:42:00 PM,Maryland (State),FREDERICK RD,County,MIDDLEBROOK RD,,N/A,BICYCLIST,STRAIGHT MOVEMENT ANGLE,RAINING,WET,N/A,TRAFFIC SIGNAL,NONE DETECTED,NONE DETECTED,10B72421-7889-4D96-A788-9F094535B611,BICYCLIST,Other,IN ROADWAY IMPROPERLY,UNKNOWN,N/A,N/A,Yes,SUSPECTED MINOR INJURY,N/A,39.1809698,-77.23853506,"(39.1809698, -77.23853506)"
MCP2437004S,220013942,Montgomery County Police,Injury Crash,04/01/2022 05:10:00 PM,County,PARKLAWN DR,County,RANDOLPH RD,,N/A,PEDESTRIAN,STRAIGHT MOVEMENT ANGLE,CLEAR,DRY,DAYLIGHT,NO CONTROLS,NONE DETECTED,NONE DETECTED,95D88FFF-5E80-4C42-B429-D90507F7C9B1,PEDESTRIAN,Standing,NO IMPROPER ACTIONS,OTHER,N/A,MIXED CLOTHING,No,SUSPECTED SERIOUS INJURY,N/A,39.0537535,-77.1067445,"(39.0537535, -77.1067445)"
MCP3208002X,220014231,Montgomery County Police,Injury Crash,04/03/2022 10:34:00 PM,County,DIXON AVE,County,WAYNE AVE,,N/A,PEDESTRIAN,HEAD ON,CLEAR,DRY,DARK LIGHTS ON,TRAFFIC SIGNAL,NONE DETECTED,ALCOHOL PRESENT,296DAB33-C360-4CA5-B9E9-BBC017124370,PEDESTRIAN,Cross/Enter at Intersection,UNKNOWN,ON ROADWAY AT CROSSWALK,UNKNOWN,MIXED CLOTHING,Unknown,SUSPECTED MINOR INJURY,NONE,38.99424667,-77.02813,"(38.99424667, -77.02813)"
MCP31530041,220012851,Montgomery County Police,Injury Crash,03/16/2022 04:00:00 PM,,,,,"PRIVATE PARKING LOT OF 2901 S LEISURE WORLD BLVD., SILVER SPRING, MD 20906",,PEDESTRIAN,SINGLE VEHICLE,UNKNOWN,,DAYLIGHT,NO CONTROLS,UNKNOWN,UNKNOWN,CD42D0E9-CA1A-497E-B3F3-F077C8444AD3,PEDESTRIAN,Standing,NO IMPROPER ACTIONS,OTHER,N/A,UNKNOWN,No,SUSPECTED MINOR INJURY,N/A,39.10434088,-77.05771562,"(39.10434088, -77.05771562)"
DD55220056,220020909,Rockville Police Departme,Injury Crash,05/15/2022 10:28:00 AM,Municipality,W EDMONSTON DR,Maryland (State),ROCKVILLE PIKE,,N/A,PEDESTRIAN,OTHER,UNKNOWN,UNKNOWN,DAYLIGHT,STOP SIGN,UNKNOWN,N/A,1ABB89A9-DEF8-489A-82E7-29037BA04666,PEDESTRIAN,Cross/Enter at Intersection,UNKNOWN,AT INTERSECTION MARKED CROSSWALK,NO PED. SIGNAL,UNKNOWN,Unknown,SUSPECTED MINOR INJURY,N/A,39.07372622,-77.13698762,"(39.07372622, -77.13698762)"
MCP32790016,220019768,Montgomery County Police,Injury Crash,05/09/2022 05:30:00 PM,County,BLUHILL RD,County,RANDOLPH RD,,N/A,PEDESTRIAN,SINGLE VEHICLE,UNKNOWN,UNKNOWN,UNKNOWN,STOP SIGN,NONE DETECTED,N/A,3897BA3A-91A1-45C8-9117-09D8E5E97CF3,PEDESTRIAN,Cross/Enter at Intersection,NO IMPROPER ACTIONS,ON ROADWAY AT CROSSWALK,NO PED. SIGNAL,LIGHT CLOTHING,No,SUSPECTED MINOR INJURY,NONE,39.05898675,-77.06498015,"(39.05898675, -77.06498015)"
EJ7895002L,220034706,Gaithersburg Police Depar,Property Damage Crash,08/12/2022 01:15:00 PM,,,,,FESTIVAL SHOPPING CENTER DRIVEWAY TO 221 MUDDY BRANCH ROAD,,BICYCLIST,STRAIGHT MOVEMENT ANGLE,CLEAR,,DAYLIGHT,NO CONTROLS,NONE DETECTED,NONE DETECTED,9D5C15BB-9903-48A6-B1C9-58F5F3AA1937,BICYCLIST,Cross/Enter at Intersection,INATTENTIVE,ON ROADWAY NOT AT CROSSWALK,NO PED. SIGNAL,MIXED CLOTHING,Yes,NO APPARENT INJURY,NONE,39.11101895,-77.23904253,"(39.11101895, -77.23904253)"
MCP3254001Y,220020677,Montgomery County Police,Injury Crash,05/15/2022 12:32:00 PM,County,MATENY RD,Maryland (State),GREAT SENECA HWY,,N/A,BICYCLIST,OTHER,CLEAR,DRY,DAYLIGHT,TRAFFIC SIGNAL,NONE DETECTED,NONE DETECTED,711D2483-9E85-4E98-BA2E-3322C1F79B19,BICYCLIST,Cross/Enter at Intersection,NO IMPROPER ACTIONS,ON ROADWAY AT CROSSWALK,OBEYED PED. SIGNAL,N/A,No,SUSPECTED MINOR INJURY,MC/BIKE HELMET,39.14622307,-77.27464274,"(39.14622307, -77.27464274)"
MCP3228003G,220016026,Montgomery County Police,Property Damage Crash,04/15/2022 05:16:00 PM,US (State),COLESVILLE RD,Government,SLIGO CREEK PKWY,,N/A,BICYCLIST,STRAIGHT MOVEMENT ANGLE,CLEAR,DRY,DAYLIGHT,TRAFFIC SIGNAL,NONE DETECTED,NONE DETECTED,02411611-741E-484B-BCE5-105452BAF4CD,BICYCLIST,Walking/Cycling on Sidewalk,UNKNOWN,ON ROADWAY AT CROSSWALK,OBEYED PED. SIGNAL,LIGHT CLOTHING,No,NO APPARENT INJURY,MC/BIKE HELMET,39.0076268,-77.02030146,"(39.0076268, -77.02030146)"
EJ78890025,220014084,Gaithersburg Police Depar,Injury Crash,04/02/2022 06:40:00 PM,Municipality,CENTER POINT WAY,Municipality,MARKET ST E,,GAITHERSBURG,PEDESTRIAN,OTHER,N/A,DRY,DUSK,NO CONTROLS,UNKNOWN,NONE DETECTED,FB6B06D9-2DBE-4EED-9F4B-FC74C89C481D,PEDESTRIAN,Standing,NO IMPROPER ACTIONS,OTHER,NO PED. SIGNAL,DARK CLOTHING,No,POSSIBLE INJURY,NONE,39.12182466,-77.23451514,"(39.12182466, -77.23451514)"
MCP3038005R,220014558,Montgomery County Police,Property Damage Crash,04/05/2022 08:18:00 PM,US (State),GEORGIA AVE,County,THAYER AVE,,N/A,BICYCLIST,OTHER,RAINING,WET,DARK LIGHTS ON,TRAFFIC SIGNAL,NONE DETECTED,NONE DETECTED,65168208-9834-4331-A4F6-BC73683D2D1A,BICYCLIST,Cross/Enter at Intersection,FAILURE TO YIELD RIGHT OF WAY,AT INTERSECTION BUT NO CROSSWALK,OTHER,MIXED CLOTHING,Yes,NO APPARENT INJURY,NONE,38.99290105,-77.02658158,"(38.99290105, -77.02658158)"
MCP2720006P,220015282,Montgomery County Police,Injury Crash,04/10/2022 01:45:00 PM,County,13TH ST,US (State),GEORGIA AVE,,N/A,PEDESTRIAN,SINGLE VEHICLE,CLEAR,DRY,DAYLIGHT,TRAFFIC SIGNAL,UNKNOWN,UNKNOWN,3CB68BF2-F3AF-4993-A0EA-B873A59B55CB,PEDESTRIAN,Cross/Enter at Intersection,UNKNOWN,ON ROADWAY AT CROSSWALK,OBEYED PED. SIGNAL,UNKNOWN,No,POSSIBLE INJURY,NONE,38.98732533,-77.0267463,"(38.98732533, -77.0267463)"
MCP28000052,220014387,Montgomery County Police,Injury Crash,04/04/2022 09:32:00 PM,,,,,GARAGE DRIVEWAY ACCESS OF WF MARKET 11355 WOODGLEN DR/CROSSWALK  FACING EXECUTIVE BLVD AT PASSEO DR,,OTHER CONVEYANCE,OTHER,CLEAR,,DARK LIGHTS ON,NO CONTROLS,NONE DETECTED,N/A,4BA7FBEB-2444-4A51-A586-FE577B8F0643,OTHER CONVEYANCE,Walking/Cycling on Sidewalk,NO IMPROPER ACTIONS,DRIVEWAY ACCESS MARKED CROSSWALK,NO PED. SIGNAL,MIXED CLOTHING,No,SUSPECTED MINOR INJURY,N/A,39.04329667,-77.11219167,"(39.04329667, -77.11219167)"
MCP32390021,220015651,Montgomery County Police,Injury Crash,04/13/2022 10:16:00 AM,County,STEWART LA,County,LOCKWOOD DR,,N/A,PEDESTRIAN,SINGLE VEHICLE,CLEAR,DRY,DAYLIGHT,NO CONTROLS,UNKNOWN,N/A,78D5E5C9-7F32-4AD9-993E-90D2723422C0,PEDESTRIAN,Unknown,NO IMPROPER ACTIONS,ON ROADWAY NOT AT CROSSWALK,N/A,MIXED CLOTHING,No,SUSPECTED MINOR INJURY,NONE,39.0438284,-76.98218047,"(39.0438284, -76.98218047)"
MCP28000052,220014387,Montgomery County Police,Injury Crash,04/04/2022 09:32:00 PM,,,,,GARAGE DRIVEWAY ACCESS OF WF MARKET 11355 WOODGLEN DR/CROSSWALK  FACING EXECUTIVE BLVD AT PASSEO DR,,OTHER CONVEYANCE,OTHER,CLEAR,,DARK LIGHTS ON,NO CONTROLS,NONE DETECTED,NONE DETECTED,4F458A28-67BD-4C20-8477-AADE4D6F3289,OTHER CONVEYANCE,Walking/Cycling on Sidewalk,NO IMPROPER ACTIONS,DRIVEWAY ACCESS MARKED CROSSWALK,NO PED. SIGNAL,MIXED CLOTHING,No,SUSPECTED MINOR INJURY,N/A,39.04329667,-77.11219167,"(39.04329667, -77.11219167)"
EJ7893000W,220020145,Gaithersburg Police Depar,Injury Crash,05/12/2022 08:37:00 AM,County,SHADY GROVE RD,Ramp,RAMP 6 FR SHADY GROVE RD EB TO IS 270 SB,,N/A,BICYCLIST,OTHER,CLOUDY,DRY,DAYLIGHT,TRAFFIC SIGNAL,NONE DETECTED,NONE DETECTED,AC0FD610-C7CE-4182-9CD0-9945E865D30E,BICYCLIST,Walking/Cycling on Sidewalk,NO IMPROPER ACTIONS,AT INTERSECTION MARKED CROSSWALK,UNKNOWN,MIXED CLOTHING,No,POSSIBLE INJURY,NONE,39.10946505,-77.18828765,"(39.10946505, -77.18828765)"
MCP3228003G,220016026,Montgomery County Police,Property Damage Crash,04/15/2022 05:16:00 PM,US (State),COLESVILLE RD,Government,SLIGO CREEK PKWY,,N/A,BICYCLIST,STRAIGHT MOVEMENT ANGLE,CLEAR,DRY,DAYLIGHT,TRAFFIC SIGNAL,NONE DETECTED,NONE DETECTED,9EDAE691-2B65-4C5F-B18D-7ABA325E4C83,BICYCLIST,Walking/Cycling on Sidewalk,NO IMPROPER ACTIONS,ON ROADWAY AT CROSSWALK,OBEYED PED. SIGNAL,LIGHT CLOTHING,No,NO APPARENT INJURY,MC/BIKE HELMET,39.0076268,-77.02030146,"(39.0076268, -77.02030146)"
MCP2861005C,220019720,Montgomery County Police,Injury Crash,05/09/2022 05:05:00 PM,Maryland (State),OLD GEORGETOWN RD,County,CHESHIRE DR,,N/A,BICYCLIST,OTHER,CLEAR,DRY,DAYLIGHT,TRAFFIC SIGNAL,NONE DETECTED,NONE DETECTED,04EE3EF5-0363-43B0-ADBE-3DE5915B8B76,BICYCLIST,Cross/Enter not at Intersection,DART DASH,ON ROADWAY NOT AT CROSSWALK,NO PED. SIGNAL,LIGHT CLOTHING,Yes,SUSPECTED SERIOUS INJURY,MC/BIKE HELMET,39.02244667,-77.12369333,"(39.02244667, -77.12369333)"
MCP295400BV,220026993,Montgomery County Police,Injury Crash,06/22/2022 08:50:00 PM,Maryland (State),UNIVERSITY BLVD E,County,PATTON DR,,N/A,PEDESTRIAN,STRAIGHT MOVEMENT ANGLE,RAINING,WET,DARK -- UNKNOWN LIGHTING,NO CONTROLS,NONE DETECTED,ALCOHOL PRESENT,46533662-9065-487B-B8BA-3CCA6EFBB463,PEDESTRIAN,Cross/Enter not at Intersection,FAILURE TO YIELD RIGHT OF WAY,ON ROADWAY NOT AT CROSSWALK,NO PED. SIGNAL,MIXED CLOTHING,Yes,POSSIBLE INJURY,NONE,39.00114405,-76.99546947,"(39.00114405, -76.99546947)"
MCP289200CN,220033164,Montgomery County Police,Injury Crash,08/02/2022 03:45:00 PM,US (State),COLESVILLE RD,Maryland (State),UNIVERSITY BLVD E,,N/A,PEDESTRIAN,SINGLE VEHICLE,CLEAR,DRY,DAYLIGHT,TRAFFIC SIGNAL,NONE DETECTED,NONE DETECTED,E59834BA-AEFD-4E2E-AA70-A175C117E119,PEDESTRIAN,Cross/Enter at Intersection,NO IMPROPER ACTIONS,ON ROADWAY AT CROSSWALK,OBEYED PED. SIGNAL,LIGHT CLOTHING,No,POSSIBLE INJURY,NONE,39.019485,-77.01374,"(39.019485, -77.01374)"
MCP29730063,220036415,Montgomery County Police,Injury Crash,08/23/2022 03:15:00 PM,Maryland (State),CONNECTICUT AVE,County,INDEPENDENCE ST,,N/A,PEDESTRIAN,OTHER,CLEAR,DRY,DAYLIGHT,TRAFFIC SIGNAL,NONE DETECTED,NONE DETECTED,C024E743-4C5E-48C3-8853-77C3240E037A,PEDESTRIAN,Cross/Enter at Intersection,NO IMPROPER ACTIONS,ON ROADWAY AT CROSSWALK,OBEYED PED. SIGNAL,LIGHT CLOTHING,No,SUSPECTED MINOR INJURY,N/A,39.0564664,-77.0736231,"(39.0564664, -77.0736231)"
MCP29370045,220013985,Montgomery County Police,Injury Crash,04/14/2022 12:45:00 AM,County,ROBEY RD,County,BRIGGS CHANEY RD,,N/A,PEDESTRIAN,SINGLE VEHICLE,N/A,DRY,DARK LIGHTS ON,NO CONTROLS,UNKNOWN,NONE DETECTED,B01CBB4C-2CC9-4C00-851C-BD21EC916254,PEDESTRIAN,Unknown,UNKNOWN,UNKNOWN,NO PED. SIGNAL,DARK CLOTHING,Unknown,SUSPECTED SERIOUS INJURY,NONE,39.07990715,-76.94437646,"(39.07990715, -76.94437646)"
MCP3300001P,220016529,Montgomery County Police,Injury Crash,04/19/2022 07:40:00 AM,Maryland (State),UNIVERSITY BLVD W,County,GRANDVIEW AVE,,N/A,PEDESTRIAN,OTHER,CLEAR,DRY,DAYLIGHT,NO CONTROLS,NONE DETECTED,NONE DETECTED,6EC6C4D2-C78D-4BFA-BE94-4C87920BED5D,PEDESTRIAN,Cross/Enter not at Intersection,IN ROADWAY IMPROPERLY,OTHER,NO PED. SIGNAL,DARK CLOTHING,Yes,SUSPECTED SERIOUS INJURY,NONE,39.04067067,-77.05456733,"(39.04067067, -77.05456733)"
MCP2445003N,220016587,Montgomery County Police,Injury Crash,04/19/2022 12:51:00 PM,,,,,IN THE CAR WASH BAY OF 20440 GERMANTOWN RD,,PEDESTRIAN,SAME DIR REAR END,CLOUDY,,DAYLIGHT,NO CONTROLS,NONE DETECTED,NONE DETECTED,371CEB44-45F2-4A67-8988-16791A4B215B,PEDESTRIAN,Standing,OTHER,OTHER,N/A,DARK CLOTHING,No,POSSIBLE INJURY,NONE,39.1921695,-77.24407583,"(39.1921695, -77.24407583)"
MCP3024002F,220016042,Montgomery County Police,Injury Crash,04/15/2022 05:56:00 PM,Other Public Roadway,WHEATFIELD TERR,County,WHEATFIELD DR,,N/A,PEDESTRIAN,SINGLE VEHICLE,CLEAR,DRY,DAYLIGHT,NO CONTROLS,N/A,N/A,A6D88E77-F939-4F29-A60C-DEE312A24257,PEDESTRIAN,Playing,DART DASH,OTHER,NO PED. SIGNAL,MIXED CLOTHING,Yes,SUSPECTED MINOR INJURY,N/A,39.17019822,-77.23152836,"(39.17019822, -77.23152836)"
MCP2968004B,220015977,Montgomery County Police,Injury Crash,04/15/2022 12:10:00 PM,County,SHADY GROVE RD,Unknown,GUDELSKY WAY,,N/A,OTHER PEDALCYCLIST,OTHER,CLEAR,DRY,DAYLIGHT,TRAFFIC SIGNAL,N/A,N/A,1EBAC4A2-0862-43E0-AD1D-D81E2F8D4DD9,OTHER PEDALCYCLIST,Walking/Riding w/Traffic,NO IMPROPER ACTIONS,SHOULDER,NO PED. SIGNAL,MIXED CLOTHING,No,SUSPECTED MINOR INJURY,UNKNOWN,39.09067667,-77.199705,"(39.09067667, -77.199705)"
MCP32390023,220016559,Montgomery County Police,Injury Crash,04/19/2022 05:55:00 AM,,,,,"IN FRONT OF 11225 OAK LEAF DR, SILVER SPRING, MD 20904 AT THE ROUNDABOUT.",,PEDESTRIAN,OTHER,CLEAR,,DARK LIGHTS ON,NO CONTROLS,UNKNOWN,NONE DETECTED,59A09E93-530D-4D66-A736-E45A86526582,PEDESTRIAN,Other,UNKNOWN,OTHER,NO PED. SIGNAL,UNKNOWN,No,POSSIBLE INJURY,NONE,39.04074984,-76.99475444,"(39.04074984, -76.99475444)"
MCP23480065,220002096,Montgomery County Police,Fatal Crash,01/17/2022 06:26:00 PM,Maryland (State),VEIRS MILL RD,County,FERRARA AVE,,N/A,PEDESTRIAN,SINGLE VEHICLE,CLEAR,DRY,DARK LIGHTS ON,TRAFFIC SIGNAL,UNKNOWN,NONE DETECTED,81EC19F8-138A-4793-AE5C-F44F72E332B3,PEDESTRIAN,Cross/Enter at Intersection,IN ROADWAY IMPROPERLY,ON ROADWAY AT CROSSWALK,DISOBEYED PED. SIGNAL,DARK CLOTHING,Yes,FATAL INJURY,N/A,39.05354,-77.07760167,"(39.05354, -77.07760167)"
MCP29770090,220027756,Montgomery County Police,Injury Crash,06/28/2022 08:37:00 AM,County,TIMBERWOOD AVE,US (State),COLESVILLE RD,,N/A,PEDESTRIAN,OTHER,CLEAR,DRY,DAYLIGHT,NO CONTROLS,UNKNOWN,NONE DETECTED,2D2A3239-FDF5-4974-8570-5B335230016F,PEDESTRIAN,Getting off/on Vehicle,IN ROADWAY IMPROPERLY,ON ROADWAY NOT AT CROSSWALK,OTHER,DARK CLOTHING,Yes,POSSIBLE INJURY,NONE,39.02165167,-77.01238833,"(39.02165167, -77.01238833)"
HA2483000W,22001096,Maryland-National Capital,Property Damage Crash,06/30/2022 03:50:00 PM,Government,LITTLE FALLS PKWY,County,ARLINGTON RD,,N/A,OTHER,STRAIGHT MOVEMENT ANGLE,CLEAR,DRY,DAYLIGHT,STOP SIGN,NONE DETECTED,NONE DETECTED,D7F2ACB2-006B-4E84-909D-94960C9CECE8,OTHER,N/A,N/A,N/A,N/A,N/A,Unknown,NO APPARENT INJURY,N/A,38.97287633,-77.100504,"(38.97287633, -77.100504)"
MCP1301001S,220014595,Montgomery County Police,Fatal Crash,04/06/2022 08:22:00 AM,County,GROSVENOR LA,Unknown,KING CHARLES WAY,,N/A,PEDESTRIAN,SINGLE VEHICLE,RAINING,WET,DAYLIGHT,NO CONTROLS,N/A,N/A,AE738545-2603-4B32-A623-996EDBBFECA5,PEDESTRIAN,Other,NO IMPROPER ACTIONS,OTHER,N/A,MIXED CLOTHING,No,NO APPARENT INJURY,N/A,39.02236167,-77.10515,"(39.02236167, -77.10515)"