Report Number,Local Case Number,Agency Name,ACRS Report Type,Crash Date/Time,Route Type,Road Name,Cross-Street Type,Cross-Street Name,Off-Road Description,Municipality,Related Non-Motorist,Collision Type,Weather,Surface Condition,Light,Traffic Control,Driver Substance Abuse,Non-Motorist Substance Abuse,Person ID,Pedestrian Type,Pedestrian Movement,Pedestrian Actions,Pedestrian Location,Pedestrian Obeyed Traffic Signal,Pedestrian Visibility,At Fault,Injury Severity,Safety Equipment,Latitude,Longitude,Location
MCP2875005Y,220027515,Montgomery County Police,Injury Crash,06/26/2022 02:00:00 PM,,,,,PARKING LOT OF 26075 RIDGE RD.,,PEDESTRIAN,OTHER,CLEAR,,DAYLIGHT,NO CONTROLS,NONE DETECTED,NONE DETECTED,3CCDD0E9-2B24-43F5-9CBC-DA61C29A6B1F,PEDESTRIAN,Standing,NO IMPROPER ACTIONS,OTHER,N/A,LIGHT CLOTHING,No,POSSIBLE INJURY,N/A,39.28503986,-77.20887197,"(39.28503986, -77.20887197)"
MCP1301001S,220014595,Montgomery County Police,Fatal Crash,04/06/2022 08:22:00 AM,County,GROSVENOR LA,Unknown,KING CHARLES WAY,,N/A,PEDESTRIAN,SINGLE VEHICLE,RAINING,WET,DAYLIGHT,NO CONTROLS,N/A,N/A,27FD9615-11D6-483B-8B87-4B8FC356442D,PEDESTRIAN,Standing,NO IMPROPER ACTIONS,OTHER,N/A,MIXED CLOTHING,No,FATAL INJURY,N/A,39.02236167,-77.10515,"(39.02236167, -77.10515)"
MCP14330044,220027715,Montgomery County Police,Injury Crash,06/27/2022 07:25:00 PM,,,,,FEDERAL PLAZA SHOPPING CENTER 12266-E ROCKVILLE PIKE (TIGER SUGAR),,OTHER,SINGLE VEHICLE,CLEAR,,DAYLIGHT,N/A,NONE DETECTED,NONE DETECTED,0164D6D2-2BAD-44A6-8DA5-57715C379D02,OTHER,N/A,NO IMPROPER ACTIONS,INSIDE BUILDING,N/A,MIXED CLOTHING,No,POSSIBLE INJURY,N/A,39.057375,-77.12152333,"(39.057375, -77.12152333)"
MCP2968004F,220027586,Montgomery County Police,Injury Crash,06/27/2022 08:47:00 AM,County,LINCOLNSHIRE DR,County,FALLS CHAPEL WAY,,N/A,PEDESTRIAN,OTHER,CLEAR,DRY,DAYLIGHT,N/A,N/A,N/A,43448CF5-A2FC-49CA-90F8-0C19F24DC1A4,PEDESTRIAN,Other Working,NO IMPROPER ACTIONS,OTHER,N/A,REFLECTIVE MATERIAL,No,SUSPECTED MINOR INJURY,REFLECTIVE CLOTHING,39.063115,-77.18202833,"(39.063115, -77.18202833)"
DM8479001C,220021661,Takoma Park Police Depart,Injury Crash,05/21/2022 10:12:00 AM,,,,,PARKING LOT,,PEDESTRIAN,N/A,N/A,,DAYLIGHT,NO CONTROLS,NONE DETECTED,NONE DETECTED,4A07043C-64F7-4703-8B5B-E53C84C844B2,PEDESTRIAN,Other,OTHER,OTHER,NO PED. SIGNAL,MIXED CLOTHING,Unknown,POSSIBLE INJURY,NONE,38.98664837,-76.98786523,"(38.98664837, -76.98786523)"
MCP2753005F,220021523,Montgomery County Police,Injury Crash,05/20/2022 01:20:00 PM,Maryland (State),NORBECK RD,Maryland (State),GEORGIA AVE,,N/A,BICYCLIST,OTHER,N/A,DRY,DAYLIGHT,TRAFFIC SIGNAL,NONE DETECTED,NONE DETECTED,C67CEE2E-0D03-415C-B3BD-20F4CE1CFB9B,BICYCLIST,Cross/Enter at Intersection,NO IMPROPER ACTIONS,AT INTERSECTION MARKED CROSSWALK,OBEYED PED. SIGNAL,MIXED CLOTHING,No,SUSPECTED MINOR INJURY,MC/BIKE HELMET,39.109445,-77.07531333,"(39.109445, -77.07531333)"
MCP27980050,220021583,Montgomery County Police,Injury Crash,05/20/2022 06:40:00 PM,County,MIDDLEBROOK RD,County,CELEBRATION WAY,,N/A,PEDESTRIAN,OTHER,CLEAR,DRY,DAYLIGHT,OTHER,NONE DETECTED,NONE DETECTED,CE0DF1C3-CEB1-4634-87BD-B72BDD67125B,PEDESTRIAN,Cross/Enter not at Intersection,DART DASH,ON ROADWAY NOT AT CROSSWALK,OTHER,MIXED CLOTHING,Yes,POSSIBLE INJURY,NONE,39.18164167,-77.26942333,"(39.18164167, -77.26942333)"
MCP3320000V,220021711,Montgomery County Police,Injury Crash,05/21/2022 04:00:00 PM,County,FENTON ST,County,THAYER AVE,,N/A,PEDESTRIAN,SINGLE VEHICLE,CLEAR,DRY,DAYLIGHT,TRAFFIC SIGNAL,NONE DETECTED,NONE DETECTED,93E2C2FC-B5DB-4F08-9E50-5D7B83F7E93C,PEDESTRIAN,Cross/Enter at Intersection,N/A,AT INTERSECTION MARKED CROSSWALK,OBEYED PED. SIGNAL,MIXED CLOTHING,No,SUSPECTED MINOR INJURY,N/A,38.99304768,-77.02408693,"(38.99304768, -77.02408693)"
MCP1301001S,220014595,Montgomery County Police,Fatal Crash,04/06/2022 08:22:00 AM,County,GROSVENOR LA,Unknown,KING CHARLES WAY,,N/A,PEDESTRIAN,SINGLE VEHICLE,RAINING,WET,DAYLIGHT,NO CONTROLS,N/A,N/A,5D02CF50-8E29-4EE3-A720-0623B5C96ECD,PEDESTRIAN,Standing,NO IMPROPER ACTIONS,OTHER,N/A,MIXED CLOTHING,No,POSSIBLE INJURY,N/A,39.02236167,-77.10515,"(39.02236167, -77.10515)"
MCP2968004F,220027586,Montgomery County Police,Injury Crash,06/27/2022 08:47:00 AM,County,LINCOLNSHIRE DR,County,FALLS CHAPEL WAY,,N/A,PEDESTRIAN,OTHER,CLEAR,DRY,DAYLIGHT,N/A,N/A,N/A,62ABED7D-4ADA-4488-B4E1-AAF2E7314B98,PEDESTRIAN,Other Working,NO IMPROPER ACTIONS,OTHER,N/A,REFLECTIVE MATERIAL,No,NO APPARENT INJURY,REFLECTIVE CLOTHING,39.063115,-77.18202833,"(39.063115, -77.18202833)"
MCP2798004Y,220017143,Montgomery County Police,Injury Crash,04/22/2022 03:33:00 PM,,,,,PARKING LOT OF 12204 EAGLES NEST DRIVE,,PEDESTRIAN,SINGLE VEHICLE,CLEAR,,DAYLIGHT,NO CONTROLS,UNKNOWN,NONE DETECTED,6ACCC548-8556-412D-B57E-3D5B59144D3A,PEDESTRIAN,Cross/Enter at Intersection,DART DASH,ON ROADWAY NOT AT CROSSWALK,NO PED. SIGNAL,MIXED CLOTHING,Yes,SUSPECTED MINOR INJURY,NONE,39.16414831,-77.25150531,"(39.16414831, -77.25150531)"
MCP3161003V,220017123,Montgomery County Police,Injury Crash,04/22/2022 02:50:00 PM,,,,,10821 CONNECTICUT AVE PARKING LOT,,PEDESTRIAN,SINGLE VEHICLE,CLEAR,,DAYLIGHT,NO CONTROLS,NONE DETECTED,NONE DETECTED,73C7F462-9691-48FF-8DA9-FDD3B41A4247,PEDESTRIAN,Other,NO IMPROPER ACTIONS,OTHER,N/A,MIXED CLOTHING,No,POSSIBLE INJURY,NONE,39.03365333,-77.07431167,"(39.03365333, -77.07431167)"
MCP20160065,220017857,Montgomery County Police,Injury Crash,04/27/2022 12:58:00 PM,Maryland (State),ROCKVILLE PIKE,Maryland (State),FIRST ST,,N/A,OTHER PEDALCYCLIST,OTHER,CLEAR,DRY,DAYLIGHT,N/A,N/A,N/A,A683C053-B349-4FAB-AC2D-9D9E165E3ECE,OTHER PEDALCYCLIST,Cross/Enter at Intersection,FAILURE TO YIELD RIGHT OF WAY,SIDEWALK,N/A,N/A,Yes,POSSIBLE INJURY,N/A,39.11254,-77.23547667,"(39.11254, -77.23547667)"
MCP3026007Q,220016753,Montgomery County Police,Property Damage Crash,04/20/2022 11:22:00 AM,Municipality,GEORGIA ST,Municipality,BRADLEY LA,,CHEVY CHASE VILLAGE,OTHER,OTHER,CLEAR,DRY,DAYLIGHT,NO CONTROLS,UNKNOWN,NONE DETECTED,C149AC99-5CCF-4C87-8F09-3ACFF876862B,OTHER,N/A,NO IMPROPER ACTIONS,SIDEWALK,N/A,N/A,No,NO APPARENT INJURY,N/A,38.97668667,-77.07270333,"(38.97668667, -77.07270333)"
MCP271700X4,220024969,Montgomery County Police,Injury Crash,06/10/2022 05:45:00 PM,Maryland (State),ROCKVILLE PIKE,Municipality,WOOTTON PKWY,,ROCKVILLE,PEDESTRIAN,OTHER,CLEAR,DRY,DAYLIGHT,NO CONTROLS,NONE DETECTED,NONE DETECTED,80F0E87C-AAC1-4EB4-B26E-842B1FF3FB10,PEDESTRIAN,Cross/Enter at Intersection,NO IMPROPER ACTIONS,AT INTERSECTION BUT NO CROSSWALK,NO PED. SIGNAL,MIXED CLOTHING,No,SUSPECTED MINOR INJURY,NONE,39.0756735,-77.13801,"(39.0756735, -77.13801)"
MCP31690059,220027392,Montgomery County Police,Injury Crash,06/25/2022 12:17:00 PM,County,FLOWER AVE,County,ARLISS ST,,N/A,PEDESTRIAN,SAME DIRECTION SIDESWIPE,CLEAR,DRY,DAYLIGHT,N/A,"ALCOHOL PRESENT, N/A",N/A,9932A74C-FDBC-4AC4-9E4D-0AB59FCEC50D,PEDESTRIAN,Cross/Enter at Intersection,NO IMPROPER ACTIONS,ON ROADWAY AT CROSSWALK,NO PED. SIGNAL,MIXED CLOTHING,No,SUSPECTED MINOR INJURY,NONE,38.99832333,-77.00416167,"(38.99832333, -77.00416167)"
DD55270043,220027984,Rockville Police Departme,Property Damage Crash,06/29/2022 04:00:00 PM,,,,,PARKING LOT OF 1518 ROCKVILLE PIKE,,OTHER CONVEYANCE,OTHER,CLEAR,,DAYLIGHT,NO CONTROLS,NONE DETECTED,NONE DETECTED,1AD99831-426C-468A-B984-369027C89846,OTHER CONVEYANCE,Other,N/A,OTHER,OTHER,MIXED CLOTHING,No,NO APPARENT INJURY,NONE,39.06470036,-77.12648117,"(39.06470036, -77.12648117)"
MCP2771001B,220035136,Montgomery County Police,Injury Crash,08/16/2022 11:40:00 AM,Maryland (State),GEORGIA AVE,Unknown,ENT TO BUSINESS,,N/A,PEDESTRIAN,OTHER,CLEAR,DRY,DAYLIGHT,NO CONTROLS,N/A,N/A,F0ADAB12-353F-48FB-844F-B8212C4A1651,PEDESTRIAN,Walking/Cycling on Sidewalk,NO IMPROPER ACTIONS,SIDEWALK,NO PED. SIGNAL,MIXED CLOTHING,Unknown,POSSIBLE INJURY,NONE,39.08315,-77.07775,"(39.08315, -77.07775)"
MCP2973005Z,220035402,Montgomery County Police,Injury Crash,08/16/2022 07:00:00 PM,County,ASPEN HILL RD,County,PARKLAND DR,,N/A,PEDESTRIAN,OTHER,CLEAR,DRY,N/A,TRAFFIC SIGNAL,NONE DETECTED,NONE DETECTED,3D8D0CD7-CD0A-4161-A117-9696B90C668A,PEDESTRIAN,Cross/Enter at Intersection,NO IMPROPER ACTIONS,ON ROADWAY AT CROSSWALK,OBEYED PED. SIGNAL,LIGHT CLOTHING,No,SUSPECTED MINOR INJURY,N/A,39.07889,-77.089882,"(39.07889, -77.089882)"
MCP30900068,220034656,Montgomery County Police,Injury Crash,08/12/2022 08:41:00 AM,,,,,"PARKING LOT OF 805 RUSSELL AVE GAITHERSBURG,MD",,PEDESTRIAN,SINGLE VEHICLE,CLEAR,,DAYLIGHT,NO CONTROLS,N/A,N/A,94DBD28E-D76C-4620-9DD2-CCF6E74F5FDB,PEDESTRIAN,Other,NO IMPROPER ACTIONS,OTHER,NO PED. SIGNAL,LIGHT CLOTHING,No,POSSIBLE INJURY,N/A,39.15685,-77.21019,"(39.15685, -77.21019)"
MCP3111005B,220017399,Montgomery County Police,Injury Crash,04/24/2022 01:00:00 PM,Maryland (State),OLD GEORGETOWN RD,County,MCKINLEY ST,,N/A,PEDESTRIAN,SINGLE VEHICLE,CLEAR,DRY,DAYLIGHT,TRAFFIC SIGNAL,UNKNOWN,NONE DETECTED,404C5CB6-119C-4022-9589-5C46EC5EFA6B,PEDESTRIAN,Cross/Enter at Intersection,NO IMPROPER ACTIONS,AT INTERSECTION MARKED CROSSWALK,OBEYED PED. SIGNAL,MIXED CLOTHING,No,POSSIBLE INJURY,NONE,38.99655795,-77.10891447,"(38.99655795, -77.10891447)"
MCP3024002G,220017750,Montgomery County Police,Injury Crash,04/27/2022 03:58:00 PM,County,WISTERIA DR,Unknown,CIRCLE GATE DR,,N/A,PEDESTRIAN,SINGLE VEHICLE,CLEAR,DRY,DAYLIGHT,NO CONTROLS,N/A,N/A,86E1A882-F253-4067-B374-E51D7BEB9CE3,PEDESTRIAN,Cross/Enter at Intersection,UNKNOWN,UNKNOWN,UNKNOWN,N/A,Unknown,SUSPECTED MINOR INJURY,N/A,39.17272678,-77.26414402,"(39.17272678, -77.26414402)"
MCP3311000R,220017939,Montgomery County Police,Injury Crash,04/27/2022 08:45:00 PM,County,NICHOLSON LA,County,HUFF CT,,N/A,PEDESTRIAN,OTHER,CLEAR,DRY,DARK LIGHTS ON,TRAFFIC SIGNAL,N/A,N/A,5EED2D05-283F-48A4-9384-461406B6E8E2,PEDESTRIAN,Cross/Enter not at Intersection,IN ROADWAY IMPROPERLY,ON ROADWAY NOT AT CROSSWALK,NO PED. SIGNAL,DARK CLOTHING,Yes,SUSPECTED SERIOUS INJURY,NONE,39.04491764,-77.10768173,"(39.04491764, -77.10768173)"
MCP22860049,220017425,Montgomery County Police,Injury Crash,04/22/2022 04:18:00 PM,Maryland (State),HUNGERFORD DR,Municipality,FREDERICK AVE #2,,ROCKVILLE,BICYCLIST,STRAIGHT MOVEMENT ANGLE,CLEAR,DRY,DAYLIGHT,TRAFFIC SIGNAL,NONE DETECTED,NONE DETECTED,D098FA50-E4A0-4B41-8801-50E0B4720F29,BICYCLIST,Cross/Enter at Intersection,FAILURE TO YIELD RIGHT OF WAY,ON ROADWAY AT CROSSWALK,DISOBEYED PED. SIGNAL,DARK CLOTHING,Yes,SUSPECTED SERIOUS INJURY,NONE,39.09421333,-77.15311833,"(39.09421333, -77.15311833)"
DM84900020,220035339,Takoma Park Police Depart,Property Damage Crash,08/16/2022 01:59:00 PM,Maryland (State),NEW HAMPSHIRE AVE,Municipality,DEVONSHIRE RD,,TAKOMA PARK,OTHER,OTHER,CLEAR,DRY,DAYLIGHT,N/A,N/A,N/A,551E9AEC-1701-4B5D-A4E6-E34B413A1C50,OTHER,N/A,OTHER,N/A,N/A,N/A,No,NO APPARENT INJURY,N/A,38.98068097,-76.99800334,"(38.98068097, -76.99800334)"
MCP2724002N,220016604,Montgomery County Police,Injury Crash,04/20/2022 08:40:00 AM,Maryland (State),NEW HAMPSHIRE AVE,Unknown,HILLENDALE FIRE DEPARTMENT,,N/A,PEDESTRIAN,OTHER,CLOUDY,N/A,DAYLIGHT,TRAFFIC SIGNAL,UNKNOWN,NONE DETECTED,F7C3DD70-8FC4-4753-BF85-3FE9223289D2,PEDESTRIAN,Walking to/from school,FAILURE TO OBEY TRAFFIC SIGNS SIGNALS OR OFFICER,MEDIAN,DISOBEYED PED. SIGNAL,DARK CLOTHING,Yes,SUSPECTED MINOR INJURY,NONE,39.02970992,-76.98335105,"(39.02970992, -76.98335105)"
MCP31140029,220016709,Montgomery County Police,Injury Crash,04/20/2022 05:20:00 AM,County,LITTLETON ST,County,DELANCY DR,,N/A,OTHER,SINGLE VEHICLE,N/A,DRY,DAWN,N/A,N/A,N/A,831A1E18-87CC-444B-A7FE-094C19439C8F,OTHER,N/A,NO IMPROPER ACTIONS,INSIDE BUILDING,N/A,N/A,No,NO APPARENT INJURY,N/A,39.06476333,-77.08504167,"(39.06476333, -77.08504167)"
DM8504000H,220017048,Takoma Park Police Depart,Injury Crash,04/22/2022 01:43:00 AM,Maryland (State),NEW HAMPSHIRE AVE,Municipality,HOLTON LA,,TAKOMA PARK,PEDESTRIAN,SINGLE VEHICLE,CLEAR,DRY,DARK LIGHTS ON,NO CONTROLS,UNKNOWN,N/A,8DDFCA43-5C53-4610-847A-C30F4EB17EB4,PEDESTRIAN,N/A,UNKNOWN,N/A,N/A,DARK CLOTHING,No,POSSIBLE INJURY,N/A,38.98380196,-76.98609604,"(38.98380196, -76.98609604)"
MCP2798004Z,220017138,Montgomery County Police,Injury Crash,04/22/2022 03:33:00 PM,County,WARING STATION RD,County,SUMMER OAK DR,,N/A,PEDESTRIAN,SINGLE VEHICLE,CLEAR,DRY,DAYLIGHT,NO CONTROLS,NONE DETECTED,NONE DETECTED,4F308121-92D9-401F-AF15-4DF2430E8683,PEDESTRIAN,Cross/Enter at Intersection,INATTENTIVE,ON ROADWAY AT CROSSWALK,NO PED. SIGNAL,MIXED CLOTHING,No,SUSPECTED MINOR INJURY,NONE,39.16580695,-77.24741821,"(39.16580695, -77.24741821)"
MCP3091003M,220021345,Montgomery County Police,Injury Crash,05/19/2022 01:44:00 PM,County,CRABBS BRANCH WAY,County,REDLAND RD,,N/A,OTHER,STRAIGHT MOVEMENT ANGLE,CLEAR,DRY,DAYLIGHT,TRAFFIC SIGNAL,N/A,N/A,EDFA2194-354D-4FFF-9D3D-B13FFD4621B6,OTHER,Cross/Enter at Intersection,FAILURE TO YIELD RIGHT OF WAY,ON ROADWAY AT CROSSWALK,DISOBEYED PED. SIGNAL,UNKNOWN,Yes,SUSPECTED MINOR INJURY,UNKNOWN,39.1232285,-77.15694217,"(39.1232285, -77.15694217)"
MCP3019004S,220019736,Montgomery County Police,Injury Crash,05/09/2022 06:40:00 PM,Maryland (State),WISCONSIN AVE,County,CHASE AVE,,N/A,PEDESTRIAN,SINGLE VEHICLE,CLEAR,DRY,DAYLIGHT,TRAFFIC SIGNAL,N/A,N/A,8F908C90-33F6-4379-BAE4-5602936A506C,PEDESTRIAN,Cross/Enter at Intersection,NO IMPROPER ACTIONS,AT INTERSECTION MARKED CROSSWALK,OBEYED PED. SIGNAL,MIXED CLOTHING,No,POSSIBLE INJURY,NONE,38.98870833,-77.09506667,"(38.98870833, -77.09506667)"
MCP3059007Y,220021726,Montgomery County Police,Injury Crash,05/21/2022 05:44:00 PM,County,SENECA FOREST CIR,County,SENECA FOREST CIR,,N/A,OTHER,SAME DIR REAR END,CLEAR,DRY,DAYLIGHT,NO CONTROLS,,NONE DETECTED,504541DA-8575-446D-839E-846040927047,OTHER,Other,NO IMPROPER ACTIONS,OTHER,N/A,N/A,No,SUSPECTED SERIOUS INJURY,N/A,39.20750333,-77.234685,"(39.20750333, -77.234685)"
MCP3006007D,220021952,Montgomery County Police,Property Damage Crash,05/23/2022 01:30:00 PM,Other Public Roadway,GEORGIAN WAY,Maryland (State),GEORGIA AVE,,N/A,BICYCLIST,STRAIGHT MOVEMENT ANGLE,CLEAR,DRY,DAYLIGHT,NO CONTROLS,NONE DETECTED,NONE DETECTED,678D9779-002C-4487-A0A3-AD02DE668CDF,BICYCLIST,Walking/Riding against Traffic,NO IMPROPER ACTIONS,SIDEWALK,N/A,MIXED CLOTHING,No,NO APPARENT INJURY,NONE,39.054195,-77.05031,"(39.054195, -77.05031)"
MCP2522001K,220020960,Montgomery County Police,Property Damage Crash,05/17/2022 09:48:00 AM,County,MACARTHUR BLVD,County,SANGAMORE RD,,N/A,BICYCLIST,HEAD ON LEFT TURN,CLEAR,DRY,DAYLIGHT,TRAFFIC SIGNAL,NONE DETECTED,NONE DETECTED,D7B66FCB-AE02-4CDD-9A7F-B88834A1BFF5,BICYCLIST,Cross/Enter at Intersection,NO IMPROPER ACTIONS,ON ROADWAY NOT AT CROSSWALK,N/A,DARK CLOTHING,No,NO APPARENT INJURY,MC/BIKE HELMET,38.9444045,-77.11671933,"(38.9444045, -77.11671933)"
MCP3126003B,220022002,Montgomery County Police,Injury Crash,05/23/2022 04:45:00 PM,County,CLARKSBURG RD,Unknown,OVERLOOK PARK DR,,N/A,BICYCLIST,OTHER,CLEAR,DRY,DAYLIGHT,NO CONTROLS,NONE DETECTED,NONE DETECTED,10A93DE5-89C6-43EF-ABE1-12B324B20581,BICYCLIST,Walking/Riding w/Traffic,IN ROADWAY IMPROPERLY,ON ROADWAY NOT AT CROSSWALK,NO PED. SIGNAL,N/A,Yes,POSSIBLE INJURY,NONE,39.245105,-77.277885,"(39.245105, -77.277885)"
DM8499000V,220010088,Takoma Park Police Depart,Injury Crash,03/09/2022 07:32:00 AM,County,RAY DR,Maryland (State),PINEY BRANCH RD,,N/A,PEDESTRIAN,OTHER,RAINING,WET,DAYLIGHT,SCHOOL ZONE SIGN DEVICE,N/A,N/A,70E3C7D3-41B5-4E52-8F8D-06CAE781EE53,PEDESTRIAN,Walking to/from school,UNKNOWN,ON ROADWAY AT CROSSWALK,UNKNOWN,UNKNOWN,No,POSSIBLE INJURY,UNKNOWN,38.98594162,-77.01355269,"(38.98594162, -77.01355269)"
MCP3059007Y,220021726,Montgomery County Police,Injury Crash,05/21/2022 05:44:00 PM,County,SENECA FOREST CIR,County,SENECA FOREST CIR,,N/A,OTHER,SAME DIR REAR END,CLEAR,DRY,DAYLIGHT,NO CONTROLS,,NONE DETECTED,7C11BD5E-EA55-4E90-841B-38A1EECFDD2C,OTHER,Getting off/on Vehicle,ENTERING EXITING PARKED STANDING VEHICLE,OTHER,N/A,N/A,Yes,NO APPARENT INJURY,N/A,39.20750333,-77.234685,"(39.20750333, -77.234685)"
MCP30900068,220034656,Montgomery County Police,Injury Crash,08/12/2022 08:41:00 AM,,,,,"PARKING LOT OF 805 RUSSELL AVE GAITHERSBURG,MD",,PEDESTRIAN,SINGLE VEHICLE,CLEAR,,DAYLIGHT,NO CONTROLS,N/A,N/A,9952165F-A321-4104-AAD6-6682B2B97A97,PEDESTRIAN,Other,NO IMPROPER ACTIONS,OTHER,N/A,N/A,No,NO APPARENT INJURY,N/A,39.15685,-77.21019,"(39.15685, -77.21019)"
MCP31650042,220034672,Montgomery County Police,Injury Crash,08/12/2022 10:30:00 AM,County,DUSTIN RD,County,DUSTIN CT,,N/A,PEDESTRIAN,SAME DIR REND RIGHT TURN,N/A,DRY,DAYLIGHT,NO CONTROLS,NONE DETECTED,NONE DETECTED,DB339FC9-1603-41B3-9596-B7E00B218369,PEDESTRIAN,N/A,OTHER,SHOULDER,N/A,LIGHT CLOTHING,No,POSSIBLE INJURY,N/A,39.12153,-76.9171608,"(39.12153, -76.9171608)"
MCP29870077,220035994,Montgomery County Police,Injury Crash,08/20/2022 04:30:00 PM,,,,,PARKING LOT OF 14000 CASTLE BLVD,,BICYCLIST,STRAIGHT MOVEMENT ANGLE,CLEAR,,DAYLIGHT,NO CONTROLS,UNKNOWN,NONE DETECTED,09B86FA9-EC3C-4C61-9DFB-2B38268F7B1D,BICYCLIST,Walking/Riding w/Traffic,NO IMPROPER ACTIONS,ON ROADWAY NOT AT CROSSWALK,NO PED. SIGNAL,MIXED CLOTHING,No,SUSPECTED MINOR INJURY,NONE,39.085457,-76.9404153,"(39.085457, -76.9404153)"
MCP3097002S,220034594,Montgomery County Police,Injury Crash,08/11/2022 07:42:00 PM,County,SCHUBERT DR,Unknown,PIANO LA,,N/A,PEDESTRIAN,HEAD ON LEFT TURN,N/A,N/A,DAYLIGHT,STOP SIGN,NONE DETECTED,NONE DETECTED,AD1F3E01-75A2-4AAF-B9F2-4B6006DF4579,PEDESTRIAN,Cross/Enter at Intersection,NO IMPROPER ACTIONS,ON ROADWAY AT CROSSWALK,NO PED. SIGNAL,MIXED CLOTHING,No,SUSPECTED MINOR INJURY,N/A,39.07104,-76.94924,"(39.07104, -76.94924)"
DD5644002X,220036641,Rockville Police Departme,Injury Crash,08/24/2022 06:19:00 PM,County,E GUDE DR,County,SOUTHLAWN LA,,N/A,BICYCLIST,OTHER,CLEAR,DRY,DUSK,TRAFFIC SIGNAL,NONE DETECTED,NONE DETECTED,3B0A41D7-0F9B-4669-905D-DA4A16915DD3,BICYCLIST,Cross/Enter at Intersection,NO IMPROPER ACTIONS,ON ROADWAY AT CROSSWALK,OBEYED PED. SIGNAL,MIXED CLOTHING,No,SUSPECTED MINOR INJURY,NONE,39.0979889,-77.1364997,"(39.0979889, -77.1364997)"
MCP2181004L,220019281,Montgomery County Police,Fatal Crash,05/06/2022 11:21:00 AM,County,ROCKLEDGE DR,County,DEMOCRACY BLVD,,N/A,PEDESTRIAN,OTHER,RAINING,WET,DAYLIGHT,N/A,N/A,NONE DETECTED,79303E71-FB09-4962-A39A-ED2AEDB552F8,PEDESTRIAN,Cross/Enter not at Intersection,DART DASH,ON ROADWAY NOT AT CROSSWALK,N/A,MIXED CLOTHING,Yes,FATAL INJURY,NONE,39.02436333,-77.13263667,"(39.02436333, -77.13263667)"
EJ785600BB,220028616,Gaithersburg Police Depar,Injury Crash,07/03/2022 09:44:00 PM,Maryland (State),FREDERICK RD,Municipality,ODENDHAL AVE,,GAITHERSBURG,PEDESTRIAN,OTHER,CLEAR,DRY,DARK LIGHTS ON,N/A,N/A,N/A,8A898BCC-5918-49F3-B6DE-B4AE066014C8,PEDESTRIAN,Standing,DISABLED VEHICLE RELATED,OTHER,N/A,MIXED CLOTHING,Yes,SUSPECTED SERIOUS INJURY,N/A,39.14758608,-77.20593278,"(39.14758608, -77.20593278)"
MCP31900041,220028253,Montgomery County Police,Injury Crash,07/01/2022 09:00:00 AM,Maryland (State),GEORGIA AVE,County,QUEEN MARY DR,,N/A,PEDESTRIAN,OTHER,CLEAR,DRY,DAYLIGHT,OTHER,NONE DETECTED,NONE DETECTED,E0ABF675-E78C-4500-BD87-776FF3E97D4D,PEDESTRIAN,Cross/Enter at Intersection,NO IMPROPER ACTIONS,ON ROADWAY AT CROSSWALK,NO PED. SIGNAL,MIXED CLOTHING,No,SUSPECTED MINOR INJURY,NONE,39.149255,-77.066515,"(39.149255, -77.066515)"
MCP3255003R,220028180,Montgomery County Police,Injury Crash,06/30/2022 05:30:00 PM,County,MONTGOMERY VILLAGE AVE,County,ARROWHEAD RD,,N/A,PEDESTRIAN,SINGLE VEHICLE,CLEAR,DRY,DAYLIGHT,NO CONTROLS,N/A,N/A,E84977D2-A2D3-4056-AE7D-B5EAEE514FE4,PEDESTRIAN,Cross/Enter not at Intersection,IN ROADWAY IMPROPERLY,MEDIAN,N/A,DARK CLOTHING,Yes,POSSIBLE INJURY,NONE,39.18790333,-77.19760167,"(39.18790333, -77.19760167)"
MCP3086006V,220026096,Montgomery County Police,Injury Crash,06/17/2022 12:40:00 PM,County,BRENISH DR,Maryland (State),WOODFIELD RD,,N/A,OTHER CONVEYANCE,SINGLE VEHICLE,CLEAR,DRY,DAYLIGHT,STOP SIGN,UNKNOWN,NONE DETECTED,86F7A410-C65C-46DD-88A2-DE2EC294FEA6,OTHER CONVEYANCE,Cross/Enter at Intersection,NO IMPROPER ACTIONS,ON ROADWAY AT CROSSWALK,NO PED. SIGNAL,LIGHT CLOTHING,No,POSSIBLE INJURY,NONE,39.17550333,-77.15181667,"(39.17550333, -77.15181667)"
MCP3129004L,220028006,Montgomery County Police,Property Damage Crash,06/30/2022 06:12:00 PM,,,,,PARKING LOT OF 623 BRANDON GREEN DR,,OTHER,SINGLE VEHICLE,CLEAR,,DAYLIGHT,N/A,NONE DETECTED,N/A,EEA4E39C-50E4-4B16-A862-3CF892C1C48F,OTHER,Other,N/A,OTHER,N/A,N/A,No,NO APPARENT INJURY,N/A,39.14592833,-77.06694667,"(39.14592833, -77.06694667)"
MCP32800029,220028685,Montgomery County Police,Injury Crash,07/04/2022 02:12:00 PM,Maryland (State),SANDY SPRING RD,County,DINO DR,,N/A,"BICYCLIST, OTHER",ANGLE MEETS RIGHT TURN,CLEAR,DRY,DAYLIGHT,TRAFFIC SIGNAL,NONE DETECTED,NONE DETECTED,FA1E617F-5474-42B6-8EB7-961D6F8C58EF,BICYCLIST,Cross/Enter at Intersection,FAILURE TO YIELD RIGHT OF WAY,OUTSIDE RIGHT OF WAY,OTHER,MIXED CLOTHING,Yes,SUSPECTED SERIOUS INJURY,NONE,39.10874,-76.92343667,"(39.10874, -76.92343667)"