Report Number,Local Case Number,Agency Name,ACRS Report Type,Crash Date/Time,Route Type,Road Name,Cross-Street Type,Cross-Street Name,Off-Road Description,Municipality,Related Non-Motorist,Collision Type,Weather,Surface Condition,Light,Traffic Control,Driver Substance Abuse,Non-Motorist Substance Abuse,Person ID,Pedestrian Type,Pedestrian Movement,Pedestrian Actions,Pedestrian Location,Pedestrian Obeyed Traffic Signal,Pedestrian Visibility,At Fault,Injury Severity,Safety Equipment,Latitude,Longitude,Location
MCP32390028,220027483,Montgomery County Police,Injury Crash,06/26/2022 09:35:00 AM,County,LOCKWOOD DR,Unknown,HEATHER HOLLOW CIR,,N/A,PEDESTRIAN,SINGLE VEHICLE,CLEAR,DRY,DAYLIGHT,NO CONTROLS,NONE DETECTED,NONE DETECTED,AB23A77E-0FC1-4CD7-A24D-B008C2B32A97,PEDESTRIAN,Cross/Enter not at Intersection,INATTENTIVE,ON ROADWAY NOT AT CROSSWALK,NO PED. SIGNAL,UNKNOWN,No,POSSIBLE INJURY,NONE,39.04116277,-76.98640652,"(39.04116277, -76.98640652)"
MCP2298010D,220028163,Montgomery County Police,Injury Crash,06/30/2022 04:06:00 PM,County,BASSWOOD HILL DR,County,CHESTNUT GLEN RD,,N/A,OTHER PEDALCYCLIST,SINGLE VEHICLE,CLEAR,DRY,DAYLIGHT,NO CONTROLS,NONE DETECTED,NONE DETECTED,A400E03F-5381-4279-AF49-7B03538A1159,OTHER PEDALCYCLIST,Playing,N/A,OTHER,N/A,LIGHT CLOTHING,No,POSSIBLE INJURY,MC/BIKE HELMET,39.24493833,-77.18666,"(39.24493833, -77.18666)"
EJ78930016,220028119,Gaithersburg Police Depar,Injury Crash,06/30/2022 12:33:00 PM,,,,,PARKING LOT OF 880 RUSSELL AVENUE,,PEDESTRIAN,OTHER,CLEAR,,DAYLIGHT,NO CONTROLS,NONE DETECTED,NONE DETECTED,8E077D76-5F2F-46F9-ADDB-3AC9E65BC196,PEDESTRIAN,Standing,NO IMPROPER ACTIONS,OTHER,N/A,MIXED CLOTHING,No,POSSIBLE INJURY,N/A,39.15587113,-77.21361772,"(39.15587113, -77.21361772)"
MCP32800029,220028685,Montgomery County Police,Injury Crash,07/04/2022 02:12:00 PM,Maryland (State),SANDY SPRING RD,County,DINO DR,,N/A,"BICYCLIST, OTHER",ANGLE MEETS RIGHT TURN,CLEAR,DRY,DAYLIGHT,TRAFFIC SIGNAL,NONE DETECTED,N/A,136559C1-479F-4C07-9B4F-B3F13512E6F1,OTHER,N/A,N/A,N/A,N/A,N/A,No,NO APPARENT INJURY,N/A,39.10874,-76.92343667,"(39.10874, -76.92343667)"
MCP24200048,220028240,Montgomery County Police,Injury Crash,07/01/2022 06:55:00 AM,County,RANDOLPH RD,Other Public Roadway,GLENMONT CIR #1,,N/A,BICYCLIST,OTHER,CLEAR,DRY,DAYLIGHT,TRAFFIC SIGNAL,NONE DETECTED,NONE DETECTED,F346B0C8-89B3-43D4-8D4B-554809E8E335,BICYCLIST,Cross/Enter not at Intersection,N/A,ON ROADWAY NOT AT CROSSWALK,DISOBEYED PED. SIGNAL,OTHER,Yes,SUSPECTED SERIOUS INJURY,NONE,39.05796167,-77.048425,"(39.05796167, -77.048425)"
MCP2877009S,220022976,Montgomery County Police,Property Damage Crash,05/29/2022 11:00:00 AM,County,GLEN RD,County,S GLEN RD,,N/A,BICYCLIST,SAME DIR REAR END,CLEAR,DRY,DAYLIGHT,STOP SIGN,NONE DETECTED,NONE DETECTED,39420612-269C-4543-81CD-D3D4E8997F73,BICYCLIST,Walking/Riding w/Traffic,OTHER,ON ROADWAY NOT AT CROSSWALK,OTHER,LIGHT CLOTHING,Yes,NO APPARENT INJURY,MC/BIKE HELMET,39.04605037,-77.21778643,"(39.04605037, -77.21778643)"
MCP3176001R,220023174,Montgomery County Police,Injury Crash,05/30/2022 11:15:00 PM,US (State),COLUMBIA PIKE,County,HILLWOOD DR,,N/A,PEDESTRIAN,OTHER,CLEAR,DRY,DARK LIGHTS ON,NO CONTROLS,NONE DETECTED,ALCOHOL PRESENT,8F8C212E-F4B9-4B95-A920-A445C623E3A0,PEDESTRIAN,Cross/Enter at Intersection,DART DASH,ON ROADWAY NOT AT CROSSWALK,NO PED. SIGNAL,MIXED CLOTHING,Yes,SUSPECTED SERIOUS INJURY,NONE,39.032518,-77.003423,"(39.032518, -77.003423)"
MCP2846007Z,220021835,Montgomery County Police,Injury Crash,05/22/2022 03:15:00 PM,Maryland (State),GEORGIA AVE,County,BLUERIDGE AVE,,N/A,PEDESTRIAN,HEAD ON LEFT TURN,CLEAR,DRY,DAYLIGHT,PERSON,NONE DETECTED,NONE DETECTED,C59007E7-C2ED-4EE1-BED0-A0BD62A7BA59,PEDESTRIAN,Cross/Enter at Intersection,NO IMPROPER ACTIONS,ON ROADWAY AT CROSSWALK,OBEYED PED. SIGNAL,LIGHT CLOTHING,No,POSSIBLE INJURY,N/A,39.04295333,-77.05214333,"(39.04295333, -77.05214333)"
MCP913000CK,220023618,Montgomery County Police,Injury Crash,06/02/2022 02:01:00 PM,County,E WAYNE AVE,Other Public Roadway,MANCHESTER PL,,N/A,OTHER,SINGLE VEHICLE,CLOUDY,DRY,DAYLIGHT,NO CONTROLS,NONE DETECTED,NONE DETECTED,9C7EEDCD-9B77-48FC-8ECE-E1A584F0C643,OTHER,Other Working,IMPROPER TURN MERGE,OUTSIDE RIGHT OF WAY,OTHER,REFLECTIVE MATERIAL,Yes,POSSIBLE INJURY,NONE,39.00066833,-77.008745,"(39.00066833, -77.008745)"
EJ7895001T,220022848,Gaithersburg Police Depar,Injury Crash,05/28/2022 01:35:00 PM,,,,,PARKING LOT IN FRONT OF 576 N FREDERICK AVENUE: YU ZHOU CAFE,,PEDESTRIAN,OTHER,CLEAR,,DAYLIGHT,N/A,,NONE DETECTED,B9997750-FC4F-44AB-B460-2AAFC0885B55,PEDESTRIAN,Standing,ENTERING EXITING PARKED STANDING VEHICLE,OTHER,N/A,N/A,Yes,SUSPECTED MINOR INJURY,N/A,39.14814797,-77.21084375,"(39.14814797, -77.21084375)"
EJ7888002C,220023231,Gaithersburg Police Depar,Injury Crash,05/31/2022 08:00:00 AM,County,MONTGOMERY VILLAGE AVE,County,CENTERWAY RD,,N/A,BICYCLIST,SAME DIRECTION SIDESWIPE,CLEAR,DRY,DAYLIGHT,UNKNOWN,UNKNOWN,NONE DETECTED,0BA6B6AB-4E2F-46A2-8755-0B9A55C1A24A,BICYCLIST,Walking/Riding w/Traffic,NO IMPROPER ACTIONS,ON ROADWAY NOT AT CROSSWALK,N/A,DARK CLOTHING,No,SUSPECTED SERIOUS INJURY,MC/BIKE HELMET,39.17209209,-77.2035929,"(39.17209209, -77.2035929)"
DD561500CL,220023561,Rockville Police Departme,Injury Crash,06/02/2022 09:00:00 AM,,,,,"PARKING LOT OF 250 RICHARD MONTGOMERY DR ROCKVILLE, MARYLAND",,PEDESTRIAN,SINGLE VEHICLE,CLEAR,,DAYLIGHT,NO CONTROLS,NONE DETECTED,NONE DETECTED,EE03D31E-0D42-4803-947A-C10BA609BC3E,PEDESTRIAN,Walking to/from school,DART DASH,OTHER,N/A,DARK CLOTHING,No,NO APPARENT INJURY,NONE,39.07936509,-77.14508319,"(39.07936509, -77.14508319)"
MCP2846007Z,220021835,Montgomery County Police,Injury Crash,05/22/2022 03:15:00 PM,Maryland (State),GEORGIA AVE,County,BLUERIDGE AVE,,N/A,PEDESTRIAN,HEAD ON LEFT TURN,CLEAR,DRY,DAYLIGHT,PERSON,NONE DETECTED,NONE DETECTED,5774AC8B-CA66-4240-9325-D4065FF845E1,PEDESTRIAN,Cross/Enter at Intersection,NO IMPROPER ACTIONS,ON ROADWAY AT CROSSWALK,OBEYED PED. SIGNAL,LIGHT CLOTHING,No,POSSIBLE INJURY,N/A,39.04295333,-77.05214333,"(39.04295333, -77.05214333)"
MCP2934004M,220022524,Montgomery County Police,Injury Crash,05/26/2022 03:03:00 PM,County,TILDEN LA,Unknown,ENT SCHOOL,,N/A,BICYCLIST,OTHER,CLOUDY,DRY,DAYLIGHT,NO CONTROLS,NONE DETECTED,NONE DETECTED,A6E19EC5-8F8D-4547-A883-B0C14E9966BF,BICYCLIST,Cross/Enter at Intersection,NO IMPROPER ACTIONS,ON ROADWAY AT CROSSWALK,NO PED. SIGNAL,DARK CLOTHING,No,POSSIBLE INJURY,MC/BIKE HELMET,39.04364167,-77.13082667,"(39.04364167, -77.13082667)"
MCP2683005V,220022703,Montgomery County Police,Property Damage Crash,05/27/2022 04:23:00 PM,County,LOST KNIFE RD,County,CONTOUR RD,,N/A,BICYCLIST,OTHER,CLOUDY,WET,DAYLIGHT,STOP SIGN,NONE DETECTED,N/A,D1311E5B-FCE1-40A8-AE36-73287AC992A1,BICYCLIST,Cross/Enter at Intersection,NO IMPROPER ACTIONS,AT INTERSECTION BUT NO CROSSWALK,NO PED. SIGNAL,DARK CLOTHING,No,NO APPARENT INJURY,NONE,39.1549356,-77.2010206,"(39.1549356, -77.2010206)"
MCP31390036,220023142,Montgomery County Police,Injury Crash,05/30/2022 07:19:00 PM,,,,,3660 CHILDRESS TERRACE,,OTHER,OTHER,CLEAR,,DAYLIGHT,NO CONTROLS,NONE DETECTED,N/A,A39584E4-94ED-4A03-B462-FF7ACB2CF16F,OTHER,N/A,NO IMPROPER ACTIONS,INSIDE BUILDING,N/A,N/A,No,NO APPARENT INJURY,N/A,39.091989,-76.93580717,"(39.091989, -76.93580717)"
DD561500CL,220023561,Rockville Police Departme,Injury Crash,06/02/2022 09:00:00 AM,,,,,"PARKING LOT OF 250 RICHARD MONTGOMERY DR ROCKVILLE, MARYLAND",,PEDESTRIAN,SINGLE VEHICLE,CLEAR,,DAYLIGHT,NO CONTROLS,NONE DETECTED,NONE DETECTED,DE2EADF2-BF90-4131-931B-1536125F0A9C,PEDESTRIAN,Walking to/from school,DART DASH,OTHER,N/A,LIGHT CLOTHING,No,POSSIBLE INJURY,NONE,39.07936509,-77.14508319,"(39.07936509, -77.14508319)"
MCP3039005Y,220019946,Montgomery County Police,Injury Crash,05/10/2022 10:00:00 PM,US (State),GEORGIA AVE,County,THAYER AVE,,N/A,PEDESTRIAN,STRAIGHT MOVEMENT ANGLE,CLEAR,DRY,DARK LIGHTS ON,TRAFFIC SIGNAL,NONE DETECTED,N/A,A18D68AF-E35A-4573-8603-43749067B9C2,PEDESTRIAN,Cross/Enter at Intersection,NO IMPROPER ACTIONS,AT INTERSECTION MARKED CROSSWALK,OBEYED PED. SIGNAL,REFLECTIVE MATERIAL,No,SUSPECTED MINOR INJURY,REFLECTIVE CLOTHING,38.99291668,-77.02660492,"(38.99291668, -77.02660492)"
MCP3010006Q,220022836,Montgomery County Police,Injury Crash,05/28/2022 01:00:00 PM,County,GROSVENOR LA,County,HATHERLEIGH DR,,N/A,PEDESTRIAN,OTHER,N/A,DRY,DAYLIGHT,STOP SIGN,N/A,N/A,CBF2A074-1ED0-4FEB-8679-3DE19F8DAC45,PEDESTRIAN,Cross/Enter at Intersection,OTHER,AT INTERSECTION BUT NO CROSSWALK,NO PED. SIGNAL,OTHER,No,SUSPECTED MINOR INJURY,NONE,39.02256018,-77.11860972,"(39.02256018, -77.11860972)"
MCP2846007Z,220021835,Montgomery County Police,Injury Crash,05/22/2022 03:15:00 PM,Maryland (State),GEORGIA AVE,County,BLUERIDGE AVE,,N/A,PEDESTRIAN,HEAD ON LEFT TURN,CLEAR,DRY,DAYLIGHT,PERSON,NONE DETECTED,NONE DETECTED,FD5A2B0A-B979-462B-9CE5-65E66341CC64,PEDESTRIAN,Cross/Enter at Intersection,NO IMPROPER ACTIONS,ON ROADWAY AT CROSSWALK,OBEYED PED. SIGNAL,LIGHT CLOTHING,No,POSSIBLE INJURY,N/A,39.04295333,-77.05214333,"(39.04295333, -77.05214333)"
MCP2917009F,220021066,Montgomery County Police,Injury Crash,05/17/2022 08:11:00 PM,County,PARKLAND DR,County,ASPEN HILL RD,,N/A,BICYCLIST,SAME DIRECTION SIDESWIPE,CLEAR,DRY,DUSK,TRAFFIC SIGNAL,N/A,NONE DETECTED,6ECEC3ED-EC73-4793-9CFB-EE4483096DAF,BICYCLIST,Walking/Riding w/Traffic,NO IMPROPER ACTIONS,SHOULDER,UNKNOWN,HEAD LIGHT AND REFLECTORS,No,SUSPECTED MINOR INJURY,MC/BIKE HELMET,39.0790152,-77.08716104,"(39.0790152, -77.08716104)"
MCP31390036,220023142,Montgomery County Police,Injury Crash,05/30/2022 07:19:00 PM,,,,,3660 CHILDRESS TERRACE,,OTHER,OTHER,CLEAR,,DAYLIGHT,NO CONTROLS,NONE DETECTED,N/A,2864C7ED-D495-4A2C-BCA9-95202CD521DA,OTHER,N/A,NO IMPROPER ACTIONS,INSIDE BUILDING,N/A,N/A,No,NO APPARENT INJURY,N/A,39.091989,-76.93580717,"(39.091989, -76.93580717)"
MCP2799006Q,220021731,Montgomery County Police,Property Damage Crash,05/21/2022 06:30:00 PM,,,,,13468 NEW HAMPSHIRE AVE,,PEDESTRIAN,OTHER,CLEAR,,DAYLIGHT,NO CONTROLS,NONE DETECTED,NONE DETECTED,8225222C-4834-4C27-9E01-39D8F543758D,PEDESTRIAN,Walking/Riding w/Traffic,FAILURE TO YIELD RIGHT OF WAY,ON ROADWAY NOT AT CROSSWALK,NO PED. SIGNAL,MIXED CLOTHING,Yes,NO APPARENT INJURY,NONE,39.077005,-77.00293,"(39.077005, -77.00293)"
DD55780004,220029330,Rockville Police Departme,Injury Crash,07/08/2022 03:19:00 PM,Maryland (State),HUNGERFORD DR,Municipality,E MIDDLE LA,,ROCKVILLE,PEDESTRIAN,OTHER,CLEAR,DRY,DAYLIGHT,TRAFFIC SIGNAL,UNKNOWN,NONE DETECTED,71A04C71-6736-4AF7-92C9-E8A68ACF1C3F,PEDESTRIAN,Cross/Enter at Intersection,NO IMPROPER ACTIONS,ON ROADWAY AT CROSSWALK,OBEYED PED. SIGNAL,MIXED CLOTHING,No,POSSIBLE INJURY,NONE,39.0891809,-77.1516253,"(39.0891809, -77.1516253)"
MCP3085003B,20029820,Montgomery County Police,Injury Crash,07/11/2022 06:27:00 PM,County,NICHOLSON LA,County,NICHOLSON CT,,N/A,PEDESTRIAN,OTHER,CLEAR,DRY,DAYLIGHT,TRAFFIC SIGNAL,NONE DETECTED,NONE DETECTED,C9F13FD4-93FB-4124-96A8-8CDDD2159B8B,PEDESTRIAN,Cross/Enter at Intersection,NO IMPROPER ACTIONS,ON ROADWAY AT CROSSWALK,OBEYED PED. SIGNAL,MIXED CLOTHING,No,SUSPECTED MINOR INJURY,NONE,39.04544833,-77.10511833,"(39.04544833, -77.10511833)"
MCP3174003C,220030103,Montgomery County Police,Injury Crash,07/13/2022 03:07:00 PM,County,EAST VILLAGE AVE,County,PLUM CREEK DR,,N/A,PEDESTRIAN,SINGLE VEHICLE,CLEAR,DRY,DAYLIGHT,NO CONTROLS,NONE DETECTED,NONE DETECTED,1C67924E-A164-45E9-B952-1DF78A63723A,PEDESTRIAN,Walking/Cycling on Sidewalk,NO IMPROPER ACTIONS,SIDEWALK,N/A,N/A,No,SUSPECTED SERIOUS INJURY,N/A,39.18807,-77.16496,"(39.18807, -77.16496)"
MCP3199003Y,220028752,Montgomery County Police,Injury Crash,07/05/2022 07:23:00 AM,Maryland (State),GEORGIA AVE,County,HEWITT AVE,,N/A,PEDESTRIAN,STRAIGHT MOVEMENT ANGLE,N/A,DRY,DAYLIGHT,TRAFFIC SIGNAL,NONE DETECTED,NONE DETECTED,EE98A67C-A490-4549-88D0-8B7FE7C4D2EE,PEDESTRIAN,Cross/Enter at Intersection,NO IMPROPER ACTIONS,ON ROADWAY AT CROSSWALK,OBEYED PED. SIGNAL,MIXED CLOTHING,No,SUSPECTED MINOR INJURY,NONE,39.07748667,-77.07118333,"(39.07748667, -77.07118333)"
MCP3134003J,220029813,Montgomery County Police,Injury Crash,07/11/2022 05:45:00 PM,,,,,SELF STORAGE PARKING LOT 15221 DINO DRIVE BUTONSVILLE MD,,PEDESTRIAN,OTHER,CLEAR,,DAYLIGHT,NO CONTROLS,N/A,N/A,8371B380-B6D7-4016-912F-F7BCAEDE89E3,PEDESTRIAN,Other Working,N/A,OTHER,N/A,MIXED CLOTHING,No,POSSIBLE INJURY,NONE,39.109655,-76.92519517,"(39.109655, -76.92519517)"
MCP30480089,220029908,Montgomery County Police,Injury Crash,07/12/2022 11:45:00 AM,Maryland (State),CONNECTICUT AVE,County,DUNLOP ST,,N/A,BICYCLIST,STRAIGHT MOVEMENT ANGLE,CLEAR,DRY,DAYLIGHT,STOP SIGN,N/A,N/A,88A2C1EB-ACA3-4116-9801-99F92B251507,BICYCLIST,Cross/Enter at Intersection,NO IMPROPER ACTIONS,SIDEWALK,NO PED. SIGNAL,REFLECTIVE MATERIAL,No,SUSPECTED MINOR INJURY,MC/BIKE HELMET,38.991765,-77.07699833,"(38.991765, -77.07699833)"
MCP32440021,220029316,Montgomery County Police,Injury Crash,07/08/2022 07:00:00 AM,County,BONIFANT ST,US (State),GEORGIA AVE,,N/A,PEDESTRIAN,SINGLE VEHICLE,CLEAR,DRY,DAYLIGHT,NO CONTROLS,UNKNOWN,NONE DETECTED,1C405AF2-B12D-404E-8015-56A461344CDC,PEDESTRIAN,Walking/Riding w/Traffic,INATTENTIVE,ON ROADWAY NOT AT CROSSWALK,N/A,DARK CLOTHING,Yes,SUSPECTED MINOR INJURY,NONE,38.9910875,-77.02782433,"(38.9910875, -77.02782433)"
MCP2689008N,220028763,Montgomery County Police,Injury Crash,07/05/2022 09:02:00 AM,County,PINEY MEETINGHOUSE RD,County,DEERBROOK DR,,N/A,BICYCLIST,SAME DIRECTION SIDESWIPE,CLOUDY,DRY,DAYLIGHT,NO CONTROLS,NONE DETECTED,NONE DETECTED,E0718BFC-ECD3-433F-B090-83E469C1DE91,BICYCLIST,Walking/Riding w/Traffic,NO IMPROPER ACTIONS,ON ROADWAY NOT AT CROSSWALK,N/A,MIXED CLOTHING,No,SUSPECTED SERIOUS INJURY,MC/BIKE HELMET,39.07564833,-77.22235333,"(39.07564833, -77.22235333)"
EJ78580072,220028667,Gaithersburg Police Depar,Injury Crash,07/05/2022 11:35:00 AM,,,,,SIDEWALK ON MUDDY BRANCH RD @ TIMBERBROOK DR,,BICYCLIST,N/A,CLEAR,,DAYLIGHT,NO CONTROLS,,NONE DETECTED,920AFD2C-D12B-4A26-8FC0-58C845C0F35F,BICYCLIST,Walking/Riding w/Traffic,INATTENTIVE,SIDEWALK,N/A,LIGHT CLOTHING,Yes,SUSPECTED MINOR INJURY,NONE,39.14109613,-77.21031637,"(39.14109613, -77.21031637)"
DM8403000R,220029453,Takoma Park Police Depart,Injury Crash,07/09/2022 10:07:00 AM,Maryland (State),NEW HAMPSHIRE AVE,Municipality,LARCH AVE,,TAKOMA PARK,PEDESTRIAN,SINGLE VEHICLE,CLEAR,DRY,DAYLIGHT,NO CONTROLS,NONE DETECTED,UNKNOWN,B044C418-B2BD-47D9-96A2-B4651AEFCDBB,PEDESTRIAN,Cross/Enter not at Intersection,IN ROADWAY IMPROPERLY,OTHER,NO PED. SIGNAL,DARK CLOTHING,Yes,SUSPECTED SERIOUS INJURY,N/A,38.99192361,-76.99186574,"(38.99192361, -76.99186574)"
MCP2351004L,220029712,Montgomery County Police,Injury Crash,07/11/2022 06:42:00 AM,County,CHAPMAN AVE,County,BOU AVE,,N/A,OTHER,OTHER,CLEAR,DRY,DAYLIGHT,TRAFFIC SIGNAL,UNKNOWN,NONE DETECTED,1298E7AA-B6B2-416A-B451-7583CC8AEBBC,OTHER,Cross/Enter at Intersection,UNKNOWN,AT INTERSECTION MARKED CROSSWALK,UNKNOWN,OTHER,Unknown,SUSPECTED MINOR INJURY,MC/BIKE HELMET,39.0599561,-77.1200266,"(39.0599561, -77.1200266)"
MCP32000061,220029471,Montgomery County Police,Injury Crash,07/09/2022 12:24:00 PM,County,MONTROSE RD,Municipality,EVELYN DR,,ROCKVILLE,PEDESTRIAN,OTHER,RAINING,WET,DAYLIGHT,STOP SIGN,NONE DETECTED,NONE DETECTED,443D3B8C-0747-47D7-984F-FEE4FCD26BDD,PEDESTRIAN,Cross/Enter at Intersection,NO IMPROPER ACTIONS,ON ROADWAY NOT AT CROSSWALK,NO PED. SIGNAL,MIXED CLOTHING,No,SUSPECTED MINOR INJURY,NONE,39.05342,-77.13329233,"(39.05342, -77.13329233)"
MCP3283001J,220024093,Montgomery County Police,Injury Crash,06/05/2022 03:24:00 PM,County,TUCKERMAN LA,County,LONG PINE TRAIL,,N/A,BICYCLIST,SINGLE VEHICLE,CLEAR,DRY,DAYLIGHT,NO CONTROLS,NONE DETECTED,NONE DETECTED,A4D83662-5BF9-4840-9C90-32248044173C,BICYCLIST,Unknown,UNKNOWN,UNKNOWN,NO PED. SIGNAL,MIXED CLOTHING,Yes,SUSPECTED SERIOUS INJURY,UNKNOWN,39.0417576,-77.17706036,"(39.0417576, -77.17706036)"
MCP14330042,220025437,Montgomery County Police,Injury Crash,06/13/2022 04:10:00 PM,Maryland (State),ROCKVILLE PIKE,Unknown,ENT TO WINTERGREEN PLAZA,,N/A,OTHER CONVEYANCE,OTHER,CLEAR,DRY,DAYLIGHT,NO CONTROLS,UNKNOWN,NONE DETECTED,735441ED-39C8-404E-99FF-811DBD61A27C,OTHER CONVEYANCE,Walking/Riding against Traffic,WRONG WAY RIDING OR WALKING,ON ROADWAY AT CROSSWALK,NO PED. SIGNAL,LIGHT CLOTHING,Yes,POSSIBLE INJURY,MC/BIKE HELMET,39.0753,-77.13718167,"(39.0753, -77.13718167)"
MCP1465005S,220025349,Montgomery County Police,Injury Crash,06/13/2022 11:01:00 AM,County,NORWOOD RD,Other Public Roadway,ATTLEBORO RD,,N/A,PEDESTRIAN,SINGLE VEHICLE,CLEAR,DRY,DAYLIGHT,OTHER,NONE DETECTED,NONE DETECTED,65CFE011-284E-41AB-9F6A-162EBD498663,PEDESTRIAN,Other Working,NO IMPROPER ACTIONS,OTHER,N/A,DARK CLOTHING,No,SUSPECTED MINOR INJURY,N/A,39.11543667,-77.01710667,"(39.11543667, -77.01710667)"
MCP2330003M,220023658,Montgomery County Police,Injury Crash,06/03/2022 04:38:00 PM,,,,,COSTCO TIRE CENTER @ 11160 VEIRS MILL RD,,PEDESTRIAN,OTHER,RAINING,,DAYLIGHT,NO CONTROLS,NONE DETECTED,NONE DETECTED,21B61811-5B30-4F81-BC8A-B168546A56F4,PEDESTRIAN,Other,N/A,OTHER,N/A,LIGHT CLOTHING,No,SUSPECTED MINOR INJURY,NONE,39.034865,-77.05549293,"(39.034865, -77.05549293)"
MCP32760025,220029082,Montgomery County Police,Injury Crash,07/11/2022 08:40:00 PM,,,,,8560 SECOND AVE SILVER SPRING MD PARKING GARAGE,,PEDESTRIAN,OTHER,CLEAR,,OTHER,NO CONTROLS,UNKNOWN,NONE DETECTED,2ED6652A-F4BD-4962-A2BA-B40C16C687FD,PEDESTRIAN,Other,NO IMPROPER ACTIONS,OTHER,OTHER,MIXED CLOTHING,No,SUSPECTED MINOR INJURY,NONE,38.99609,-77.03275,"(38.99609, -77.03275)"
MCP2683005X,220023650,Montgomery County Police,Injury Crash,06/02/2022 04:07:00 PM,,,,,"PARKING LOT OF 18200 BLK OF LOST KNIFE CIRCLE, GAITHERSBURG, MD 20886",,PEDESTRIAN,OTHER,RAINING,,DAYLIGHT,NO CONTROLS,UNKNOWN,NONE DETECTED,E70C77E2-8571-4CFF-B34A-EACA3E271947,PEDESTRIAN,Other,NO IMPROPER ACTIONS,OTHER,N/A,LIGHT CLOTHING,No,SUSPECTED MINOR INJURY,NONE,39.15674245,-77.20225061,"(39.15674245, -77.20225061)"
MCP3124005N,220022996,Montgomery County Police,Injury Crash,05/29/2022 03:34:00 PM,,,,,"12015 GEORGIA AVE. SILVER SPRING, MD 20902",,PEDESTRIAN,OTHER,CLOUDY,,DAYLIGHT,N/A,NONE DETECTED,NONE DETECTED,84B6C073-42CA-4C5F-8380-19A4F7950E67,PEDESTRIAN,Other,N/A,OTHER,N/A,N/A,Unknown,SUSPECTED MINOR INJURY,N/A,39.05267,-77.05011667,"(39.05267, -77.05011667)"
MCP24200047,220022518,Montgomery County Police,Property Damage Crash,06/01/2022 02:15:00 PM,,,,,PARKING LOT OF 12389 GEORGIA AVE,,PEDESTRIAN,OTHER,CLEAR,,DAYLIGHT,NO CONTROLS,N/A,NONE DETECTED,E2FE718F-2E2D-4790-8010-D79A7B6EA85B,PEDESTRIAN,Other,NO IMPROPER ACTIONS,OTHER,N/A,UNKNOWN,No,NO APPARENT INJURY,N/A,39.14941667,-77.06661833,"(39.14941667, -77.06661833)"
MCP27100045,220024661,Montgomery County Police,Injury Crash,06/08/2022 07:50:00 PM,County,LONGDRAFT RD,Municipality,PHEASANT RUN DR,,GAITHERSBURG,MACHINE OPERATOR/RIDER,STRAIGHT MOVEMENT ANGLE,RAINING,WET,DAYLIGHT,N/A,NONE DETECTED,NONE DETECTED,370591B1-A208-4699-B1B7-2A54755452D5,MACHINE OPERATOR/RIDER,Cross/Enter at Intersection,INATTENTIVE,ON ROADWAY NOT AT CROSSWALK,NO PED. SIGNAL,N/A,Yes,POSSIBLE INJURY,NONE,39.14463696,-77.23817045,"(39.14463696, -77.23817045)"
MCP2723006D,220023464,Montgomery County Police,Injury Crash,06/01/2022 04:10:00 PM,County,DRAKE DR,County,RUSSETT RD,,N/A,BICYCLIST,SINGLE VEHICLE,CLEAR,DRY,DAYLIGHT,NO CONTROLS,N/A,N/A,513F5D3E-BC46-44B2-8835-C1D8BAC9D69B,BICYCLIST,Cross/Enter at Intersection,NO IMPROPER ACTIONS,SIDEWALK,N/A,N/A,No,SUSPECTED MINOR INJURY,UNKNOWN,39.08466833,-77.10403,"(39.08466833, -77.10403)"
MCP3249003Q,220024244,Montgomery County Police,Injury Crash,06/06/2022 04:00:00 PM,Ramp,RAMP 4 FR US 29 NB TO MD 198 EB,Maryland (State),SANDY SPRING RD,,N/A,PEDESTRIAN,OTHER,CLEAR,DRY,DAYLIGHT,TRAFFIC SIGNAL,NONE DETECTED,NONE DETECTED,875A33BA-5D11-4526-93D9-90C54951F0D9,PEDESTRIAN,Cross/Enter at Intersection,NO IMPROPER ACTIONS,ON ROADWAY AT CROSSWALK,OBEYED PED. SIGNAL,MIXED CLOTHING,No,NO APPARENT INJURY,NONE,39.11157667,-76.92853833,"(39.11157667, -76.92853833)"
MCP2780005S,220024465,Montgomery County Police,Injury Crash,06/07/2022 05:10:00 PM,Maryland (State),FREDERICK RD,County,WHEATFIELD DR,,N/A,PEDESTRIAN,SAME DIR REAR END,RAINING,WET,DAYLIGHT,NO CONTROLS,N/A,N/A,51936AEE-1F19-4F9C-8746-7FCC80377864,PEDESTRIAN,Cross/Enter not at Intersection,IN ROADWAY IMPROPERLY,AT INTERSECTION BUT NO CROSSWALK,N/A,DARK CLOTHING,No,POSSIBLE INJURY,N/A,39.16776167,-77.23021833,"(39.16776167, -77.23021833)"
MCP15500039,220024539,Montgomery County Police,Injury Crash,06/08/2022 09:18:00 AM,County,WOODGLEN DR,County,EXECUTIVE BLVD,,N/A,PEDESTRIAN,OTHER,CLEAR,DRY,DAYLIGHT,STOP SIGN,NONE DETECTED,NONE DETECTED,A85A9DEC-495D-425E-B42F-94D6C660A4E6,PEDESTRIAN,Cross/Enter at Intersection,NO IMPROPER ACTIONS,ON ROADWAY AT CROSSWALK,NO PED. SIGNAL,LIGHT CLOTHING,No,SUSPECTED MINOR INJURY,N/A,39.04322833,-77.11333,"(39.04322833, -77.11333)"