Report Number,Local Case Number,Agency Name,ACRS Report Type,Crash Date/Time,Route Type,Road Name,Cross-Street Type,Cross-Street Name,Off-Road Description,Municipality,Related Non-Motorist,Collision Type,Weather,Surface Condition,Light,Traffic Control,Driver Substance Abuse,Non-Motorist Substance Abuse,Person ID,Pedestrian Type,Pedestrian Movement,Pedestrian Actions,Pedestrian Location,Pedestrian Obeyed Traffic Signal,Pedestrian Visibility,At Fault,Injury Severity,Safety Equipment,Latitude,Longitude,Location
MCP3193003D,220023320,Montgomery County Police,Property Damage Crash,05/31/2022 06:17:00 PM,County,BLUHILL RD,County,RANDOLPH RD,,N/A,PEDESTRIAN,OTHER,CLEAR,DRY,DAYLIGHT,OTHER,NONE DETECTED,NONE DETECTED,5650B2D8-7528-419C-A869-043C0CBC6AAE,PEDESTRIAN,Cross/Enter at Intersection,NO IMPROPER ACTIONS,ON ROADWAY AT CROSSWALK,OBEYED PED. SIGNAL,UNKNOWN,No,NO APPARENT INJURY,NONE,39.05908017,-77.06501383,"(39.05908017, -77.06501383)"
MCP3300001V,220024084,Montgomery County Police,Injury Crash,06/05/2022 02:39:00 PM,County,LINDELL ST,County,LIVINGSTON ST,,N/A,PEDESTRIAN,OTHER,CLEAR,DRY,DAYLIGHT,NO CONTROLS,NONE DETECTED,NONE DETECTED,4B0F328F-55D2-4D5F-8004-7B1C06D61714,PEDESTRIAN,Cross/Enter not at Intersection,NOT VISIBLE,ON ROADWAY NOT AT CROSSWALK,NO PED. SIGNAL,DARK CLOTHING,No,POSSIBLE INJURY,NONE,39.0559565,-77.05680483,"(39.0559565, -77.05680483)"
MCP1227001M,220023880,Montgomery County Police,Injury Crash,06/03/2022 09:25:00 PM,County,MONTGOMERY VILLAGE AVE,County,WALKERS CHOICE RD,,N/A,PEDESTRIAN,SINGLE VEHICLE,CLEAR,DRY,DARK NO LIGHTS,TRAFFIC SIGNAL,NONE DETECTED,UNKNOWN,19CF2B07-9CD8-4EB0-A0E5-9F04F27C3697,PEDESTRIAN,Cross/Enter at Intersection,UNKNOWN,ON ROADWAY NOT AT CROSSWALK,UNKNOWN,MIXED CLOTHING,Unknown,SUSPECTED SERIOUS INJURY,NONE,39.16146231,-77.20207556,"(39.16146231, -77.20207556)"
DD5648000S,220024140,Rockville Police Departme,Injury Crash,06/06/2022 01:06:00 AM,,,,,2232 VEIRS MILL RD,,PEDESTRIAN,OTHER,CLEAR,,DARK LIGHTS ON,NO CONTROLS,UNKNOWN,ALCOHOL PRESENT,B233B25F-B1D7-4B47-AF42-28E4BB85E71E,PEDESTRIAN,Getting off/on Vehicle,UNKNOWN,OTHER,UNKNOWN,UNKNOWN,No,POSSIBLE INJURY,UNKNOWN,39.0764055,-77.11770133,"(39.0764055, -77.11770133)"
MCP25340048,220025009,Montgomery County Police,Injury Crash,06/10/2022 10:35:00 PM,Maryland (State),UNIVERSITY BLVD W,County,ELKIN ST,,N/A,PEDESTRIAN,SINGLE VEHICLE,CLEAR,DRY,DARK LIGHTS ON,NO CONTROLS,NONE DETECTED,NONE DETECTED,FA1AABA5-45BB-46FE-996C-D36B69EA6BE7,PEDESTRIAN,Cross/Enter not at Intersection,UNKNOWN,ON ROADWAY NOT AT CROSSWALK,NO PED. SIGNAL,DARK CLOTHING,Yes,SUSPECTED MINOR INJURY,N/A,39.0414565,-77.05098933,"(39.0414565, -77.05098933)"
MCP27380046,220024439,Montgomery County Police,Injury Crash,06/07/2022 03:47:00 PM,Maryland (State),NEW HAMPSHIRE AVE,County,BRANTFORD AVE,,N/A,BICYCLIST,OTHER,N/A,DRY,DAYLIGHT,N/A,N/A,NONE DETECTED,FDE19DA4-6899-4A8C-914D-96CD4B29DF4D,BICYCLIST,Other,NO IMPROPER ACTIONS,ON ROADWAY NOT AT CROSSWALK,N/A,LIGHT CLOTHING,No,SUSPECTED MINOR INJURY,MC/BIKE HELMET,39.05940333,-76.99742365,"(39.05940333, -76.99742365)"
MCP31960039,220023712,Montgomery County Police,Injury Crash,06/02/2022 11:31:00 PM,Maryland (State),FREDERICK RD,County,SCENERY DR,,N/A,PEDESTRIAN,UNKNOWN,UNKNOWN,UNKNOWN,UNKNOWN,OTHER,,UNKNOWN,98BAC96B-0D9D-4549-B466-1E758B51AB7B,PEDESTRIAN,Unknown,UNKNOWN,UNKNOWN,UNKNOWN,UNKNOWN,Unknown,SUSPECTED SERIOUS INJURY,UNKNOWN,39.17539832,-77.23791537,"(39.17539832, -77.23791537)"
MCP21870013,220025540,Montgomery County Police,Injury Crash,06/14/2022 09:50:00 AM,County,FIELDS RD,Municipality,RIO BLVD,,GAITHERSBURG,PEDESTRIAN,OTHER,CLEAR,DRY,DAYLIGHT,TRAFFIC SIGNAL,NONE DETECTED,NONE DETECTED,BD85CAF7-6D76-482A-96AA-6C571F2E7154,PEDESTRIAN,Cross/Enter not at Intersection,FAILURE TO YIELD RIGHT OF WAY,ON ROADWAY NOT AT CROSSWALK,NO PED. SIGNAL,MIXED CLOTHING,Yes,SUSPECTED MINOR INJURY,NONE,39.11546,-77.20414833,"(39.11546, -77.20414833)"
MCP32760020,220025299,Montgomery County Police,Injury Crash,06/12/2022 11:59:00 PM,US (State),COLESVILLE RD,County,FENTON ST,,N/A,PEDESTRIAN,OTHER,CLEAR,DRY,DARK LIGHTS ON,TRAFFIC SIGNAL,NONE DETECTED,NONE DETECTED,74539BFA-5049-488D-9799-99C81790A8C4,PEDESTRIAN,Cross/Enter at Intersection,FAILURE TO YIELD RIGHT OF WAY,ON ROADWAY NOT AT CROSSWALK,DISOBEYED PED. SIGNAL,MIXED CLOTHING,Yes,SUSPECTED MINOR INJURY,N/A,38.99748321,-77.02703596,"(38.99748321, -77.02703596)"
MCP1227001K,220001661,Montgomery County Police,Fatal Crash,01/14/2022 08:30:00 AM,Maryland (State),FREDERICK RD,County,S WESTLAND DR,,N/A,BICYCLIST,SINGLE VEHICLE,CLEAR,DRY,DAYLIGHT,TRAFFIC SIGNAL,NONE DETECTED,NONE DETECTED,1ED8B103-7F63-49BA-A233-46ABEF4895CA,BICYCLIST,Cross/Enter at Intersection,FAILURE TO OBEY TRAFFIC SIGNS SIGNALS OR OFFICER,AT INTERSECTION MARKED CROSSWALK,DISOBEYED PED. SIGNAL,MIXED CLOTHING,Yes,FATAL INJURY,NONE,39.12608939,-77.18279453,"(39.12608939, -77.18279453)"
MCP3220002R,220024808,Montgomery County Police,Injury Crash,06/09/2022 04:22:00 PM,,,,,PARKING LOT OF 15 METROPOLITAN GROVE RD,,PEDESTRIAN,SAME DIR REAR END,CLEAR,,DAYLIGHT,NO CONTROLS,NONE DETECTED,NONE DETECTED,4A7B955C-3CEC-4411-9B1D-A42B4B6D8895,PEDESTRIAN,Standing,INATTENTIVE,ON ROADWAY NOT AT CROSSWALK,NO PED. SIGNAL,LIGHT CLOTHING,Yes,POSSIBLE INJURY,NONE,39.148023,-77.22563867,"(39.148023, -77.22563867)"
MCP3268001Z,220025065,Montgomery County Police,Injury Crash,06/11/2022 09:32:00 AM,,,,,PARKING LOT OF 2128 INDUSTRIAL PARKWAY,,OTHER,N/A,RAINING,,DAYLIGHT,N/A,N/A,NONE DETECTED,AD78918C-830F-4D40-8AEE-A21B8C7C5EA8,OTHER,Other,N/A,OTHER,N/A,N/A,No,SUSPECTED MINOR INJURY,N/A,39.05456683,-76.967925,"(39.05456683, -76.967925)"
MCP3290001G,220023403,Montgomery County Police,Property Damage Crash,06/01/2022 10:20:00 AM,,,,,"PARKING LOT OF DAYS INN LOCATED AT 8040 13TH ST SILVER SPRING, MD 20910",,OTHER,SINGLE VEHICLE,CLEAR,,DAYLIGHT,N/A,NONE DETECTED,N/A,DC557953-1CC1-4466-B603-FD17FCDE7FD6,OTHER,Other,UNKNOWN,INSIDE BUILDING,N/A,N/A,No,NO APPARENT INJURY,N/A,38.98745833,-77.028725,"(38.98745833, -77.028725)"
MCP209400JZ,220024162,Montgomery County Police,Injury Crash,06/06/2022 08:27:00 AM,Maryland (State),WISCONSIN AVE,County,STANFORD ST,,N/A,PEDESTRIAN,OTHER,CLEAR,DRY,DAYLIGHT,TRAFFIC SIGNAL,NONE DETECTED,NONE DETECTED,C61A46CC-C815-41B8-85A5-459D2225C7DB,PEDESTRIAN,Cross/Enter at Intersection,NO IMPROPER ACTIONS,ON ROADWAY AT CROSSWALK,OBEYED PED. SIGNAL,LIGHT CLOTHING,No,POSSIBLE INJURY,N/A,38.97849333,-77.09124833,"(38.97849333, -77.09124833)"
MCP3016003S,220030779,Montgomery County Police,Injury Crash,07/18/2022 05:54:00 AM,County,WARING STATION RD,County,SUMMER OAK DR,,N/A,PEDESTRIAN,OTHER,CLOUDY,DRY,DAWN,YIELD SIGN,UNKNOWN,N/A,4FA3176B-E933-459C-AA6E-B1BA3BA5E4C6,PEDESTRIAN,N/A,IN ROADWAY IMPROPERLY,N/A,N/A,DARK CLOTHING,Yes,POSSIBLE INJURY,N/A,39.16473833,-77.24378667,"(39.16473833, -77.24378667)"
MCP23480066,220010562,Montgomery County Police,Injury Crash,03/11/2022 04:25:00 PM,Maryland (State),FREDERICK RD,County,STRINGTOWN RD,,N/A,BICYCLIST,SAME DIRECTION SIDESWIPE,CLEAR,DRY,DAYLIGHT,TRAFFIC SIGNAL,NONE DETECTED,NONE DETECTED,2A4142D2-82FB-4BBD-8565-0A8CDBD628A7,BICYCLIST,Walking/Riding w/Traffic,NO IMPROPER ACTIONS,OTHER,NO PED. SIGNAL,DARK CLOTHING,No,SUSPECTED SERIOUS INJURY,MC/BIKE HELMET,39.23779733,-77.27817375,"(39.23779733, -77.27817375)"
EJ78950029,220030840,Gaithersburg Police Depar,Injury Crash,07/18/2022 12:35:00 PM,,,,,DRIVEWAY OF 340 N SUMMIT AVENUE,,BICYCLIST,STRAIGHT MOVEMENT ANGLE,CLEAR,,DAYLIGHT,NO CONTROLS,NONE DETECTED,NONE DETECTED,030337C2-DE0A-4FE1-B4DA-A48891536DF9,BICYCLIST,Walking/Cycling on Sidewalk,INATTENTIVE,SIDEWALK,NO PED. SIGNAL,N/A,Yes,SUSPECTED MINOR INJURY,NONE,39.14100877,-77.20797875,"(39.14100877, -77.20797875)"
EJ78930017,220028270,Gaithersburg Police Depar,Injury Crash,07/01/2022 10:44:00 AM,,,,,PARKNIG LOT TO THE REAR OF 124 E DIAMOND AVENUE,,PEDESTRIAN,SAME DIRECTION SIDESWIPE,CLEAR,,DAYLIGHT,NO CONTROLS,NONE DETECTED,NONE DETECTED,26C0B458-515A-41C0-A696-FFC28B0961DA,PEDESTRIAN,Standing,NO IMPROPER ACTIONS,OTHER,N/A,LIGHT CLOTHING,No,POSSIBLE INJURY,NONE,39.14258257,-77.19493868,"(39.14258257, -77.19493868)"
MCP94320035,220030117,Montgomery County Police,Injury Crash,07/13/2022 04:20:00 PM,Government,SLIGO CREEK PKWY,County,WAYNE AVE,,N/A,BICYCLIST,SAME DIRECTION SIDESWIPE,CLEAR,DRY,DAYLIGHT,NO CONTROLS,UNKNOWN,NONE DETECTED,0CFC5438-5400-4126-9B2F-54F9FD5F2A15,BICYCLIST,Walking/Riding w/Traffic,NO IMPROPER ACTIONS,ON ROADWAY NOT AT CROSSWALK,N/A,MIXED CLOTHING,No,POSSIBLE INJURY,MC/BIKE HELMET,39.06635383,-77.1597625,"(39.06635383, -77.1597625)"
MCP2496003C,220030048,Montgomery County Police,Injury Crash,07/13/2022 09:58:00 AM,Municipality,SENECA CHASE PARK RD,Municipality,SPATES HILL RD,,POOLESVILLE,PEDESTRIAN,SINGLE VEHICLE,CLEAR,DRY,DAYLIGHT,NO CONTROLS,NONE DETECTED,NONE DETECTED,B5116F54-3D31-4883-B7F7-2CCF7ED59A6D,PEDESTRIAN,Getting off/on Vehicle,UNKNOWN,ON ROADWAY NOT AT CROSSWALK,NO PED. SIGNAL,LIGHT CLOTHING,Unknown,SUSPECTED MINOR INJURY,REFLECTIVE CLOTHING,39.11399667,-77.27276667,"(39.11399667, -77.27276667)"
DD5540001Y,220031120,Rockville Police Departme,Injury Crash,07/19/2022 06:13:00 PM,Municipality,FALLSGROVE DR,Unknown,ENT TO APARTMENTS,,N/A,PEDESTRIAN,SINGLE VEHICLE,CLEAR,DRY,DAYLIGHT,N/A,NONE DETECTED,NONE DETECTED,464C88EA-3110-4436-A1BF-F25EBB35A842,PEDESTRIAN,Cross/Enter at Intersection,NO IMPROPER ACTIONS,AT INTERSECTION MARKED CROSSWALK,N/A,LIGHT CLOTHING,No,SUSPECTED MINOR INJURY,NONE,39.07429441,-77.13723376,"(39.07429441, -77.13723376)"
EJ78790028,220030495,Gaithersburg Police Depar,Injury Crash,07/15/2022 09:20:00 PM,Municipality,E DIAMOND AVE,Municipality,PARK AVE,,GAITHERSBURG,PEDESTRIAN,SINGLE VEHICLE,CLEAR,DRY,DARK LIGHTS ON,NO CONTROLS,NONE DETECTED,UNKNOWN,BF9E980C-2AEF-4ABA-8E87-DB7DE0633917,PEDESTRIAN,Cross/Enter not at Intersection,IN ROADWAY IMPROPERLY,ON ROADWAY NOT AT CROSSWALK,NO PED. SIGNAL,MIXED CLOTHING,Yes,SUSPECTED SERIOUS INJURY,NONE,39.13991223,-77.19555445,"(39.13991223, -77.19555445)"
MCP3256001D,220030286,Montgomery County Police,Injury Crash,07/15/2022 05:12:00 PM,County,LOCKWOOD DR,Maryland (State),NEW HAMPSHIRE AVE,,N/A,PEDESTRIAN,OTHER,CLEAR,DRY,DAYLIGHT,NO CONTROLS,NONE DETECTED,NONE DETECTED,FE2861D5-34A2-4FC1-80C4-3E8258A73E6C,PEDESTRIAN,Cross/Enter not at Intersection,NO IMPROPER ACTIONS,MIDBLOCK MARKED CROSSWALK,UNKNOWN,LIGHT CLOTHING,No,SUSPECTED SERIOUS INJURY,NONE,39.05324833,-76.96290833,"(39.05324833, -76.96290833)"
MCP32760027,220030521,Montgomery County Police,Injury Crash,07/19/2022 01:37:00 AM,,,,,8101 FENTON ST 7/11 PARKING LOT,,PEDESTRIAN,OTHER,CLEAR,,DARK LIGHTS ON,NO CONTROLS,UNKNOWN,NONE DETECTED,45106BF2-3223-4389-A7FE-158DB3351495,PEDESTRIAN,Standing,NO IMPROPER ACTIONS,OTHER,N/A,MIXED CLOTHING,No,SUSPECTED MINOR INJURY,N/A,38.99053,-77.02358,"(38.99053, -77.02358)"
DD5540001X,220031080,Rockville Police Departme,Injury Crash,07/19/2022 03:55:00 PM,,,,,PARKING LOT 1683 ROCKVILLE PIKE,,PEDESTRIAN,SINGLE VEHICLE,CLEAR,,DAYLIGHT,NO CONTROLS,NONE DETECTED,NONE DETECTED,AB460B3F-9A81-4456-93B8-3098A41FE8CA,PEDESTRIAN,Other,NO IMPROPER ACTIONS,N/A,NO PED. SIGNAL,DARK CLOTHING,No,SUSPECTED MINOR INJURY,N/A,39.07429441,-77.13723376,"(39.07429441, -77.13723376)"
MCP32960017,220029530,Montgomery County Police,Injury Crash,07/09/2022 09:27:00 PM,Maryland (State),NEW HAMPSHIRE AVE,County,LOCKWOOD DR,,N/A,PEDESTRIAN,OTHER,CLEAR,DRY,DARK -- UNKNOWN LIGHTING,TRAFFIC SIGNAL,UNKNOWN,NONE DETECTED,8701E56C-92CA-4910-B50D-5DAC61AF6ED5,PEDESTRIAN,Cross/Enter at Intersection,NOT VISIBLE,ON ROADWAY AT CROSSWALK,OBEYED PED. SIGNAL,DARK CLOTHING,No,SUSPECTED MINOR INJURY,NONE,39.04016,-76.98971,"(39.04016, -76.98971)"
MCP2278003X,220026555,Montgomery County Police,Injury Crash,06/20/2022 12:08:00 PM,Maryland (State),WISCONSIN AVE,County,NOTTINGHAM DR,,N/A,BICYCLIST,STRAIGHT MOVEMENT ANGLE,CLEAR,DRY,DAYLIGHT,STOP SIGN,NONE DETECTED,NONE DETECTED,958D63A9-4D04-4B4A-A57A-D83675B07B93,BICYCLIST,Cross/Enter at Intersection,NO IMPROPER ACTIONS,ON ROADWAY AT CROSSWALK,NO PED. SIGNAL,LIGHT CLOTHING,No,SUSPECTED MINOR INJURY,NONE,38.97637399,-77.09030635,"(38.97637399, -77.09030635)"
EJ7884004Q,220032034,Gaithersburg Police Depar,Injury Crash,07/25/2022 03:28:00 PM,County,DIAMONDBACK DR,County,SAM EIG HWY,,N/A,PEDESTRIAN,STRAIGHT MOVEMENT ANGLE,RAINING,WET,DAYLIGHT,OTHER,N/A,N/A,BA46340F-4D64-4934-8EE1-C4D3D9AB3C29,PEDESTRIAN,Cross/Enter at Intersection,NO IMPROPER ACTIONS,ON ROADWAY AT CROSSWALK,N/A,MIXED CLOTHING,No,SUSPECTED MINOR INJURY,NONE,39.14105145,-77.20802565,"(39.14105145, -77.20802565)"
MCP29650061,220031212,Montgomery County Police,Injury Crash,07/20/2022 10:49:00 AM,,,,,"18040 GEORGIA AVE, OLNEY, MD 20832",,PEDESTRIAN,SINGLE VEHICLE,CLEAR,,DAYLIGHT,N/A,NONE DETECTED,NONE DETECTED,C696642E-2277-456D-AEA1-544C3188E8B0,PEDESTRIAN,Walking/Cycling on Sidewalk,NO IMPROPER ACTIONS,SIDEWALK,NO PED. SIGNAL,DARK CLOTHING,No,POSSIBLE INJURY,NONE,39.14917333,-77.06629833,"(39.14917333, -77.06629833)"
MCP2753005N,220031949,Montgomery County Police,Injury Crash,07/25/2022 05:17:00 AM,County,GOOD HOPE RD,County,RAINBOW DR,,N/A,PEDESTRIAN,OTHER,CLEAR,DRY,DARK LIGHTS ON,STOP SIGN,NONE DETECTED,NONE DETECTED,08047BB8-5175-48A0-9795-220CA0357FC7,PEDESTRIAN,Standing,OTHER,AT INTERSECTION BUT NO CROSSWALK,NO PED. SIGNAL,LIGHT CLOTHING,Unknown,SUSPECTED MINOR INJURY,NONE,39.11042167,-76.979125,"(39.11042167, -76.979125)"
MCP3006007G,220031975,Montgomery County Police,Injury Crash,07/25/2022 09:03:00 AM,,,,,"12510 VEIRS MILL ROAD, ROCKVILLE, MD 20853 ON ROCKCREEK TERRACE DRIVEWAY",,BICYCLIST,STRAIGHT MOVEMENT ANGLE,CLEAR,,DAYLIGHT,NO CONTROLS,NONE DETECTED,NONE DETECTED,954A3E1C-32A4-42C6-89EA-4E23FD44A21A,BICYCLIST,Walking/Cycling on Sidewalk,WRONG WAY RIDING OR WALKING,SIDEWALK,N/A,MIXED CLOTHING,Yes,POSSIBLE INJURY,MC/BIKE HELMET,39.06200167,-77.09347,"(39.06200167, -77.09347)"
MCP3201002T,220031043,Montgomery County Police,Injury Crash,07/19/2022 12:59:00 PM,Maryland (State),GREAT SENECA HWY,County,MATENY RD,,N/A,PEDESTRIAN,OTHER,CLEAR,DRY,DAYLIGHT,TRAFFIC SIGNAL,NONE DETECTED,NONE DETECTED,63C886EB-FE8A-47B6-86BA-E8BEA8404C41,PEDESTRIAN,Cross/Enter at Intersection,FAILURE TO OBEY TRAFFIC SIGNS SIGNALS OR OFFICER,AT INTERSECTION MARKED CROSSWALK,DISOBEYED PED. SIGNAL,LIGHT CLOTHING,Yes,POSSIBLE INJURY,NONE,39.14614317,-77.274504,"(39.14614317, -77.274504)"
EJ7851007Z,220030691,Gaithersburg Police Depar,Injury Crash,07/17/2022 02:15:00 PM,Municipality,GIRARD ST,Municipality,E DIAMOND AVE,,GAITHERSBURG,PEDESTRIAN,OTHER,CLEAR,DRY,DAYLIGHT,TRAFFIC SIGNAL,UNKNOWN,NONE DETECTED,36DE34F1-8A18-4378-A7FC-530770DBD4D1,PEDESTRIAN,Cross/Enter at Intersection,NO IMPROPER ACTIONS,ON ROADWAY AT CROSSWALK,OBEYED PED. SIGNAL,N/A,No,SUSPECTED MINOR INJURY,NONE,39.15382756,-77.20230706,"(39.15382756, -77.20230706)"
MCP30680046,220029582,Montgomery County Police,Injury Crash,07/10/2022 10:26:00 AM,County,MACARTHUR BLVD,County,EGGERT DR,,N/A,BICYCLIST,OTHER,CLEAR,DRY,DAYLIGHT,N/A,N/A,N/A,58F06212-0F48-4129-A2F9-947AE42C594F,BICYCLIST,Walking/Riding w/Traffic,NO IMPROPER ACTIONS,SHOULDER,N/A,LIGHT CLOTHING,Yes,SUSPECTED MINOR INJURY,MC/BIKE HELMET,38.97599333,-77.18048333,"(38.97599333, -77.18048333)"
MCP291400CN,220032095,Montgomery County Police,Injury Crash,07/25/2022 10:15:00 PM,Maryland (State),16TH ST,Maryland (State),EAST WEST HWY,,N/A,OTHER,OTHER,CLEAR,N/A,DARK LIGHTS ON,TRAFFIC SIGNAL,N/A,N/A,BCE81ED3-041B-4F0D-B34B-0AFEA339E316,OTHER,Cross/Enter at Intersection,FAILURE TO OBEY TRAFFIC SIGNS SIGNALS OR OFFICER,ON ROADWAY AT CROSSWALK,DISOBEYED PED. SIGNAL,DARK CLOTHING,Yes,SUSPECTED MINOR INJURY,UNKNOWN,38.991065,-77.02728667,"(38.991065, -77.02728667)"
MCP32570057,220031653,Montgomery County Police,Injury Crash,07/22/2022 11:00:00 PM,Maryland (State),ROCKVILLE PIKE,County,NICHOLSON LA,,N/A,PEDESTRIAN,SINGLE VEHICLE,CLEAR,DRY,DARK LIGHTS ON,NO CONTROLS,UNKNOWN,NONE DETECTED,7851EA99-B623-43E6-AE18-7FCC52EC8334,PEDESTRIAN,Standing,NOT VISIBLE,CURB,N/A,LIGHT CLOTHING,No,POSSIBLE INJURY,NONE,39.04869651,-77.09443398,"(39.04869651, -77.09443398)"
MCP2637004P,220031709,Montgomery County Police,Injury Crash,07/23/2022 11:30:00 AM,County,GLEN RD,County,TRAVILAH RD,,N/A,BICYCLIST,OTHER,CLEAR,DRY,DAYLIGHT,N/A,NONE DETECTED,NONE DETECTED,117DA1B4-CC69-48D3-BAB8-47A4D6DC7BE3,BICYCLIST,Walking/Riding w/Traffic,NO IMPROPER ACTIONS,SHOULDER,N/A,MIXED CLOTHING,No,POSSIBLE INJURY,MC/BIKE HELMET,39.06776667,-77.25899333,"(39.06776667, -77.25899333)"
MCP2556004B,220032375,Montgomery County Police,Property Damage Crash,07/27/2022 08:23:00 PM,Other Public Roadway,TOPFIELD DR,Other Public Roadway,PEPPERWOOD LA,,N/A,OTHER,SINGLE VEHICLE,N/A,DRY,DUSK,NO CONTROLS,ALCOHOL PRESENT,N/A,BE558C17-7280-421C-A866-E78A6EB6C21E,OTHER,N/A,NO IMPROPER ACTIONS,OTHER,N/A,N/A,No,NO APPARENT INJURY,N/A,39.15203667,-77.23350833,"(39.15203667, -77.23350833)"
DD56510020,220032828,Rockville Police Departme,Injury Crash,07/31/2022 04:08:00 AM,,,,,1001 ROCKVILLE PIKE PARKING LOT,,PEDESTRIAN,OTHER,CLEAR,,DARK NO LIGHTS,N/A,UNKNOWN,NONE DETECTED,96131BBC-8439-4B9E-9AAD-EEF5456CAA0B,PEDESTRIAN,Other,NO IMPROPER ACTIONS,OTHER,N/A,DARK CLOTHING,No,SUSPECTED MINOR INJURY,NONE,39.0618885,-77.12498919,"(39.0618885, -77.12498919)"
MCP3048008D,220032556,Montgomery County Police,Injury Crash,07/29/2022 07:50:00 AM,,,,,"PARKING LOT MEN'S SHELTER 11600 NEBEL STREET ROCKVILLE, MD",,PEDESTRIAN,OTHER,CLOUDY,,DAYLIGHT,N/A,UNKNOWN,N/A,2F4983B3-7CC6-4522-B5DD-912450F8C195,PEDESTRIAN,Standing,NO IMPROPER ACTIONS,OTHER,N/A,DARK CLOTHING,No,SUSPECTED MINOR INJURY,N/A,39.01023333,-77.11491667,"(39.01023333, -77.11491667)"
MCP3005006Q,220032865,Montgomery County Police,Injury Crash,07/31/2022 11:50:00 AM,County,SELFRIDGE RD,County,MAHAN RD,,N/A,PEDESTRIAN,SINGLE VEHICLE,CLEAR,DRY,DAYLIGHT,NO CONTROLS,NONE DETECTED,NONE DETECTED,682792F0-7C86-44D0-A32B-E84E5CC9B165,PEDESTRIAN,Standing,OTHER,OTHER,N/A,MIXED CLOTHING,Unknown,POSSIBLE INJURY,N/A,39.05519,-77.08034,"(39.05519, -77.08034)"
MCP3305001T,220032397,Montgomery County Police,Injury Crash,07/28/2022 05:07:00 AM,Maryland (State),NEW HAMPSHIRE AVE,County,POWDER MILL RD,,N/A,PEDESTRIAN,SINGLE VEHICLE,CLEAR,DRY,DARK LIGHTS ON,TRAFFIC SIGNAL,UNKNOWN,NONE DETECTED,697F2A4F-5458-4EA6-89E2-AABCEFB9AC4B,PEDESTRIAN,Cross/Enter at Intersection,UNKNOWN,AT INTERSECTION MARKED CROSSWALK,UNKNOWN,MIXED CLOTHING,No,SUSPECTED SERIOUS INJURY,NONE,39.04573167,-76.99053167,"(39.04573167, -76.99053167)"
MCP3129004T,220032808,Montgomery County Police,Injury Crash,07/31/2022 12:02:00 AM,Maryland (State),GEORGIA AVE,Unknown,ENT TO BUSINESS,,N/A,OTHER CONVEYANCE,OTHER,CLEAR,DRY,DARK LIGHTS ON,NO CONTROLS,UNKNOWN,NONE DETECTED,0019A7E9-D967-40AE-950C-00CE3D320DB5,OTHER CONVEYANCE,Walking/Riding w/Traffic,NO IMPROPER ACTIONS,ON ROADWAY NOT AT CROSSWALK,N/A,DARK CLOTHING,No,SUSPECTED SERIOUS INJURY,LIGHTING,39.05801333,-77.04850333,"(39.05801333, -77.04850333)"
MCP1550003H,220033001,Montgomery County Police,Injury Crash,08/01/2022 12:35:00 PM,Maryland (State),EAST WEST HWY,County,GRUBB RD,,N/A,PEDESTRIAN,OTHER,CLEAR,DRY,DAYLIGHT,TRAFFIC SIGNAL,NONE DETECTED,NONE DETECTED,20AC2979-5630-49BC-A885-46FEEBEC86EB,PEDESTRIAN,Cross/Enter at Intersection,NO IMPROPER ACTIONS,ON ROADWAY AT CROSSWALK,OBEYED PED. SIGNAL,MIXED CLOTHING,No,SUSPECTED MINOR INJURY,NONE,38.99410167,-77.05247167,"(38.99410167, -77.05247167)"
MCP3258002C,220033289,Montgomery County Police,Injury Crash,08/03/2022 11:20:00 AM,Maryland (State),UNIVERSITY BLVD W,Government,SLIGO CREEK PKWY,,N/A,BICYCLIST,SAME DIR REAR END,CLEAR,DRY,DAYLIGHT,N/A,NONE DETECTED,NONE DETECTED,B9211566-2794-4748-882E-4F23DB107508,BICYCLIST,Walking/Riding w/Traffic,N/A,ON ROADWAY NOT AT CROSSWALK,N/A,REFLECTIVE MATERIAL,No,POSSIBLE INJURY,MC/BIKE HELMET,39.036365,-77.028885,"(39.036365, -77.028885)"
MCP1550003J,220033123,Montgomery County Police,Injury Crash,08/02/2022 07:00:00 AM,County,TALBOT AVE,County,BROOKVILLE RD,,N/A,PEDESTRIAN,OTHER,CLEAR,DRY,DAWN,NO CONTROLS,NONE DETECTED,NONE DETECTED,72F32F31-6169-454E-86C9-2614E6B47963,PEDESTRIAN,Standing,NO IMPROPER ACTIONS,OTHER,N/A,MIXED CLOTHING,Yes,SUSPECTED MINOR INJURY,N/A,39.00538167,-77.049815,"(39.00538167, -77.049815)"
MCP32060024,220031010,Montgomery County Police,Property Damage Crash,07/19/2022 10:30:00 AM,County,QUEBEC ST,County,RUATAN ST,,N/A,OTHER,OPPOSITE DIRECTION SIDESWIPE,CLEAR,DRY,DAYLIGHT,NO CONTROLS,NONE DETECTED,N/A,9BACDBB3-CF17-43C9-8EF5-64AC863C448D,OTHER,N/A,OTHER,N/A,N/A,N/A,No,NO APPARENT INJURY,NONE,38.999831,-76.98935667,"(38.999831, -76.98935667)"