Report Number,Local Case Number,Agency Name,ACRS Report Type,Crash Date/Time,Route Type,Road Name,Cross-Street Type,Cross-Street Name,Off-Road Description,Municipality,Related Non-Motorist,Collision Type,Weather,Surface Condition,Light,Traffic Control,Driver Substance Abuse,Non-Motorist Substance Abuse,Person ID,Pedestrian Type,Pedestrian Movement,Pedestrian Actions,Pedestrian Location,Pedestrian Obeyed Traffic Signal,Pedestrian Visibility,At Fault,Injury Severity,Safety Equipment,Latitude,Longitude,Location
MCP2351004M,220033249,Montgomery County Police,Injury Crash,08/03/2022 06:44:00 AM,Maryland (State),FREDERICK RD,County,E GUDE DR,,N/A,OTHER,OTHER,CLEAR,DRY,DAYLIGHT,TRAFFIC SIGNAL,NONE DETECTED,NONE DETECTED,4A9BBEB9-6DD7-4477-B60C-D1CF6A131C58,OTHER,Cross/Enter at Intersection,UNKNOWN,ON ROADWAY AT CROSSWALK,UNKNOWN,UNKNOWN,Unknown,SUSPECTED MINOR INJURY,NONE,39.106885,-77.15823833,"(39.106885, -77.15823833)"
DD5649002C,220034478,Rockville Police Departme,Injury Crash,08/11/2022 08:30:00 AM,Municipality,BROADWOOD DR,Municipality,FLETCHER PL,,ROCKVILLE,PEDESTRIAN,OTHER,RAINING,WET,DAYLIGHT,NO CONTROLS,N/A,N/A,BE09C1B3-EEDE-474B-8842-E8E5A26CEDF1,PEDESTRIAN,Walking/Riding against Traffic,IN ROADWAY IMPROPERLY,ON ROADWAY NOT AT CROSSWALK,N/A,DARK CLOTHING,Yes,SUSPECTED MINOR INJURY,NONE,39.0831111,-77.1303848,"(39.0831111, -77.1303848)"
MCP2745002P,220033719,Montgomery County Police,Injury Crash,08/05/2022 10:39:00 PM,Maryland (State),WOODFIELD RD,County,FLOWER HILL WAY,,N/A,BICYCLIST,SAME DIR REAR END,CLEAR,DRY,DARK LIGHTS ON,NO CONTROLS,UNKNOWN,NONE DETECTED,88EBDF60-A3D0-4550-AE0D-4F440EC8E831,BICYCLIST,Unknown,UNKNOWN,ON ROADWAY NOT AT CROSSWALK,UNKNOWN,MIXED CLOTHING,No,POSSIBLE INJURY,NONE,39.1577914,-77.1623944,"(39.1577914, -77.1623944)"
MCP3274001D,220033845,Montgomery County Police,Injury Crash,08/06/2022 09:31:00 PM,,,,,PARKING GARAGE (1ST LEVEL) AT 5225 POOKS HILL RD,,PEDESTRIAN,N/A,CLEAR,,DARK LIGHTS ON,NO CONTROLS,NONE DETECTED,NONE DETECTED,A98D06DE-2973-4ED4-9911-048F65242CDA,PEDESTRIAN,Other,OTHER,OTHER,N/A,MIXED CLOTHING,Yes,SUSPECTED SERIOUS INJURY,NONE,39.01609833,-77.10572333,"(39.01609833, -77.10572333)"
MCP2864004F,220034204,Montgomery County Police,Injury Crash,08/09/2022 01:45:00 PM,Maryland (State),WISCONSIN AVE,County,CHASE AVE,,N/A,PEDESTRIAN,STRAIGHT MOVEMENT ANGLE,CLEAR,DRY,DAYLIGHT,NO CONTROLS,NONE DETECTED,NONE DETECTED,ABCFF756-CED0-4232-A464-5D0DEA2B0D85,PEDESTRIAN,Cross/Enter at Intersection,NO IMPROPER ACTIONS,ON ROADWAY AT CROSSWALK,NO PED. SIGNAL,LIGHT CLOTHING,No,SUSPECTED MINOR INJURY,NONE,38.9895265,-77.09557717,"(38.9895265, -77.09557717)"
MCP2931005Z,220033947,Montgomery County Police,Injury Crash,08/07/2022 07:53:00 PM,,,,,PARKING LOT OF 12266 ROCKVILLE PIKE,,PEDESTRIAN,STRAIGHT MOVEMENT ANGLE,CLEAR,,DAYLIGHT,NO CONTROLS,NONE DETECTED,NONE DETECTED,6B80FE70-B664-4E07-A531-9C3B09F9DB4E,PEDESTRIAN,Other,NO IMPROPER ACTIONS,ON ROADWAY AT CROSSWALK,N/A,MIXED CLOTHING,No,POSSIBLE INJURY,NONE,39.05719333,-77.12165333,"(39.05719333, -77.12165333)"
MCP1564006N,220033650,Montgomery County Police,Injury Crash,08/05/2022 02:00:00 PM,Maryland (State),ASHTON RD,Maryland (State),NEW HAMPSHIRE AVE,,N/A,PEDESTRIAN,OTHER,CLEAR,DRY,DAYLIGHT,PERSON,NONE DETECTED,NONE DETECTED,AFC42064-B908-4BBE-BAE7-8A2F346B6693,PEDESTRIAN,Other Working,NO IMPROPER ACTIONS,OTHER,OTHER,REFLECTIVE MATERIAL,No,SUSPECTED MINOR INJURY,REFLECTIVE CLOTHING,39.15053833,-77.00895167,"(39.15053833, -77.00895167)"
MCP2016006D,220034152,Montgomery County Police,Injury Crash,08/09/2022 10:33:00 AM,Maryland (State),ROCKVILLE PIKE,Unknown,HUBBARD DR,,N/A,PEDESTRIAN,SINGLE VEHICLE,CLEAR,DRY,DAYLIGHT,TRAFFIC SIGNAL,N/A,N/A,176F2EAC-AD6D-4A69-8AD0-4E5166E67CAA,PEDESTRIAN,Cross/Enter at Intersection,NO IMPROPER ACTIONS,ON ROADWAY AT CROSSWALK,OBEYED PED. SIGNAL,LIGHT CLOTHING,No,SUSPECTED MINOR INJURY,N/A,39.07815,-77.13951167,"(39.07815, -77.13951167)"
MCP2008009B,220033521,Montgomery County Police,Injury Crash,08/04/2022 05:00:00 PM,County,EXECUTIVE BLVD,Unknown,ENT TO BUSINESS PARK,,N/A,OTHER CONVEYANCE,OTHER,CLOUDY,DRY,DAYLIGHT,NO CONTROLS,NONE DETECTED,NONE DETECTED,A6BB736D-2B38-4A19-B85F-9ACAAAA7B840,OTHER CONVEYANCE,Walking/Riding against Traffic,IN ROADWAY IMPROPERLY,SHOULDER,N/A,DARK CLOTHING,Yes,SUSPECTED MINOR INJURY,NONE,39.04904833,-77.12326333,"(39.04904833, -77.12326333)"
DD56430029,220034122,Rockville Police Departme,Injury Crash,08/09/2022 03:52:00 AM,Municipality,VEIRS MILL SERV RD,Municipality,BRADLEY AVE,,ROCKVILLE,BICYCLIST,OTHER,CLEAR,DRY,DARK LIGHTS ON,NO CONTROLS,UNKNOWN,NONE DETECTED,45554FE6-395F-439E-93EA-B6D12467D215,BICYCLIST,Walking/Riding w/Traffic,NO IMPROPER ACTIONS,ON ROADWAY NOT AT CROSSWALK,NO PED. SIGNAL,MIXED CLOTHING,No,POSSIBLE INJURY,NONE,39.07600333,-77.116835,"(39.07600333, -77.116835)"
MCP2830003S,180025632,Montgomery County Police,Injury Crash,05/26/2018 05:54:00 AM,County,OAK HILL RD,County,SAHALEA TERR,,N/A,PEDESTRIAN,OTHER,CLEAR,DRY,DAYLIGHT,NO CONTROLS,UNKNOWN,NONE DETECTED,AF78BAD8-BE03-4290-A35B-BFB5CA25340D,PEDESTRIAN,Standing,N/A,OUTSIDE RIGHT OF WAY,NO PED. SIGNAL,LIGHT CLOTHING,No,SUSPECTED MINOR INJURY,N/A,39.12623802,-76.97171688,"(39.12623802, -76.97171688)"
MCP2563000R,180034957,Montgomery County Police,Fatal Crash,07/15/2018 08:48:00 AM,,,,,PARKING LOT OF 19620 WHITE GROUND ROAD,,PEDESTRIAN,SINGLE VEHICLE,CLEAR,,DAYLIGHT,NO CONTROLS,,UNKNOWN,17F8F349-6498-4021-820B-3E80A0CD8BCE,PEDESTRIAN,Unknown,UNKNOWN,OTHER,NO PED. SIGNAL,MIXED CLOTHING,Unknown,FATAL INJURY,NONE,39.17753833,-77.32008333,"(39.17753833, -77.32008333)"
MCP12050032,170515959,Montgomery County Police,Injury Crash,06/27/2017 08:44:00 AM,,,,,PRIVATE DRIVEWAY OF 5610 WISCONSIN AVE.,,PEDESTRIAN,OTHER,CLEAR,,DAYLIGHT,NO CONTROLS,NONE DETECTED,NONE DETECTED,644136D2-9240-4F12-9EDA-656C6CD94569,PEDESTRIAN,Standing,OTHER,OTHER,N/A,LIGHT CLOTHING,Yes,SUSPECTED MINOR INJURY,NONE,38.96529012,-77.09059238,"(38.96529012, -77.09059238)"
MCP2354000W,17005688,Montgomery County Police,Injury Crash,02/01/2017 11:17:00 AM,Maryland (State),ROCKVILLE PIKE,County,OLD GEORGETOWN RD,,N/A,PEDESTRIAN,OTHER,CLEAR,DRY,DARK LIGHTS ON,YIELD SIGN,NONE DETECTED,NONE DETECTED,4127F919-ECA3-4AD3-B407-19C55FF0233A,PEDESTRIAN,Cross/Enter at Intersection,NO IMPROPER ACTIONS,ON ROADWAY AT CROSSWALK,NO PED. SIGNAL,DARK CLOTHING,No,SUSPECTED MINOR INJURY,NONE,39.04970167,-77.11462,"(39.04970167, -77.11462)"
MCP1436000B,180053661,Montgomery County Police,Property Damage Crash,10/26/2018 12:55:00 PM,,,,,PARKING LOT MONTROSE  CROSSING CENTER,,OTHER,N/A,N/A,,N/A,N/A,NONE DETECTED,NONE DETECTED,6809E70E-D232-4B8D-A094-DFBAC87D1E3D,OTHER,N/A,N/A,N/A,N/A,N/A,No,NO APPARENT INJURY,N/A,39.05461333,-77.11401667,"(39.05461333, -77.11401667)"
MCP2850000M,15009433,Montgomery County Police,Injury Crash,02/27/2015 12:26:00 PM,,,,,driveway/garage of 1957 middlebridge dr,,PEDESTRIAN,SINGLE VEHICLE,CLEAR,,DAYLIGHT,N/A,N/A,N/A,419A77B3-A30F-42EF-A7BA-3C623F6FF63C,PEDESTRIAN,Standing,NO IMPROPER ACTIONS,INSIDE BUILDING,N/A,N/A,,SUSPECTED MINOR INJURY,N/A,39.07400333,-77.04074167,"(39.07400333, -77.04074167)"
MCP27550018,180005786,Montgomery County Police,Injury Crash,02/02/2018 08:18:00 PM,County,RANDOLPH RD,Other Public Roadway,GLENMONT CIR #1,,N/A,PEDESTRIAN,OTHER,N/A,N/A,DARK -- UNKNOWN LIGHTING,TRAFFIC SIGNAL,NONE DETECTED,NONE DETECTED,1F75E722-ED50-43A0-BE2D-8D209C2F2837,PEDESTRIAN,Standing,IN ROADWAY IMPROPERLY,OTHER,DISOBEYED PED. SIGNAL,DARK CLOTHING,Yes,POSSIBLE INJURY,N/A,39.0590927,-77.04755098,"(39.0590927, -77.04755098)"
MCP2740001X,16024977,Montgomery County Police,Injury Crash,05/19/2016 09:40:00 PM,Maryland (State),PINEY BRANCH RD,Maryland (State),UNIVERSITY BLVD E,,N/A,PEDESTRIAN,SINGLE VEHICLE,CLEAR,DRY,DARK LIGHTS ON,TRAFFIC SIGNAL,NONE DETECTED,NONE DETECTED,D2BBFF7A-E4D2-4DC4-ABB8-743E73D93BEF,PEDESTRIAN,Cross/Enter at Intersection,NO IMPROPER ACTIONS,ON ROADWAY AT CROSSWALK,OBEYED PED. SIGNAL,MIXED CLOTHING,No,SUSPECTED MINOR INJURY,N/A,38.9996788,-76.99525595,"(38.9996788, -76.99525595)"
MCP2394001V,16001446,Montgomery County Police,Injury Crash,01/08/2016 06:02:00 PM,Municipality,MARYLAND AVE,Municipality,E MONTGOMERY AVE AT COURTHOUSE SQ,,ROCKVILLE,PEDESTRIAN,OTHER,RAINING,WET,DARK LIGHTS ON,STOP SIGN,NONE DETECTED,NONE DETECTED,6EDEA387-E028-4B32-809D-867F6DBC586B,PEDESTRIAN,Cross/Enter at Intersection,NOT VISIBLE,UNKNOWN,NO PED. SIGNAL,MIXED CLOTHING,Yes,POSSIBLE INJURY,NONE,39.08402667,-77.15109667,"(39.08402667, -77.15109667)"
EJ7833000X,15043445,GAITHERSBURG,Injury Crash,08/29/2015 04:02:00 PM,,,,,"In front yard of 45 Portside Court Gaithersburg, MD 20877",,PEDESTRIAN,OTHER,CLEAR,,DAYLIGHT,NO CONTROLS,NONE DETECTED,NONE DETECTED,4B890F8D-C8F1-4878-B7A4-37A6EAA57C30,PEDESTRIAN,Playing,OTHER,OTHER,NO PED. SIGNAL,DARK CLOTHING,No,SUSPECTED MINOR INJURY,N/A,39.14383833,-77.18541167,"(39.14383833, -77.18541167)"
MCP2768000B,16021724,Montgomery County Police,Injury Crash,05/02/2016 10:00:00 PM,,,,,PARKING LOT,,PEDESTRIAN,OTHER,RAINING,,DARK LIGHTS ON,N/A,UNKNOWN,NONE DETECTED,80A344E5-5078-405D-930B-6BE83A06A249,PEDESTRIAN,Cross/Enter not at Intersection,INATTENTIVE,ON ROADWAY NOT AT CROSSWALK,NO PED. SIGNAL,MIXED CLOTHING,No,SUSPECTED MINOR INJURY,NONE,39.12399702,-77.20119596,"(39.12399702, -77.20119596)"
EJ78470021,16040457,Gaithersburg Police Depar,Injury Crash,08/10/2016 12:05:00 AM,Municipality,S SUMMIT AVE,Municipality,E DIAMOND AVE,,GAITHERSBURG,PEDESTRIAN,SINGLE VEHICLE,CLEAR,DRY,DARK LIGHTS ON,TRAFFIC SIGNAL,NONE DETECTED,NONE DETECTED,62637BD7-7EA1-403E-B9FB-FCAB354F8A76,PEDESTRIAN,Cross/Enter at Intersection,DART DASH,AT INTERSECTION MARKED CROSSWALK,OBEYED PED. SIGNAL,DARK CLOTHING,Unknown,SUSPECTED MINOR INJURY,NONE,39.14178833,-77.19426,"(39.14178833, -77.19426)"
MCP2720001P,15060836,MONTGOMERY,Injury Crash,11/28/2015 07:18:00 PM,County,CONNECTICUT AVE,County,GRAND PRE RD,,N/A,PEDESTRIAN,SINGLE VEHICLE,CLEAR,DRY,DARK -- UNKNOWN LIGHTING,NO CONTROLS,NONE DETECTED,UNKNOWN,020DC8F9-B4C5-43A3-8152-19B4A1E47C93,PEDESTRIAN,Cross/Enter not at Intersection,IN ROADWAY IMPROPERLY,ON ROADWAY NOT AT CROSSWALK,NO PED. SIGNAL,DARK CLOTHING,Yes,POSSIBLE INJURY,NONE,39.08699167,-77.07413333,"(39.08699167, -77.07413333)"
MCP29310011,16001442,Montgomery County Police,Injury Crash,01/08/2016 05:45:00 PM,Municipality,ATLANTIC AVE,Maryland (State),VEIRS MILL RD,,N/A,PEDESTRIAN,OTHER,RAINING,WET,DARK NO LIGHTS,TRAFFIC SIGNAL,N/A,N/A,1FC41B48-E393-49D9-9DC9-E12D012DE1B4,PEDESTRIAN,Cross/Enter at Intersection,NO IMPROPER ACTIONS,AT INTERSECTION MARKED CROSSWALK,OBEYED PED. SIGNAL,DARK CLOTHING,No,SUSPECTED MINOR INJURY,NONE,39.07458167,-77.11539833,"(39.07458167, -77.11539833)"
MCP91300078,190023094,Montgomery County Police,Injury Crash,05/16/2019 11:33:00 AM,,,,,PARKING LOT OF 75 E WAYNE AVE,,OTHER,SINGLE VEHICLE,CLEAR,,DAYLIGHT,NO CONTROLS,,NONE DETECTED,615FB898-1F5F-4698-A94B-6D86A768BFC2,OTHER,Standing,INATTENTIVE,OTHER,OTHER,DARK CLOTHING,Yes,SUSPECTED MINOR INJURY,NONE,39.00083094,-77.00825285,"(39.00083094, -77.00825285)"
MCP29050041,180031484,Montgomery County Police,Injury Crash,06/26/2018 04:54:00 PM,County,ROOSEVELT ST,Maryland (State),OLD GEORGETOWN RD,,N/A,BICYCLIST,STRAIGHT MOVEMENT ANGLE,CLEAR,DRY,DAYLIGHT,STOP SIGN,N/A,N/A,B4B54EF5-492F-4E44-B469-19C9D99EA34D,BICYCLIST,Cross/Enter at Intersection,NOT VISIBLE,AT INTERSECTION BUT NO CROSSWALK,N/A,MIXED CLOTHING,No,SUSPECTED MINOR INJURY,MC/BIKE HELMET,38.99580667,-77.10918667,"(38.99580667, -77.10918667)"
MCP1128003V,15013358,Montgomery County Police,Injury Crash,03/23/2015 02:45:00 PM,County,LONE OAK DR,County,MONTAUK AVE,,N/A,PEDESTRIAN,SINGLE VEHICLE,CLEAR,N/A,DAYLIGHT,STOP SIGN,NONE DETECTED,NONE DETECTED,B00BDC67-7D1D-4FFF-BB81-8E4337C54A31,PEDESTRIAN,Cross/Enter at Intersection,NO IMPROPER ACTIONS,ON ROADWAY AT CROSSWALK,NO PED. SIGNAL,MIXED CLOTHING,,POSSIBLE INJURY,N/A,39.020085,-77.12848,"(39.020085, -77.12848)"
MCP137800NF,180056286,Montgomery County Police,Injury Crash,11/09/2018 12:27:00 PM,Maryland (State),CLOPPER RD,Municipality,METROPOLITAN GROVE RD,,GAITHERSBURG,PEDESTRIAN,SINGLE VEHICLE,RAINING,WET,DAYLIGHT,TRAFFIC SIGNAL,NONE DETECTED,NONE DETECTED,CF670503-CE2D-45A1-9E07-9F046A46B23B,PEDESTRIAN,Cross/Enter at Intersection,NO IMPROPER ACTIONS,ON ROADWAY AT CROSSWALK,OBEYED PED. SIGNAL,DARK CLOTHING,No,SUSPECTED MINOR INJURY,NONE,39.146305,-77.22842667,"(39.146305, -77.22842667)"
MCP2942000P,15031239,Montgomery County Police,Injury Crash,06/26/2015 01:21:00 PM,Maryland (State),BRADLEY BLVD,County,OAK FOREST LA,,N/A,BICYCLIST,SAME DIR REAR END,CLOUDY,DRY,DAYLIGHT,N/A,NONE DETECTED,NONE DETECTED,A57194B0-EF9C-4EA5-95B7-AB2CF4886EC2,BICYCLIST,Walking/Riding w/Traffic,INATTENTIVE,SHOULDER,N/A,LIGHT CLOTHING,,SUSPECTED MINOR INJURY,MC/BIKE HELMET,39.00080667,-77.07756833,"(39.00080667, -77.07756833)"
MCP24690018,16047065,Montgomery County Police,Injury Crash,09/14/2016 07:30:00 AM,County,JACKSON RD,County,KERWOOD RD,,N/A,PEDESTRIAN,OTHER,N/A,DRY,DAYLIGHT,STOP SIGN,NONE DETECTED,NONE DETECTED,2D74D586-324C-47AD-96DA-BACB8EB32C4A,PEDESTRIAN,Cross/Enter at Intersection,NO IMPROPER ACTIONS,ON ROADWAY AT CROSSWALK,OBEYED PED. SIGNAL,LIGHT CLOTHING,No,POSSIBLE INJURY,NONE,39.05556,-76.99408833,"(39.05556, -76.99408833)"
MCP2664002Y,17012580,Montgomery County Police,Injury Crash,03/09/2017 11:40:00 PM,County,ANDREW ST,Maryland (State),VEIRS MILL RD,,N/A,PEDESTRIAN,OTHER,UNKNOWN,UNKNOWN,UNKNOWN,NO CONTROLS,UNKNOWN,NONE DETECTED,90CF317A-3170-4070-AB92-0EEF620CEFB7,PEDESTRIAN,Cross/Enter not at Intersection,NO IMPROPER ACTIONS,ON ROADWAY NOT AT CROSSWALK,UNKNOWN,UNKNOWN,No,SUSPECTED MINOR INJURY,UNKNOWN,39.05023,-77.07168833,"(39.05023, -77.07168833)"
MCP2243000J,180040556,Montgomery County Police,Injury Crash,08/15/2018 08:23:00 AM,County,DELCRIS DR,County,IVYBRIDGE CT,,N/A,PEDESTRIAN,SINGLE VEHICLE,CLOUDY,DRY,DAYLIGHT,NO CONTROLS,UNKNOWN,NONE DETECTED,B648E2E6-B2D5-40EE-8F45-7BA3C0AAE732,PEDESTRIAN,Walking/Riding against Traffic,UNKNOWN,ON ROADWAY NOT AT CROSSWALK,N/A,MIXED CLOTHING,Unknown,POSSIBLE INJURY,NONE,39.18848433,-77.17804819,"(39.18848433, -77.17804819)"
MCP27540018,170505519,Montgomery County Police,Injury Crash,05/02/2017 06:21:00 PM,Maryland (State),PINEY BRANCH RD,Unknown,ENT TO APTS,,N/A,PEDESTRIAN,OTHER,OTHER,DRY,DAYLIGHT,N/A,NONE DETECTED,NONE DETECTED,7D6453BD-3DE3-45A9-A6FB-9C9E46617A1C,PEDESTRIAN,Walking/Cycling on Sidewalk,N/A,SIDEWALK,NO PED. SIGNAL,MIXED CLOTHING,No,POSSIBLE INJURY,N/A,38.99862667,-77.00000667,"(38.99862667, -77.00000667)"
MCP29700014,15058902,MONTGOMERY,Injury Crash,11/18/2015 01:54:00 PM,County,GRANDVIEW AVE,County,ENNALLS AVE,,N/A,PEDESTRIAN,SINGLE VEHICLE,CLOUDY,DRY,DAYLIGHT,STOP SIGN,N/A,N/A,EF5ED284-D620-4B88-A2CD-78DAB2E97A0D,PEDESTRIAN,Cross/Enter at Intersection,NO IMPROPER ACTIONS,ON ROADWAY AT CROSSWALK,OBEYED PED. SIGNAL,LIGHT CLOTHING,No,SUSPECTED MINOR INJURY,N/A,39.04006912,-77.05277927,"(39.04006912, -77.05277927)"
DD5634000Z,180064599,Rockville Police Departme,Injury Crash,12/26/2018 06:00:00 PM,Maryland (State),HUNGERFORD DR,Municipality,N WASHINGTON ST,,ROCKVILLE,PEDESTRIAN,OTHER,CLOUDY,DRY,DARK LIGHTS ON,TRAFFIC SIGNAL,NONE DETECTED,NONE DETECTED,FF9E8929-DF92-4282-8917-E26E3B421787,PEDESTRIAN,Cross/Enter at Intersection,NO IMPROPER ACTIONS,ON ROADWAY AT CROSSWALK,OBEYED PED. SIGNAL,DARK CLOTHING,No,POSSIBLE INJURY,NONE,39.0920635,-77.15303667,"(39.0920635, -77.15303667)"
MCP29640029,170527191,Montgomery County Police,Injury Crash,08/27/2017 04:54:00 PM,County,CLOPPERS MILL DR,Maryland (State),GREAT SENECA HWY,,N/A,BICYCLIST,STRAIGHT MOVEMENT ANGLE,CLEAR,DRY,DAYLIGHT,TRAFFIC SIGNAL,NONE DETECTED,NONE DETECTED,DD958298-B4D5-4040-9142-98BE23B89BFD,BICYCLIST,Cross/Enter at Intersection,NO IMPROPER ACTIONS,AT INTERSECTION MARKED CROSSWALK,OBEYED PED. SIGNAL,LIGHT CLOTHING,No,SUSPECTED MINOR INJURY,MC/BIKE HELMET,39.14877563,-77.27638431,"(39.14877563, -77.27638431)"
DD5595005F,180000288,Rockville Police Departme,Injury Crash,01/02/2018 07:23:00 PM,Other Public Roadway,ELMCROFT BLVD,Other Public Roadway,MARSH HOLLOW PL,,N/A,PEDESTRIAN,SINGLE VEHICLE,CLEAR,DRY,DARK LIGHTS ON,NO CONTROLS,NONE DETECTED,NONE DETECTED,AB5560A5-4451-41F4-96D9-4825F133B8FE,PEDESTRIAN,Cross/Enter at Intersection,DART DASH,ON ROADWAY NOT AT CROSSWALK,NO PED. SIGNAL,MIXED CLOTHING,Yes,POSSIBLE INJURY,N/A,39.112825,-77.16445933,"(39.112825, -77.16445933)"
MCP93900010,170543471,Montgomery County Police,Injury Crash,11/17/2017 07:54:00 PM,Municipality,KENTLANDS BLVD,Maryland (State),GREAT SENECA HWY,,N/A,OTHER CONVEYANCE,HEAD ON LEFT TURN,N/A,DRY,DARK LIGHTS ON,TRAFFIC SIGNAL,"N/A, NONE DETECTED",N/A,708B8E31-9B37-4BC9-A482-5877142F3378,OTHER CONVEYANCE,N/A,NO IMPROPER ACTIONS,ON ROADWAY NOT AT CROSSWALK,N/A,N/A,No,NO APPARENT INJURY,N/A,39.12373667,-77.23166167,"(39.12373667, -77.23166167)"
EJ78550009,15021600,Gaithersburg Police Depar,Injury Crash,05/06/2015 06:40:00 PM,Municipality,N SUMMIT AVE,Municipality,BROOKS AVE,,GAITHERSBURG,PEDESTRIAN,SINGLE VEHICLE,CLEAR,DRY,DAYLIGHT,NO CONTROLS,NONE DETECTED,NONE DETECTED,628190DF-823F-48F7-AE5B-EE1E1D6B4124,PEDESTRIAN,Walking/Riding against Traffic,DART DASH,ON ROADWAY NOT AT CROSSWALK,NO PED. SIGNAL,DARK CLOTHING,,SUSPECTED MINOR INJURY,NONE,39.14326269,-77.19311178,"(39.14326269, -77.19311178)"
MCP15690008,15066152,MONTGOMERY,Property Damage Crash,12/25/2015 04:56:00 PM,County,TRAVILLE  GATEWAY DR,County,SHADY GROVE RD,,N/A,PEDESTRIAN,OTHER,RAINING,WET,DARK LIGHTS ON,NO CONTROLS,N/A,N/A,7F089091-6AF0-48CA-8802-2761FD753EE5,PEDESTRIAN,Cross/Enter not at Intersection,IN ROADWAY IMPROPERLY,ON ROADWAY NOT AT CROSSWALK,N/A,LIGHT CLOTHING,Yes,NO APPARENT INJURY,NONE,39.09135333,-77.204255,"(39.09135333, -77.204255)"
MCP2201000Y,170511222,Montgomery County Police,Injury Crash,06/01/2017 08:14:00 PM,Maryland (State),COLESVILLE RD,County,SECOND AVE,,N/A,PEDESTRIAN,STRAIGHT MOVEMENT ANGLE,CLEAR,DRY,DARK LIGHTS ON,TRAFFIC SIGNAL,NONE DETECTED,NONE DETECTED,72DE848E-5281-4623-827C-ACA573FED069,PEDESTRIAN,Cross/Enter at Intersection,DART DASH,ON ROADWAY AT CROSSWALK,DISOBEYED PED. SIGNAL,DARK CLOTHING,Yes,POSSIBLE INJURY,NONE,38.99394417,-77.03144968,"(38.99394417, -77.03144968)"
MCP229800LT,180059934,Montgomery County Police,Injury Crash,11/30/2018 03:48:00 PM,,,,,PARKING LOT OF 26004 BRIGADIER PLACE,,OTHER,SINGLE VEHICLE,CLEAR,,N/A,NO CONTROLS,NONE DETECTED,NONE DETECTED,943F09FD-0C99-47CC-967E-F39EB5F66996,OTHER,N/A,NO IMPROPER ACTIONS,N/A,N/A,N/A,No,NO APPARENT INJURY,N/A,39.28291042,-77.20547411,"(39.28291042, -77.20547411)"
MCP2564001F,170521313,Montgomery County Police,Injury Crash,07/26/2017 04:10:00 PM,County,LOST KNIFE RD,Other Public Roadway,ODENDHAL AVE,,N/A,PEDESTRIAN,STRAIGHT MOVEMENT ANGLE,N/A,DRY,DAYLIGHT,NO CONTROLS,UNKNOWN,NONE DETECTED,224A575E-83CF-4BDE-8A4D-2237DB1B857C,PEDESTRIAN,Cross/Enter at Intersection,NO IMPROPER ACTIONS,AT INTERSECTION BUT NO CROSSWALK,NO PED. SIGNAL,DARK CLOTHING,No,SUSPECTED MINOR INJURY,NONE,39.15363673,-77.19987094,"(39.15363673, -77.19987094)"
MCP2260001R,170518519,Montgomery County Police,Injury Crash,07/11/2017 06:16:00 AM,,,,,SIDEWALK /DRIVEWAY OF 1911 ROCKVILLE PIKE,,PEDESTRIAN,OTHER,CLEAR,,DAYLIGHT,N/A,N/A,NONE DETECTED,9634C539-D7A4-44BC-8963-E0B0C0638C26,PEDESTRIAN,N/A,NO IMPROPER ACTIONS,OTHER,NO PED. SIGNAL,MIXED CLOTHING,No,POSSIBLE INJURY,NONE,39.058555,-77.12148167,"(39.058555, -77.12148167)"
MCP28590065,180061198,Montgomery County Police,Injury Crash,12/07/2018 07:10:00 AM,Municipality,STORY DR,Municipality,SCHOOL DR,,GAITHERSBURG,PEDESTRIAN,OTHER,CLEAR,DRY,DARK LIGHTS ON,STOP SIGN,NONE DETECTED,NONE DETECTED,41BCD5DD-7889-41B6-8C04-69576DA1463E,PEDESTRIAN,Cross/Enter at Intersection,NO IMPROPER ACTIONS,ON ROADWAY AT CROSSWALK,OBEYED PED. SIGNAL,MIXED CLOTHING,No,POSSIBLE INJURY,NONE,39.1191131,-77.21297291,"(39.1191131, -77.21297291)"
MCP9130002L,16039257,Montgomery County Police,Property Damage Crash,08/03/2016 01:53:00 PM,Maryland (State),UNIVERSITY BLVD E,County,CARROLL AVE,,N/A,OTHER,SINGLE VEHICLE,CLEAR,DRY,DAYLIGHT,PERSON,NONE DETECTED,NONE DETECTED,633CAA4E-3116-480E-8F37-8529F74F9083,OTHER,Standing,NO IMPROPER ACTIONS,OTHER,N/A,REFLECTIVE MATERIAL,No,NO APPARENT INJURY,OTHER,38.99418,-76.99272,"(38.99418, -76.99272)"
MCP2586004H,180061120,Montgomery County Police,Injury Crash,12/06/2018 09:27:00 PM,Maryland (State),GEORGIA AVE,County,BLUERIDGE AVE,,N/A,PEDESTRIAN,OTHER,CLEAR,DRY,DARK NO LIGHTS,NO CONTROLS,NONE DETECTED,ALCOHOL PRESENT,2826741D-75E8-489C-B228-8A776C35FEED,PEDESTRIAN,Cross/Enter not at Intersection,IN ROADWAY IMPROPERLY,ON ROADWAY NOT AT CROSSWALK,N/A,DARK CLOTHING,Yes,SUSPECTED SERIOUS INJURY,NONE,39.04464048,-77.05215579,"(39.04464048, -77.05215579)"