Report Number,Local Case Number,Agency Name,ACRS Report Type,Crash Date/Time,Route Type,Road Name,Cross-Street Type,Cross-Street Name,Off-Road Description,Municipality,Related Non-Motorist,Collision Type,Weather,Surface Condition,Light,Traffic Control,Driver Substance Abuse,Non-Motorist Substance Abuse,Person ID,Pedestrian Type,Pedestrian Movement,Pedestrian Actions,Pedestrian Location,Pedestrian Obeyed Traffic Signal,Pedestrian Visibility,At Fault,Injury Severity,Safety Equipment,Latitude,Longitude,Location
MCP22540007,15036935,MONTGOMERY,Injury Crash,07/26/2015 01:27:00 PM,County,TAILOR SHOP PLACE,Unknown,GUARDRAIL,,N/A,OTHER,STRAIGHT MOVEMENT ANGLE,CLEAR,DRY,DAYLIGHT,NO CONTROLS,NONE DETECTED,N/A,7982B346-3115-47D0-A39C-D7F4B0C86A95,OTHER,Cross/Enter at Intersection,DART DASH,AT INTERSECTION BUT NO CROSSWALK,NO PED. SIGNAL,LIGHT CLOTHING,Yes,SUSPECTED MINOR INJURY,NONE,39.24363833,-77.281995,"(39.24363833, -77.281995)"
MCP9379000R,16020539,Montgomery County Police,Injury Crash,04/24/2016 11:54:00 AM,,,,,DRIVEWAY OF TRANSFER STATION 16101 FREDERICK RD,,PEDESTRIAN,OTHER,CLEAR,,DAYLIGHT,PERSON,N/A,N/A,D0FB99E4-1D81-4C98-97EA-F13DB1528863,PEDESTRIAN,Other Working,OTHER,OTHER,NO PED. SIGNAL,REFLECTIVE MATERIAL,No,POSSIBLE INJURY,NONE,39.12094833,-77.17141,"(39.12094833, -77.17141)"
MCP3058002Q,190017277,Montgomery County Police,Injury Crash,04/13/2019 03:31:00 PM,County,CAVANAUGH DR,County,DEERBROOK DR,,N/A,BICYCLIST,HEAD ON LEFT TURN,CLOUDY,DRY,DAYLIGHT,NO CONTROLS,NONE DETECTED,NONE DETECTED,8D835E82-1DDC-4654-91B0-8E955EA5B06C,BICYCLIST,Cross/Enter at Intersection,NO IMPROPER ACTIONS,AT INTERSECTION BUT NO CROSSWALK,N/A,REFLECTIVE MATERIAL,No,SUSPECTED MINOR INJURY,MC/BIKE HELMET,39.08053333,-77.21493333,"(39.08053333, -77.21493333)"
MCP137800FH,16062806,Montgomery County Police,Injury Crash,12/07/2016 12:58:00 PM,Maryland (State),GREAT SENECA HWY,Municipality,LAKELANDS DR,,GAITHERSBURG,PEDESTRIAN,SINGLE VEHICLE,CLEAR,DRY,DAYLIGHT,TRAFFIC SIGNAL,NONE DETECTED,NONE DETECTED,8EBECC2C-71D7-4BBD-AE69-CA92CB8DFFD5,PEDESTRIAN,Cross/Enter at Intersection,FAILURE TO OBEY TRAFFIC SIGNS SIGNALS OR OFFICER,ON ROADWAY AT CROSSWALK,DISOBEYED PED. SIGNAL,DARK CLOTHING,Yes,POSSIBLE INJURY,NONE,39.12099,-77.225535,"(39.12099, -77.225535)"
MCP21910028,180034993,Montgomery County Police,Injury Crash,07/15/2018 03:05:00 PM,Maryland (State),OLD GEORGETOWN RD,Unknown,ENT TO BUSINESS,,N/A,MACHINE OPERATOR/RIDER,HEAD ON,RAINING,WET,DAYLIGHT,N/A,NONE DETECTED,NONE DETECTED,AEAF9431-488F-4DB1-9923-6480484F8DB1,MACHINE OPERATOR/RIDER,Walking/Riding against Traffic,IN ROADWAY IMPROPERLY,ON ROADWAY NOT AT CROSSWALK,OTHER,DARK CLOTHING,Yes,SUSPECTED MINOR INJURY,NONE,39.02290117,-77.124048,"(39.02290117, -77.124048)"
MCP29990008,15067038,MONTGOMERY,Injury Crash,12/30/2015 10:30:00 PM,County,BRIGGS CHANEY RD,Ramp,RAMP 6 FR BRIGGS CHANEY RD TO US 29 SB,,N/A,BICYCLIST,STRAIGHT MOVEMENT ANGLE,RAINING,WET,DARK LIGHTS ON,TRAFFIC SIGNAL,UNKNOWN,NONE DETECTED,E628F675-FDF6-4A14-8A5C-8D2B779F9CAE,BICYCLIST,Walking/Cycling on Sidewalk,NO IMPROPER ACTIONS,ON ROADWAY AT CROSSWALK,UNKNOWN,MIXED CLOTHING,No,POSSIBLE INJURY,NONE,39.0838655,-76.9495149,"(39.0838655, -76.9495149)"
MCP2766001Q,15044823,MONTGOMERY,Injury Crash,09/05/2015 07:14:00 PM,,,,,At the entrance to the Citgo located at 13615 Georgia Ave,,BICYCLIST,STRAIGHT MOVEMENT ANGLE,CLEAR,,DAYLIGHT,N/A,NONE DETECTED,ALCOHOL PRESENT,B5EA0A9A-A4D0-482B-AFC2-F38F491B0527,BICYCLIST,Walking/Cycling on Sidewalk,INATTENTIVE,SIDEWALK,NO PED. SIGNAL,MIXED CLOTHING,Yes,POSSIBLE INJURY,NONE,39.07800028,-77.07120538,"(39.07800028, -77.07120538)"
MCP2503000D,15011964,Montgomery County Police,Injury Crash,03/15/2015 06:21:00 PM,County,REGENCY DR,County,GEORGETOWNE DR,,N/A,PEDESTRIAN,SINGLE VEHICLE,CLEAR,DRY,DAYLIGHT,N/A,N/A,N/A,20BA6E40-3475-4F41-8F66-8D69466D387B,PEDESTRIAN,Other,DART DASH,ON ROADWAY NOT AT CROSSWALK,NO PED. SIGNAL,MIXED CLOTHING,,SUSPECTED MINOR INJURY,N/A,39.043943,-77.170336,"(39.043943, -77.170336)"
MCP2564000V,15067154,MONTGOMERY,Injury Crash,12/31/2015 04:48:00 PM,,,,,PARKING LOT OF 20044 GOSHEN RD,,PEDESTRIAN,STRAIGHT MOVEMENT ANGLE,CLEAR,,DARK LIGHTS ON,NO CONTROLS,NONE DETECTED,NONE DETECTED,84975DFB-E201-4B7B-A240-71C88E2B0DD2,PEDESTRIAN,Other,FAILURE TO YIELD RIGHT OF WAY,OTHER,NO PED. SIGNAL,MIXED CLOTHING,Yes,SUSPECTED MINOR INJURY,NONE,39.18651008,-77.18803033,"(39.18651008, -77.18803033)"
MCP2770001L,17003840,Montgomery County Police,Injury Crash,01/22/2017 06:56:00 PM,,,,,PARKING LOT OF 16004 SHADY GROVE ROAD,,PEDESTRIAN,OTHER,CLOUDY,,DARK LIGHTS ON,NO CONTROLS,NONE DETECTED,NONE DETECTED,72109333-16BB-4A09-9D1C-F5A955AE6DDB,PEDESTRIAN,Other,DART DASH,OTHER,NO PED. SIGNAL,MIXED CLOTHING,Yes,POSSIBLE INJURY,NONE,39.12015,-77.18208,"(39.12015, -77.18208)"
MCP29050016,15034441,MONTGOMERY,Property Damage Crash,07/13/2015 05:43:00 PM,County,FERNWOOD RD,County,ROCK SPRING DR,,N/A,BICYCLIST,STRAIGHT MOVEMENT ANGLE,CLEAR,WET,DAYLIGHT,TRAFFIC SIGNAL,NONE DETECTED,NONE DETECTED,EA4A2940-6D33-41E5-8038-07B169F7C13C,BICYCLIST,Cross/Enter at Intersection,NO IMPROPER ACTIONS,AT INTERSECTION MARKED CROSSWALK,OBEYED PED. SIGNAL,MIXED CLOTHING,No,NO APPARENT INJURY,MC/BIKE HELMET,39.02381833,-77.13551333,"(39.02381833, -77.13551333)"
MCP29690067,190012173,Montgomery County Police,Injury Crash,03/16/2019 12:25:00 PM,Maryland (State),OLNEY SANDY SPRING RD,County,BROOKE RD,,N/A,OTHER,OTHER,CLEAR,OTHER,DAYLIGHT,PERSON,NONE DETECTED,NONE DETECTED,8B0BAB87-1000-46A3-888C-800A5C783BEB,OTHER,Other Working,OTHER,ON ROADWAY NOT AT CROSSWALK,OTHER,REFLECTIVE MATERIAL,No,POSSIBLE INJURY,REFLECTIVE CLOTHING,39.14970333,-77.02642167,"(39.14970333, -77.02642167)"
MCP24450009,190009816,Montgomery County Police,Injury Crash,03/02/2019 12:19:00 PM,County,LEAMAN FARM RD,Unknown,DAVENTRY WAY,,N/A,PEDESTRIAN,SINGLE VEHICLE,CLEAR,DRY,DAYLIGHT,NO CONTROLS,NONE DETECTED,NONE DETECTED,F0D8A486-1269-4FAB-9265-4CF263B385DC,PEDESTRIAN,Cross/Enter not at Intersection,DART DASH,ON ROADWAY NOT AT CROSSWALK,NO PED. SIGNAL,N/A,Yes,SUSPECTED MINOR INJURY,NONE,39.1580955,-77.2788765,"(39.1580955, -77.2788765)"
DD55080043,170541807,Rockville Police Departme,Injury Crash,11/09/2017 09:57:00 AM,Maryland (State),VEIRS MILL RD,County,TWINBROOK PKWY,,N/A,PEDESTRIAN,OTHER,RAINING,WET,DAYLIGHT,TRAFFIC SIGNAL,NONE DETECTED,UNKNOWN,BEB28B90-AF65-4A9B-B2A3-232FF2D06225,PEDESTRIAN,Cross/Enter at Intersection,IN ROADWAY IMPROPERLY,ON ROADWAY NOT AT CROSSWALK,NO PED. SIGNAL,MIXED CLOTHING,Yes,SUSPECTED SERIOUS INJURY,N/A,39.07349901,-77.11182877,"(39.07349901, -77.11182877)"
MCP28680025,17002469,Montgomery County Police,Injury Crash,01/14/2017 05:35:00 PM,County,RUGBY AVE,County,WOODMONT AVE,,N/A,PEDESTRIAN,OTHER,RAINING,WET,DARK LIGHTS ON,STOP SIGN,NONE DETECTED,NONE DETECTED,AA688BA9-38C4-41F9-91FC-72947ABFC0BF,PEDESTRIAN,Cross/Enter at Intersection,NO IMPROPER ACTIONS,AT INTERSECTION MARKED CROSSWALK,OBEYED PED. SIGNAL,MIXED CLOTHING,No,POSSIBLE INJURY,NONE,38.99130391,-77.09679902,"(38.99130391, -77.09679902)"
MCP2832002M,17015784,Montgomery County Police,Injury Crash,03/28/2017 01:38:00 PM,Maryland (State),EAST WEST HWY,County,GRUBB RD,,N/A,PEDESTRIAN,SINGLE VEHICLE,CLOUDY,DRY,DAYLIGHT,TRAFFIC SIGNAL,NONE DETECTED,NONE DETECTED,C453E4F1-F934-48E4-AF1F-8F114534F46E,PEDESTRIAN,Cross/Enter at Intersection,NO IMPROPER ACTIONS,ON ROADWAY AT CROSSWALK,OBEYED PED. SIGNAL,MIXED CLOTHING,No,SUSPECTED MINOR INJURY,N/A,38.99381333,-77.05224833,"(38.99381333, -77.05224833)"
MCP9301000M,15026639,Montgomery County Police,Injury Crash,06/02/2015 02:16:00 PM,,,,,parking lot of 610 N. Frederick Ave,,PEDESTRIAN,SINGLE VEHICLE,RAINING,,DAYLIGHT,NO CONTROLS,NONE DETECTED,NONE DETECTED,93765BF6-9A08-4BC3-9556-6D0795745664,PEDESTRIAN,Other,NO IMPROPER ACTIONS,OTHER,N/A,LIGHT CLOTHING,,SUSPECTED SERIOUS INJURY,N/A,39.15043667,-77.21318667,"(39.15043667, -77.21318667)"
MCP2395000P,170522165,Montgomery County Police,Injury Crash,07/31/2017 06:35:00 PM,County,CLUB HOLLOW RD,County,TRUNDLE RD,,N/A,OTHER,SINGLE VEHICLE,CLEAR,DRY,DAYLIGHT,NO CONTROLS,NONE DETECTED,N/A,3A52C989-AF48-43FB-8246-25AD4F6CB889,OTHER,N/A,N/A,N/A,N/A,N/A,No,NO APPARENT INJURY,N/A,39.13548333,-77.46941167,"(39.13548333, -77.46941167)"
DD5583001V,16051391,Rockville Police Departme,Injury Crash,10/06/2016 02:00:00 PM,,,,,"PARKING LOT OF GIANT FOOD, 625 HUNGERFORD DRIVE, ROCKVILLE",,PEDESTRIAN,OTHER,CLOUDY,,DAYLIGHT,N/A,UNKNOWN,NONE DETECTED,0F99B57D-29FE-4396-9536-EC9C2D673F73,PEDESTRIAN,Other,NO IMPROPER ACTIONS,OTHER,N/A,MIXED CLOTHING,No,POSSIBLE INJURY,N/A,39.09294866,-77.15273112,"(39.09294866, -77.15273112)"
MCP23480025,16060327,Montgomery County Police,Injury Crash,11/23/2016 07:13:00 PM,,,,,DRIVEWAY OF 10820 GEORGIA AVE.,,PEDESTRIAN,SINGLE VEHICLE,CLEAR,,DARK LIGHTS ON,NO CONTROLS,NONE DETECTED,NONE DETECTED,46F97782-4222-4A49-BE41-2E4903AC42EB,PEDESTRIAN,Walking/Cycling on Sidewalk,NO IMPROPER ACTIONS,SIDEWALK,N/A,DARK CLOTHING,No,SUSPECTED MINOR INJURY,N/A,39.03336333,-77.04893667,"(39.03336333, -77.04893667)"
MCP2789005K,190006883,Montgomery County Police,Injury Crash,02/12/2019 04:50:00 PM,US (State),GEORGIA AVE,County,THAYER AVE,,N/A,PEDESTRIAN,SINGLE VEHICLE,RAINING,WET,DAWN,TRAFFIC SIGNAL,N/A,N/A,5D33E64D-5C08-4CB9-8AB1-7F3E18922101,PEDESTRIAN,Cross/Enter at Intersection,FAILURE TO OBEY TRAFFIC SIGNS SIGNALS OR OFFICER,AT INTERSECTION MARKED CROSSWALK,DISOBEYED PED. SIGNAL,MIXED CLOTHING,Yes,POSSIBLE INJURY,N/A,38.99114333,-77.026995,"(38.99114333, -77.026995)"
MCP2982001R,17012165,Montgomery County Police,Injury Crash,03/08/2017 10:23:00 AM,County,FENTON ST,County,ROEDER RD,,N/A,PEDESTRIAN,OTHER,CLEAR,DRY,DAYLIGHT,NO CONTROLS,NONE DETECTED,NONE DETECTED,76FA5E8C-640A-4ED3-A6EC-5F9ACD5A02E2,PEDESTRIAN,Cross/Enter at Intersection,NO IMPROPER ACTIONS,AT INTERSECTION MARKED CROSSWALK,NO PED. SIGNAL,DARK CLOTHING,No,SUSPECTED MINOR INJURY,NONE,38.99715833,-77.02614333,"(38.99715833, -77.02614333)"
MCP2398000J,15044798,MONTGOMERY,Injury Crash,09/06/2015 03:45:00 PM,County,SNOUFFERS SCHOOL RD,Maryland (State),WOODFIELD RD,,N/A,PEDESTRIAN,STRAIGHT MOVEMENT ANGLE,CLEAR,DRY,DAYLIGHT,OTHER,UNKNOWN,NONE DETECTED,C96288A6-A168-48FE-A4BD-A144889E8201,PEDESTRIAN,Cross/Enter at Intersection,NO IMPROPER ACTIONS,ON ROADWAY AT CROSSWALK,NO PED. SIGNAL,MIXED CLOTHING,No,SUSPECTED MINOR INJURY,NONE,39.1608978,-77.16340899,"(39.1608978, -77.16340899)"
MCP2829001J,15040654,MONTGOMERY,Injury Crash,08/14/2015 09:48:00 PM,County,LOCKWOOD DR,Unknown,ENT TO SHOPPING CENTER,,N/A,PEDESTRIAN,OTHER,CLEAR,DRY,DARK LIGHTS ON,TRAFFIC SIGNAL,NONE DETECTED,NONE DETECTED,C5F04910-63BB-4DE1-89FB-761674623A04,PEDESTRIAN,Cross/Enter at Intersection,IN ROADWAY IMPROPERLY,UNKNOWN,DISOBEYED PED. SIGNAL,MIXED CLOTHING,Yes,SUSPECTED MINOR INJURY,NONE,39.004363,-76.996607,"(39.004363, -76.996607)"
MCP2978000D,15021984,Montgomery County Police,Injury Crash,05/08/2015 04:55:00 PM,Maryland (State),DARNESTOWN RD,County,VICARS WAY,,N/A,BICYCLIST,SINGLE VEHICLE,CLEAR,DRY,DAYLIGHT,N/A,NONE DETECTED,NONE DETECTED,DB6A4BA6-A65A-4D5F-8905-D970F38F864A,BICYCLIST,Walking/Riding w/Traffic,NO IMPROPER ACTIONS,SHOULDER,N/A,UNKNOWN,,SUSPECTED SERIOUS INJURY,UNKNOWN,39.10357,-77.28741,"(39.10357, -77.28741)"
MCP2960000S,15062441,Montgomery County Police,Injury Crash,12/07/2015 09:59:00 AM,,TWIN BRANCHES DRIVE,,BASSET LANE,,N/A,PEDESTRIAN,OTHER,CLEAR,DRY,DAYLIGHT,NO CONTROLS,NONE DETECTED,NONE DETECTED,01E53812-006A-4B2E-8323-59C1AC0D6055,PEDESTRIAN,Cross/Enter at Intersection,UNKNOWN,ON ROADWAY NOT AT CROSSWALK,NO PED. SIGNAL,DARK CLOTHING,Yes,POSSIBLE INJURY,NONE,39.10870333,-77.07305833,"(39.10870333, -77.07305833)"
MCP2617006T,190002554,Montgomery County Police,Injury Crash,01/16/2019 05:50:00 PM,Maryland (State),GEORGIA AVE,County,HEWITT AVE,,N/A,PEDESTRIAN,SINGLE VEHICLE,CLOUDY,WET,DARK LIGHTS ON,TRAFFIC SIGNAL,NONE DETECTED,NONE DETECTED,B78E6381-02E4-4D3D-A786-D12ECB76C428,PEDESTRIAN,Cross/Enter at Intersection,DART DASH,ON ROADWAY AT CROSSWALK,DISOBEYED PED. SIGNAL,MIXED CLOTHING,Yes,SUSPECTED SERIOUS INJURY,NONE,39.05769833,-77.05041667,"(39.05769833, -77.05041667)"
DD5508002D,16047169,Rockville Police Departme,Injury Crash,09/14/2016 05:05:00 PM,County,SOUTHLAWN LA,County,E GUDE DR,,N/A,BICYCLIST,STRAIGHT MOVEMENT ANGLE,CLEAR,DRY,DAYLIGHT,TRAFFIC SIGNAL,NONE DETECTED,NONE DETECTED,1C26C7F5-4078-40A0-8032-FB0622D4E31E,BICYCLIST,Cross/Enter at Intersection,NO IMPROPER ACTIONS,ON ROADWAY AT CROSSWALK,OBEYED PED. SIGNAL,MIXED CLOTHING,No,POSSIBLE INJURY,MC/BIKE HELMET,39.09735,-77.13649167,"(39.09735, -77.13649167)"
MCP2001000S,170533298,Montgomery County Police,Fatal Crash,09/26/2017 07:56:00 PM,County,MUDDY BRANCH RD,County,HARMONY HALL RD,,N/A,PEDESTRIAN,SINGLE VEHICLE,CLEAR,DRY,DUSK,NO CONTROLS,NONE DETECTED,UNKNOWN,3CE9FC84-5005-4D73-9E72-6A1C750FC3FA,PEDESTRIAN,Cross/Enter at Intersection,DART DASH,ON ROADWAY AT CROSSWALK,NO PED. SIGNAL,MIXED CLOTHING,Unknown,FATAL INJURY,N/A,39.13665761,-77.20578454,"(39.13665761, -77.20578454)"
MCP2796002B,15056417,MONTGOMERY,Injury Crash,11/05/2015 05:24:00 PM,,SOUTH LEISUREWORLD BLVD,,GLENEAGLES DR,,N/A,PEDESTRIAN,SINGLE VEHICLE,CLOUDY,DRY,DARK LIGHTS ON,NO CONTROLS,NONE DETECTED,NONE DETECTED,F6373CFA-8AC5-4A63-8BD0-D5C3349D7A5A,PEDESTRIAN,Cross/Enter at Intersection,NO IMPROPER ACTIONS,ON ROADWAY AT CROSSWALK,NO PED. SIGNAL,MIXED CLOTHING,No,SUSPECTED MINOR INJURY,N/A,39.09837,-77.07358833,"(39.09837, -77.07358833)"
MCP2719000J,15019317,Montgomery County Police,Injury Crash,04/24/2015 02:35:00 PM,County,RANDOLPH RD,County,MIDDLEVALE LA,,N/A,PEDESTRIAN,N/A,N/A,N/A,DAYLIGHT,N/A,,N/A,B9ED6297-BCF8-473B-83DC-522F0DB31300,PEDESTRIAN,Walking to/from school,N/A,SIDEWALK,N/A,DARK CLOTHING,,SUSPECTED MINOR INJURY,NONE,39.06457333,-77.03838333,"(39.06457333, -77.03838333)"
MCP2898001Z,17000640,Montgomery County Police,Injury Crash,01/04/2017 05:26:00 PM,Maryland (State),GERMANTOWN RD,County,BOWMAN MILL RD,,N/A,PEDESTRIAN,SAME DIRECTION LEFT TURN,CLEAR,DRY,DARK LIGHTS ON,NO CONTROLS,N/A,N/A,1C5325F2-A4A7-4240-990E-9D011078EC2D,PEDESTRIAN,Cross/Enter at Intersection,NO IMPROPER ACTIONS,AT INTERSECTION BUT NO CROSSWALK,NO PED. SIGNAL,MIXED CLOTHING,Yes,POSSIBLE INJURY,NONE,39.17548167,-77.27230167,"(39.17548167, -77.27230167)"
MCP2425008G,17001565,Montgomery County Police,Injury Crash,01/10/2017 07:50:00 AM,,,,,PARKING LOT OF 2 UNIVERSITY BLVD W,,PEDESTRIAN,OTHER,CLEAR,,DAYLIGHT,NO CONTROLS,N/A,NONE DETECTED,82E60120-8F5A-4564-87AC-8D94951B2E64,PEDESTRIAN,Walking/Cycling on Sidewalk,UNKNOWN,SIDEWALK,N/A,DARK CLOTHING,Unknown,SUSPECTED MINOR INJURY,NONE,39.02050333,-77.01314667,"(39.02050333, -77.01314667)"
MCP1378009X,16027832,Montgomery County Police,Injury Crash,06/03/2016 05:15:00 PM,Maryland (State),QUINCE ORCHARD RD,Municipality,QUINCE ORCHARD BLVD,,GAITHERSBURG,BICYCLIST,SINGLE VEHICLE,CLOUDY,WET,DAYLIGHT,TRAFFIC SIGNAL,NONE DETECTED,NONE DETECTED,35BA241B-CE94-4081-8208-8D1865D6A656,BICYCLIST,Cross/Enter at Intersection,FAILURE TO YIELD RIGHT OF WAY,ON ROADWAY AT CROSSWALK,OBEYED PED. SIGNAL,DARK CLOTHING,Yes,POSSIBLE INJURY,NONE,39.13464333,-77.223795,"(39.13464333, -77.223795)"
MCP24110024,180029087,Montgomery County Police,Injury Crash,06/12/2018 08:39:00 PM,Maryland (State),ROCKVILLE PIKE,Unknown,ENT TO MONTROSE CROSSING S.C.,,N/A,BICYCLIST,STRAIGHT MOVEMENT ANGLE,CLEAR,DRY,DARK -- UNKNOWN LIGHTING,TRAFFIC SIGNAL,UNKNOWN,NONE DETECTED,502CD2FF-05A3-4127-B356-84E543FCE677,BICYCLIST,Cross/Enter at Intersection,NO IMPROPER ACTIONS,ON ROADWAY AT CROSSWALK,OBEYED PED. SIGNAL,MIXED CLOTHING,No,SUSPECTED MINOR INJURY,UNKNOWN,39.05505939,-77.11832643,"(39.05505939, -77.11832643)"
MCP2871003S,16066438,Montgomery County Police,Injury Crash,12/26/2016 05:00:00 PM,County,DEMOCRACY BLVD,Unknown,ENT TO MALL,,N/A,OTHER,SINGLE VEHICLE,N/A,DRY,DUSK,PERSON,N/A,NONE DETECTED,C59FD9CF-5C4D-4E78-BF8C-3D5C07DCC187,OTHER,Other Working,NO IMPROPER ACTIONS,AT INTERSECTION BUT NO CROSSWALK,N/A,REFLECTIVE MATERIAL,No,SUSPECTED MINOR INJURY,NONE,39.02402,-77.144265,"(39.02402, -77.144265)"
EJ7833003W,170524565,Gaithersburg Police Depar,Injury Crash,08/12/2017 11:38:00 PM,,,,,"PARKING LOT OF 111 WATKINS STATION CIRCLE IN GAITHERSBURG, MD 20877",,PEDESTRIAN,OTHER,N/A,,DARK LIGHTS ON,NO CONTROLS,UNKNOWN,NONE DETECTED,8612D1E8-980E-47B4-AC2D-462CFE3AA978,PEDESTRIAN,Standing,OTHER,OTHER,N/A,DARK CLOTHING,No,POSSIBLE INJURY,NONE,39.16057648,-77.2195711,"(39.16057648, -77.2195711)"
MCP29690019,15062641,MONTGOMERY,Injury Crash,12/08/2015 10:30:00 AM,County,AMHERST AVE,County,REEDIE DR,,N/A,PEDESTRIAN,OTHER,CLEAR,DRY,DAYLIGHT,STOP SIGN,UNKNOWN,NONE DETECTED,B2EB067D-2E82-449B-A8E0-38A327B4DC35,PEDESTRIAN,Cross/Enter at Intersection,NO IMPROPER ACTIONS,ON ROADWAY AT CROSSWALK,NO PED. SIGNAL,MIXED CLOTHING,No,SUSPECTED MINOR INJURY,NONE,39.03945667,-77.04855333,"(39.03945667, -77.04855333)"
MCP23530031,16054855,Montgomery County Police,Injury Crash,10/25/2016 09:05:00 AM,Maryland (State),WISCONSIN AVE,Unknown,WESTERN AVE (DC MAINT),,N/A,PEDESTRIAN,SINGLE VEHICLE,CLEAR,DRY,DAYLIGHT,TRAFFIC SIGNAL,NONE DETECTED,NONE DETECTED,E5D922AF-188F-4931-AD1F-181F5C932237,PEDESTRIAN,Cross/Enter at Intersection,NO IMPROPER ACTIONS,ON ROADWAY AT CROSSWALK,UNKNOWN,DARK CLOTHING,No,POSSIBLE INJURY,NONE,38.961205,-77.08555667,"(38.961205, -77.08555667)"
MCP28130057,180038702,Montgomery County Police,Injury Crash,08/04/2018 05:50:00 PM,,,,,PARKING LOT OF 4301 RANDOLPH RD,,PEDESTRIAN,OTHER,CLEAR,,DAYLIGHT,N/A,N/A,N/A,E7428D8F-B3F9-401C-A2A1-1BB16F5065FA,PEDESTRIAN,Other,N/A,OTHER,N/A,N/A,No,SUSPECTED MINOR INJURY,N/A,39.05566333,-77.08368333,"(39.05566333, -77.08368333)"
MCP0942001M,180005987,Montgomery County Police,Injury Crash,02/04/2018 08:35:00 AM,,,,,"PARKING LOT-BETHESDA ELEMENTARY
7600 ARLINGTON RD.",,PEDESTRIAN,OTHER,CLOUDY,,DAYLIGHT,N/A,NONE DETECTED,NONE DETECTED,E868156F-9C6A-450C-85F5-380287134677,PEDESTRIAN,Other Working,NO IMPROPER ACTIONS,OTHER,N/A,DARK CLOTHING,No,SUSPECTED MINOR INJURY,N/A,38.9860995,-77.09893583,"(38.9860995, -77.09893583)"
MCP3027000T,170516426,Montgomery County Police,Injury Crash,06/29/2017 01:31:00 PM,,,,,8580 2ND AVE - DRIVEWAY,,PEDESTRIAN,SINGLE VEHICLE,CLEAR,,DAYLIGHT,NO CONTROLS,NONE DETECTED,NONE DETECTED,71F89BAE-0EC1-4EBD-B782-38F809161AC8,PEDESTRIAN,Cross/Enter not at Intersection,NO IMPROPER ACTIONS,SIDEWALK,NO PED. SIGNAL,MIXED CLOTHING,No,POSSIBLE INJURY,NONE,38.99645333,-77.03272,"(38.99645333, -77.03272)"
MCP1048000Z,15050991,MONTGOMERY,Injury Crash,10/08/2015 10:30:00 AM,County,E GUDE DR,County,CRABBS BRANCH WAY,,N/A,OTHER,SAME DIR REAR END,CLEAR,DRY,DAYLIGHT,OTHER,N/A,N/A,96A8B40E-E918-4F95-AD35-52297F912725,OTHER,Other Working,NO IMPROPER ACTIONS,INSIDE BUILDING,OTHER,OTHER,No,POSSIBLE INJURY,N/A,39.10644667,-77.14993167,"(39.10644667, -77.14993167)"
MCP26870032,180027292,Montgomery County Police,Injury Crash,06/03/2018 02:36:00 PM,Government,SOUTH DR,Maryland (State),ROCKVILLE PIKE,,N/A,PEDESTRIAN,SINGLE VEHICLE,RAINING,WET,DAYLIGHT,NO CONTROLS,NONE DETECTED,NONE DETECTED,C72D8A9C-F81E-4F45-B2B5-B26BF9C1BF14,PEDESTRIAN,Cross/Enter at Intersection,NO IMPROPER ACTIONS,ON ROADWAY AT CROSSWALK,NO PED. SIGNAL,LIGHT CLOTHING,No,POSSIBLE INJURY,N/A,38.99958604,-77.09809452,"(38.99958604, -77.09809452)"
DD5604002Q,190010318,Rockville Police Departme,Injury Crash,03/05/2019 07:53:00 AM,Municipality,N WASHINGTON ST,Municipality,DAWSON AVE,,ROCKVILLE,PEDESTRIAN,OTHER,CLEAR,DRY,DARK LIGHTS ON,NO CONTROLS,NONE DETECTED,NONE DETECTED,8E4617F9-04EC-4210-B74C-21EC025F5D32,PEDESTRIAN,Cross/Enter not at Intersection,IN ROADWAY IMPROPERLY,ON ROADWAY NOT AT CROSSWALK,NO PED. SIGNAL,DARK CLOTHING,Yes,POSSIBLE INJURY,NONE,39.08894833,-77.153605,"(39.08894833, -77.153605)"
MCP3050002H,180035990,Montgomery County Police,Injury Crash,07/20/2018 04:30:00 PM,County,BEL PRE RD,County,CONNECTICUT AVE,,N/A,PEDESTRIAN,SINGLE VEHICLE,CLEAR,DRY,DAYLIGHT,OTHER,NONE DETECTED,NONE DETECTED,A432D11C-75EA-4357-A558-3B09FA6E4987,PEDESTRIAN,Cross/Enter at Intersection,NO IMPROPER ACTIONS,ON ROADWAY AT CROSSWALK,OBEYED PED. SIGNAL,LIGHT CLOTHING,No,POSSIBLE INJURY,NONE,39.09174167,-77.06588167,"(39.09174167, -77.06588167)"
MCP30060014,16039639,Montgomery County Police,Injury Crash,08/05/2016 01:00:00 PM,Maryland (State),UNIVERSITY BLVD W,County,DENNIS AVE,,N/A,BICYCLIST,HEAD ON LEFT TURN,N/A,DRY,DAYLIGHT,TRAFFIC SIGNAL,NONE DETECTED,NONE DETECTED,85CF0FC2-EAA6-4C20-A0B0-1738413B790E,BICYCLIST,Walking/Riding w/Traffic,NO IMPROPER ACTIONS,AT INTERSECTION BUT NO CROSSWALK,NO PED. SIGNAL,MIXED CLOTHING,No,SUSPECTED MINOR INJURY,MC/BIKE HELMET,39.02615667,-77.02019333,"(39.02615667, -77.02019333)"