Report Number,Local Case Number,Agency Name,ACRS Report Type,Crash Date/Time,Route Type,Road Name,Cross-Street Type,Cross-Street Name,Off-Road Description,Municipality,Related Non-Motorist,Collision Type,Weather,Surface Condition,Light,Traffic Control,Driver Substance Abuse,Non-Motorist Substance Abuse,Person ID,Pedestrian Type,Pedestrian Movement,Pedestrian Actions,Pedestrian Location,Pedestrian Obeyed Traffic Signal,Pedestrian Visibility,At Fault,Injury Severity,Safety Equipment,Latitude,Longitude,Location
DD55930022,16015181,Rockville Police Departme,Injury Crash,03/28/2016 03:23:00 PM,Maryland (State),ROCKVILLE PIKE,Municipality,EDMONSTON DR,,ROCKVILLE,BICYCLIST,ANGLE MEETS RIGHT TURN,SEVERE WINDS,DRY,DAYLIGHT,NO CONTROLS,NONE DETECTED,NONE DETECTED,767519DF-8A12-42C5-886C-AD555FA6430D,BICYCLIST,Cross/Enter at Intersection,NO IMPROPER ACTIONS,SIDEWALK,NO PED. SIGNAL,DARK CLOTHING,No,SUSPECTED MINOR INJURY,NONE,39.07397667,-77.13543333,"(39.07397667, -77.13543333)"
MCP20480019,170515411,Montgomery County Police,Injury Crash,06/23/2017 06:27:00 PM,Maryland (State),SANDY SPRING RD,Ramp,RAMP 4 FR US 29 NB TO MD 198 EB,,N/A,PEDESTRIAN,OTHER,CLEAR,DRY,DAYLIGHT,NO CONTROLS,UNKNOWN,NONE DETECTED,887F88DD-FA4D-4D2F-B2AF-408DC929E0B3,PEDESTRIAN,Walking/Cycling on Sidewalk,NO IMPROPER ACTIONS,SIDEWALK,NO PED. SIGNAL,DARK CLOTHING,No,SUSPECTED MINOR INJURY,N/A,39.111815,-76.929065,"(39.111815, -76.929065)"
MCP12270007,15012578,Montgomery County Police,Fatal Crash,03/18/2015 07:45:00 PM,Maryland (State),FREDERICK RD,County,SHAWNEE LA,,N/A,PEDESTRIAN,SINGLE VEHICLE,CLEAR,DRY,DARK -- UNKNOWN LIGHTING,NO CONTROLS,NONE DETECTED,NONE DETECTED,AE243F36-D94C-4626-A7DF-F0F7D7575AD5,PEDESTRIAN,Cross/Enter not at Intersection,UNKNOWN,ON ROADWAY NOT AT CROSSWALK,NO PED. SIGNAL,DARK CLOTHING,,FATAL INJURY,N/A,39.22979321,-77.26798832,"(39.22979321, -77.26798832)"
MCP2894004Z,180033797,Montgomery County Police,Injury Crash,07/09/2018 05:50:00 AM,County,ALTA VISTA RD,Maryland (State),OLD GEORGETOWN RD,,N/A,OTHER CONVEYANCE,OTHER,CLEAR,DRY,DARK LIGHTS ON,NO CONTROLS,UNKNOWN,NONE DETECTED,54B61836-A7DC-4A9E-85F4-D220E0AF3242,OTHER CONVEYANCE,Cross/Enter at Intersection,NO IMPROPER ACTIONS,ON ROADWAY AT CROSSWALK,NO PED. SIGNAL,MIXED CLOTHING,No,SUSPECTED MINOR INJURY,NONE,39.00660309,-77.11168729,"(39.00660309, -77.11168729)"
MCP1378009T,16027391,Montgomery County Police,Injury Crash,06/01/2016 05:10:00 PM,County,BLACKWELL RD,County,GREAT SENECA HWY,,N/A,BICYCLIST,STRAIGHT MOVEMENT ANGLE,CLEAR,DRY,DAYLIGHT,STOP SIGN,NONE DETECTED,NONE DETECTED,3D94E185-8F4F-4F4D-8B60-6E3BC1A9A58C,BICYCLIST,Cross/Enter at Intersection,NO IMPROPER ACTIONS,ON ROADWAY NOT AT CROSSWALK,NO PED. SIGNAL,MIXED CLOTHING,Yes,POSSIBLE INJURY,MC/BIKE HELMET,39.10165667,-77.20517,"(39.10165667, -77.20517)"
HA22880002,16001012,Maryland-National Capital,Injury Crash,08/10/2016 10:30:00 AM,,,,,CAPITAL CRESENT TRAIL@LITTLE FALLS PKWY,,BICYCLIST,STRAIGHT MOVEMENT ANGLE,CLEAR,,DAYLIGHT,STOP SIGN,N/A,NONE DETECTED,178C3CAC-140D-4BD1-BC89-12699E1E0904,BICYCLIST,Cross/Enter at Intersection,NO IMPROPER ACTIONS,AT INTERSECTION MARKED CROSSWALK,NO PED. SIGNAL,N/A,No,SUSPECTED MINOR INJURY,N/A,38.97379945,-77.10178927,"(38.97379945, -77.10178927)"
MCP27170013,15012610,Montgomery County Police,Injury Crash,03/19/2015 04:30:00 AM,County,BRIGGS CHANEY RD,County,FAIRLAND RD,,N/A,PEDESTRIAN,OTHER,CLEAR,DRY,DARK LIGHTS ON,NO CONTROLS,,NONE DETECTED,29240234-45E8-4164-96BE-155A884B3164,PEDESTRIAN,Unknown,UNKNOWN,UNKNOWN,UNKNOWN,UNKNOWN,,SUSPECTED MINOR INJURY,UNKNOWN,38.99762833,-77.10989333,"(38.99762833, -77.10989333)"
MCP2298004G,15008014,Montgomery County Police,Injury Crash,02/18/2015 02:10:00 PM,,,,,PARKING LOT OF 20600 SENECA MEADOWS PKW,,PEDESTRIAN,OTHER,N/A,,DAYLIGHT,N/A,N/A,NONE DETECTED,961767C6-9543-41F1-B146-1EE2AF459BA0,PEDESTRIAN,Other,NO IMPROPER ACTIONS,OTHER,N/A,N/A,,SUSPECTED MINOR INJURY,N/A,39.19981002,-77.25581646,"(39.19981002, -77.25581646)"
MCP11230022,180038074,Montgomery County Police,Injury Crash,08/01/2018 07:09:00 AM,Maryland (State),GEORGIA AVE,County,SHOREFIELD RD,,N/A,PEDESTRIAN,SINGLE VEHICLE,CLOUDY,DRY,DAYLIGHT,TRAFFIC SIGNAL,NONE DETECTED,NONE DETECTED,6FE789F9-0D50-411A-AB33-C43A865E7C39,PEDESTRIAN,Cross/Enter at Intersection,NO IMPROPER ACTIONS,AT INTERSECTION MARKED CROSSWALK,OBEYED PED. SIGNAL,MIXED CLOTHING,No,SUSPECTED MINOR INJURY,NONE,39.052985,-77.05087667,"(39.052985, -77.05087667)"
MCP2094007Y,17009536,Montgomery County Police,Injury Crash,02/22/2017 12:44:00 PM,,,,,"PARKING LOT OF
2015 EAST WEST HWY",,PEDESTRIAN,OTHER,CLEAR,,DAYLIGHT,N/A,NONE DETECTED,NONE DETECTED,4138826F-3B96-441F-A3E4-65EF5DA2A065,PEDESTRIAN,Standing,NO IMPROPER ACTIONS,OTHER,N/A,MIXED CLOTHING,No,SUSPECTED SERIOUS INJURY,N/A,38.99501333,-77.04428,"(38.99501333, -77.04428)"
DD5612002B,180014384,Rockville Police Departme,Injury Crash,03/23/2018 03:04:00 PM,,,,,PARKING LOT OF 625 HUNGERFORD DR,,PEDESTRIAN,OTHER,CLEAR,,DAYLIGHT,NO CONTROLS,NONE DETECTED,NONE DETECTED,CE184A02-ABA8-4CC4-A75D-216FE7AA9224,PEDESTRIAN,Standing,NO IMPROPER ACTIONS,OTHER,N/A,LIGHT CLOTHING,No,POSSIBLE INJURY,N/A,39.09222667,-77.15240333,"(39.09222667, -77.15240333)"
EJ7863000N,16066010,Gaithersburg Police Depar,Injury Crash,12/23/2016 04:24:00 PM,Municipality,PROFESSIONAL DR,Maryland (State),FREDERICK RD,,N/A,PEDESTRIAN,N/A,CLEAR,DRY,DAYLIGHT,TRAFFIC SIGNAL,NONE DETECTED,NONE DETECTED,80A78B07-F7FC-4F9A-B9E5-DC7D2F58B471,PEDESTRIAN,Cross/Enter not at Intersection,DART DASH,ON ROADWAY NOT AT CROSSWALK,DISOBEYED PED. SIGNAL,DARK CLOTHING,Yes,SUSPECTED MINOR INJURY,NONE,39.16337167,-77.22609,"(39.16337167, -77.22609)"
DD56190001,16009838,Rockville Police Departme,Injury Crash,02/27/2016 09:47:00 PM,Municipality,W EDMONSTON DR,Municipality,WOOTTON PKWY,,ROCKVILLE,PEDESTRIAN,OTHER,CLEAR,DRY,DARK LIGHTS ON,OTHER,NONE DETECTED,NONE DETECTED,289A8B8D-32F9-473A-82BD-DC957CE35E12,PEDESTRIAN,Cross/Enter at Intersection,NO IMPROPER ACTIONS,ON ROADWAY AT CROSSWALK,NO PED. SIGNAL,DARK CLOTHING,No,POSSIBLE INJURY,NONE,39.07354333,-77.13685667,"(39.07354333, -77.13685667)"
MCP9321001T,170543825,Montgomery County Police,Injury Crash,11/21/2017 07:30:00 AM,Maryland (State),GEORGIA AVE,County,SHOREFIELD RD,,N/A,PEDESTRIAN,OTHER,CLEAR,DRY,DAYLIGHT,TRAFFIC SIGNAL,UNKNOWN,NONE DETECTED,494D583B-85EB-43D5-87B2-1A933B93289B,PEDESTRIAN,Cross/Enter at Intersection,NO IMPROPER ACTIONS,ON ROADWAY AT CROSSWALK,OBEYED PED. SIGNAL,MIXED CLOTHING,No,SUSPECTED MINOR INJURY,NONE,39.053038,-77.051014,"(39.053038, -77.051014)"
MCP2339003M,180038573,Montgomery County Police,Injury Crash,08/03/2018 07:32:00 PM,County,RANDOLPH RD,County,PARKLAWN DR,,N/A,BICYCLIST,OTHER,RAINING,WET,DAYLIGHT,TRAFFIC SIGNAL,NONE DETECTED,NONE DETECTED,2AFD2FE0-A041-4D97-8EF7-76D59E45F9A7,BICYCLIST,Cross/Enter at Intersection,NO IMPROPER ACTIONS,ON ROADWAY AT CROSSWALK,N/A,MIXED CLOTHING,No,SUSPECTED MINOR INJURY,NONE,39.05342667,-77.10708,"(39.05342667, -77.10708)"
DD5631000W,180036439,Rockville Police Departme,Injury Crash,07/23/2018 02:10:00 PM,,,,,"STAPLES PARKING LOT 1531 ROCKVILLE PIKE ROCKVILLE, MD",,PEDESTRIAN,SINGLE VEHICLE,CLEAR,,DAYLIGHT,N/A,NONE DETECTED,NONE DETECTED,95C5A2A2-A22E-4865-9C68-B5367E407F5F,PEDESTRIAN,Other,NO IMPROPER ACTIONS,SIDEWALK,NO PED. SIGNAL,LIGHT CLOTHING,No,SUSPECTED SERIOUS INJURY,N/A,39.06488667,-77.12646333,"(39.06488667, -77.12646333)"
MCP2353002Z,16050932,Montgomery County Police,Injury Crash,10/04/2016 11:40:00 AM,Maryland (State),RIVER RD,Unknown,CAPITOL CRESCENT TRAIL BRIDGE,,N/A,PEDESTRIAN,SINGLE VEHICLE,CLEAR,DRY,DAYLIGHT,OTHER,NONE DETECTED,NONE DETECTED,00DC94D2-5F27-499D-85DD-D39EC5E150DB,PEDESTRIAN,Cross/Enter not at Intersection,NO IMPROPER ACTIONS,ON ROADWAY AT CROSSWALK,NO PED. SIGNAL,LIGHT CLOTHING,No,SUSPECTED SERIOUS INJURY,NONE,38.96444833,-77.10323833,"(38.96444833, -77.10323833)"
MCP2559001D,16052620,Montgomery County Police,Injury Crash,10/13/2016 10:05:00 AM,Municipality,FIRSTFIELD RD,Maryland (State),QUINCE ORCHARD RD,,N/A,BICYCLIST,OTHER,CLOUDY,DRY,DAYLIGHT,TRAFFIC SIGNAL,N/A,N/A,327A5FCA-5E79-4C50-8157-71413B2DBEC3,BICYCLIST,Cross/Enter at Intersection,FAILURE TO OBEY TRAFFIC SIGNS SIGNALS OR OFFICER,ON ROADWAY AT CROSSWALK,DISOBEYED PED. SIGNAL,DARK CLOTHING,Yes,SUSPECTED MINOR INJURY,NONE,39.14509536,-77.21989363,"(39.14509536, -77.21989363)"
MCP2861001K,15063868,MONTGOMERY,Injury Crash,12/14/2015 03:30:00 PM,County,BULLS RUN PKWY,County,ADELAIDE DR,,N/A,"BICYCLIST, OTHER",STRAIGHT MOVEMENT ANGLE,CLEAR,DRY,DAYLIGHT,NO CONTROLS,NONE DETECTED,NONE DETECTED,2B50DEDF-457C-42C8-9A0D-779334516E20,BICYCLIST,Cross/Enter at Intersection,DART DASH,AT INTERSECTION BUT NO CROSSWALK,NO PED. SIGNAL,LIGHT CLOTHING,Yes,POSSIBLE INJURY,MC/BIKE HELMET,39.00966378,-77.12620139,"(39.00966378, -77.12620139)"
MCP2637002W,180059668,Montgomery County Police,Injury Crash,11/29/2018 10:46:00 AM,County,GLEN RD,County,THREE SISTERS RD,,N/A,BICYCLIST,OTHER,CLEAR,DRY,DAYLIGHT,NO CONTROLS,N/A,NONE DETECTED,61360C87-1F16-4459-9CB9-74D57F9203A2,BICYCLIST,Walking/Riding w/Traffic,OTHER,OTHER,N/A,LIGHT CLOTHING,No,POSSIBLE INJURY,MC/BIKE HELMET,39.06331013,-77.25126765,"(39.06331013, -77.25126765)"
MCP28790012,16047439,Montgomery County Police,Injury Crash,09/15/2016 08:35:00 PM,County,REDLAND RD,County,CRABBS BRANCH WAY,,N/A,PEDESTRIAN,N/A,CLEAR,DRY,DARK LIGHTS ON,N/A,NONE DETECTED,ALCOHOL CONTRIBUTED,FE764741-4EFE-46A3-9863-63CA585B883F,PEDESTRIAN,Cross/Enter not at Intersection,DART DASH,ON ROADWAY NOT AT CROSSWALK,NO PED. SIGNAL,MIXED CLOTHING,Yes,SUSPECTED MINOR INJURY,N/A,39.12066333,-77.15898667,"(39.12066333, -77.15898667)"
HA22800009,16001004,Maryland-National Capital,Injury Crash,08/08/2016 01:26:00 PM,Government,BEACH DR,Maryland (State),KNOWLES AVE,,N/A,BICYCLIST,SAME DIR REAR END,CLEAR,DRY,DAYLIGHT,NO CONTROLS,NONE DETECTED,NONE DETECTED,08C4C122-5F8D-47FB-9556-F4A9ADD7F958,BICYCLIST,Walking/Riding w/Traffic,NO IMPROPER ACTIONS,ON ROADWAY NOT AT CROSSWALK,N/A,LIGHT CLOTHING,No,SUSPECTED MINOR INJURY,MC/BIKE HELMET,39.03010333,-77.08701833,"(39.03010333, -77.08701833)"
MCP2008001R,15063186,MONTGOMERY,Injury Crash,12/10/2015 06:35:00 PM,Maryland (State),ROCKVILLE PIKE,Unknown,SPUR TO MD 547,,N/A,PEDESTRIAN,OTHER,CLEAR,DRY,DARK LIGHTS ON,N/A,NONE DETECTED,NONE DETECTED,5C2F5472-3D85-4BB0-B469-DDAA20769EB9,PEDESTRIAN,Cross/Enter at Intersection,NO IMPROPER ACTIONS,AT INTERSECTION MARKED CROSSWALK,NO PED. SIGNAL,DARK CLOTHING,No,POSSIBLE INJURY,N/A,39.03442667,-77.106525,"(39.03442667, -77.106525)"
MCP2882000Q,15006301,Montgomery County Police,Injury Crash,02/07/2015 05:00:00 PM,,,,,Driveway of 21100 Slidell Rd. Boyds MD 20841,,PEDESTRIAN,SINGLE VEHICLE,CLEAR,,DAYLIGHT,N/A,NONE DETECTED,NONE DETECTED,CCA4EFB4-F43F-402B-97D0-45BF5F98D1C9,PEDESTRIAN,Playing,NOT VISIBLE,N/A,N/A,LIGHT CLOTHING,,SUSPECTED MINOR INJURY,N/A,39.20210472,-77.32660532,"(39.20210472, -77.32660532)"
MCP26670021,16000550,Montgomery County Police,Injury Crash,01/04/2016 11:42:00 AM,County,SHADY GROVE RD,Municipality,CHOKE CHERRY RD,,ROCKVILLE,PEDESTRIAN,SINGLE VEHICLE,CLEAR,DRY,DAYLIGHT,TRAFFIC SIGNAL,NONE DETECTED,NONE DETECTED,89998815-C61A-403C-BDCE-246D47C57CF9,PEDESTRIAN,Cross/Enter at Intersection,NO IMPROPER ACTIONS,ON ROADWAY AT CROSSWALK,OBEYED PED. SIGNAL,MIXED CLOTHING,No,SUSPECTED MINOR INJURY,NONE,39.1145953,-77.18575716,"(39.1145953, -77.18575716)"
MCP3045000J,170515506,Montgomery County Police,Injury Crash,06/24/2017 06:46:00 AM,Maryland (State),BRADLEY BLVD,County,EWING DR,,N/A,BICYCLIST,HEAD ON LEFT TURN,CLEAR,WET,DAYLIGHT,NO CONTROLS,NONE DETECTED,NONE DETECTED,A98C05F9-6D3E-4AF1-A1A0-65728F8551E3,BICYCLIST,Cross/Enter at Intersection,N/A,SHARED USE PATH OR TRAILS,N/A,LIGHT CLOTHING,No,SUSPECTED SERIOUS INJURY,MC/BIKE HELMET,38.99439758,-77.12325096,"(38.99439758, -77.12325096)"
MCP2450001V,180021979,Montgomery County Police,Injury Crash,05/04/2018 07:25:00 PM,County,E WAYNE AVE,County,FLOWER AVE,,N/A,PEDESTRIAN,OTHER,N/A,N/A,N/A,TRAFFIC SIGNAL,NONE DETECTED,NONE DETECTED,476057D2-31F5-4594-88F1-3A87231BC64E,PEDESTRIAN,Cross/Enter at Intersection,INATTENTIVE,ON ROADWAY AT CROSSWALK,DISOBEYED PED. SIGNAL,N/A,Yes,POSSIBLE INJURY,N/A,39.00291904,-77.00545907,"(39.00291904, -77.00545907)"
MCP1417006F,17004074,Montgomery County Police,Injury Crash,01/24/2017 06:36:00 AM,Maryland (State),MONTGOMERY VILLAGE AVE,Unknown,SPUR FR MD 124 TO MD 124,,N/A,PEDESTRIAN,STRAIGHT MOVEMENT ANGLE,RAINING,WET,DARK NO LIGHTS,TRAFFIC SIGNAL,NONE DETECTED,NONE DETECTED,BBF10B13-0EAD-49E5-BCAE-E850F77A6937,PEDESTRIAN,Cross/Enter at Intersection,DART DASH,MIDBLOCK MARKED CROSSWALK,DISOBEYED PED. SIGNAL,MIXED CLOTHING,Yes,SUSPECTED MINOR INJURY,NONE,39.16004927,-77.20201537,"(39.16004927, -77.20201537)"
MCP31620028,190021839,Montgomery County Police,Injury Crash,05/09/2019 09:30:00 AM,US (State),COLESVILLE RD,County,FENTON ST,,N/A,PEDESTRIAN,N/A,CLOUDY,DRY,DAYLIGHT,TRAFFIC SIGNAL,NONE DETECTED,NONE DETECTED,AF54A2A9-BD8E-483D-A353-BE8065931F88,PEDESTRIAN,Cross/Enter at Intersection,NO IMPROPER ACTIONS,ON ROADWAY AT CROSSWALK,OBEYED PED. SIGNAL,N/A,No,SUSPECTED MINOR INJURY,N/A,38.997545,-77.02689333,"(38.997545, -77.02689333)"
MCP1575002G,15018735,Montgomery County Police,Injury Crash,04/21/2015 04:25:00 PM,County,SHADY GROVE RD,County,MEDICAL CENTER WAY,,N/A,BICYCLIST,STRAIGHT MOVEMENT ANGLE,CLEAR,DRY,DAYLIGHT,TRAFFIC SIGNAL,NONE DETECTED,NONE DETECTED,0874F7FE-BCB5-40C3-869F-6608FA7CBC0B,BICYCLIST,Cross/Enter at Intersection,FAILURE TO YIELD RIGHT OF WAY,ON ROADWAY AT CROSSWALK,DISOBEYED PED. SIGNAL,MIXED CLOTHING,,POSSIBLE INJURY,UNKNOWN,39.09729667,-77.19467333,"(39.09729667, -77.19467333)"
MCP2810000K,16001457,Montgomery County Police,Injury Crash,01/08/2016 06:34:00 PM,,,,,"PARKING LOT OF 9649 LOST KNIFE RD ,MCG",,PEDESTRIAN,OTHER,RAINING,,DARK LIGHTS ON,N/A,UNKNOWN,N/A,F5EC6FD5-C64A-4A40-AB11-54A59AF25265,PEDESTRIAN,Other,NO IMPROPER ACTIONS,OTHER,N/A,MIXED CLOTHING,No,SUSPECTED MINOR INJURY,N/A,39.15383368,-77.19800279,"(39.15383368, -77.19800279)"
DD5614002K,170503761,Rockville Police Departme,Injury Crash,04/23/2017 07:06:00 PM,Municipality,MARTINS LA,Municipality,N WASHINGTON ST,,ROCKVILLE,PEDESTRIAN,STRAIGHT MOVEMENT ANGLE,CLOUDY,DRY,DAYLIGHT,NO CONTROLS,UNKNOWN,UNKNOWN,10D6F775-63C0-41C2-8C5E-534F6DFE7D39,PEDESTRIAN,Cross/Enter at Intersection,DART DASH,ON ROADWAY NOT AT CROSSWALK,NO PED. SIGNAL,MIXED CLOTHING,Yes,SUSPECTED MINOR INJURY,N/A,39.09118333,-77.15502977,"(39.09118333, -77.15502977)"
MCP14650028,16044643,Montgomery County Police,Injury Crash,09/01/2016 12:24:00 PM,Municipality,E GUDE DR,Municipality,TAFT ST,,ROCKVILLE,PEDESTRIAN,SINGLE VEHICLE,RAINING,WET,DAYLIGHT,TRAFFIC SIGNAL,NONE DETECTED,NONE DETECTED,9324A6D0-C538-44C4-B860-B038257C06EF,PEDESTRIAN,Cross/Enter at Intersection,NO IMPROPER ACTIONS,ON ROADWAY AT CROSSWALK,OBEYED PED. SIGNAL,UNKNOWN,No,SUSPECTED MINOR INJURY,N/A,39.09409333,-77.13243167,"(39.09409333, -77.13243167)"
MCP2756002S,190016394,Montgomery County Police,Injury Crash,04/08/2019 09:05:00 PM,,,,,PARKING LOT OF 11301 GEORGIA AVE.,,PEDESTRIAN,OTHER,CLOUDY,,DARK LIGHTS ON,NO CONTROLS,NONE DETECTED,ALCOHOL PRESENT,41B7608E-E79B-4C90-87FD-F5245806088D,PEDESTRIAN,Other,NOT VISIBLE,OTHER,NO PED. SIGNAL,DARK CLOTHING,Yes,SUSPECTED MINOR INJURY,N/A,39.04024333,-77.05111333,"(39.04024333, -77.05111333)"
MCP2766000W,15000959,Montgomery County Police,Injury Crash,01/06/2015 06:35:00 PM,Maryland (State),GEORGIA AVE,County,RALPH RD,,N/A,PEDESTRIAN,SINGLE VEHICLE,SNOW,SLUSH,DARK LIGHTS ON,NO CONTROLS,NONE DETECTED,NONE DETECTED,AFF3220E-A364-4CA0-9AF8-3D8532DC71F1,PEDESTRIAN,Cross/Enter not at Intersection,N/A,MEDIAN,N/A,DARK CLOTHING,,POSSIBLE INJURY,N/A,39.07908,-77.07245167,"(39.07908, -77.07245167)"
MCP2116002P,15049994,MONTGOMERY,Injury Crash,10/02/2015 04:53:00 PM,Other Public Roadway,CORK TREE LA,Other Public Roadway,ELMCROFT BLVD,,N/A,BICYCLIST,STRAIGHT MOVEMENT ANGLE,RAINING,WET,DAYLIGHT,NO CONTROLS,NONE DETECTED,NONE DETECTED,5677284C-8A68-4D4B-8980-A5147FE7B3DD,BICYCLIST,Cross/Enter at Intersection,NO IMPROPER ACTIONS,SHOULDER,N/A,DARK CLOTHING,No,SUSPECTED MINOR INJURY,NONE,39.11311833,-77.16742667,"(39.11311833, -77.16742667)"
MCP94300004,190024234,Montgomery County Police,Injury Crash,05/22/2019 07:45:00 AM,,,,,DRIVEWAY EXITING GIANT AT 10400 OLD GEORGETOWN ROAD ONTO ROCKSPRING DRIVE,,BICYCLIST,STRAIGHT MOVEMENT ANGLE,N/A,,DAYLIGHT,STOP SIGN,NONE DETECTED,NONE DETECTED,8744454F-9220-4952-BAE4-460C1B3E27CC,BICYCLIST,Walking/Cycling on Sidewalk,NO IMPROPER ACTIONS,OTHER,NO PED. SIGNAL,MIXED CLOTHING,No,SUSPECTED MINOR INJURY,NONE,39.02669789,-77.12765073,"(39.02669789, -77.12765073)"
MCP2546000R,15007033,Montgomery County Police,Injury Crash,02/11/2015 10:07:00 PM,Maryland (State),GEORGIA AVE,Other Public Roadway,CHESTERWOOD DR,,N/A,BICYCLIST,SINGLE VEHICLE,CLEAR,DRY,DARK LIGHTS ON,NO CONTROLS,NONE DETECTED,NONE DETECTED,D088127C-CE1B-405A-9606-5B860C623865,BICYCLIST,Walking/Riding w/Traffic,NO IMPROPER ACTIONS,ON ROADWAY NOT AT CROSSWALK,N/A,HEAD LIGHT AND REFLECTORS,,SUSPECTED SERIOUS INJURY,MC/BIKE HELMET,39.089775,-77.07976,"(39.089775, -77.07976)"
MCP29820013,16043929,Montgomery County Police,Injury Crash,08/29/2016 08:02:00 AM,Maryland (State),COLESVILLE RD,Maryland (State),16TH ST,,N/A,PEDESTRIAN,OTHER,CLEAR,DRY,DAYLIGHT,NO CONTROLS,NONE DETECTED,NONE DETECTED,626D1FE4-0578-4333-B39F-30DC51A9B6F6,PEDESTRIAN,Cross/Enter at Intersection,NO IMPROPER ACTIONS,ON ROADWAY AT CROSSWALK,NO PED. SIGNAL,DARK CLOTHING,No,POSSIBLE INJURY,N/A,38.99267667,-77.03617833,"(38.99267667, -77.03617833)"
MCP9381001Q,15047073,MONTGOMERY,Injury Crash,09/17/2015 11:29:00 AM,County,ELM ST,County,WOODMONT AVE,,N/A,BICYCLIST,OTHER,N/A,DRY,DAYLIGHT,TRAFFIC SIGNAL,NONE DETECTED,N/A,06CC8820-0CD0-46D5-8D85-62F8A93107B1,BICYCLIST,Cross/Enter at Intersection,NO IMPROPER ACTIONS,AT INTERSECTION BUT NO CROSSWALK,N/A,N/A,No,POSSIBLE INJURY,NONE,38.99564167,-77.07490333,"(38.99564167, -77.07490333)"
MCP2450002C,180062847,Montgomery County Police,Injury Crash,12/16/2018 08:55:00 PM,Maryland (State),UNIVERSITY BLVD E,County,LANGLEY DR,,N/A,PEDESTRIAN,OTHER,N/A,DRY,DARK NO LIGHTS,NO CONTROLS,NONE DETECTED,UNKNOWN,2072C8A0-98F5-4A8D-86F4-D650291DA5AE,PEDESTRIAN,Cross/Enter not at Intersection,IN ROADWAY IMPROPERLY,MEDIAN,NO PED. SIGNAL,UNKNOWN,Yes,POSSIBLE INJURY,N/A,39.00148167,-76.99569333,"(39.00148167, -76.99569333)"
MCP25120042,190021565,Montgomery County Police,Property Damage Crash,05/03/2019 09:10:00 AM,,,,,PARKING LOT OF 825 QUINCE ORCHARD BLVD,,OTHER,OPPOSITE DIRECTION SIDESWIPE,CLEAR,,DAYLIGHT,NO CONTROLS,NONE DETECTED,NONE DETECTED,761D8C44-B144-48C2-A922-67566FFDB60E,OTHER,N/A,N/A,N/A,N/A,N/A,No,NO APPARENT INJURY,N/A,39.14353188,-77.22984226,"(39.14353188, -77.22984226)"
MCP2850000N,15013487,Montgomery County Police,Fatal Crash,03/24/2015 06:34:00 AM,Maryland (State),UNIVERSITY BLVD W,County,ARCOLA AVE,,N/A,PEDESTRIAN,SINGLE VEHICLE,N/A,DRY,DAWN,NO CONTROLS,N/A,N/A,AD184A4F-9DC8-4388-8058-95C2E654FD94,PEDESTRIAN,Cross/Enter not at Intersection,UNKNOWN,ON ROADWAY NOT AT CROSSWALK,N/A,DARK CLOTHING,,FATAL INJURY,N/A,39.03588833,-77.02837,"(39.03588833, -77.02837)"
MCP2008000Y,15014625,Montgomery County Police,Injury Crash,03/30/2015 04:25:00 PM,Maryland (State),WISCONSIN AVE,County,LELAND ST,,N/A,PEDESTRIAN,OTHER,CLEAR,DRY,DAYLIGHT,N/A,N/A,NONE DETECTED,6D516516-1268-452B-822D-9BB1AB1CABF5,PEDESTRIAN,Standing,OTHER,ON ROADWAY NOT AT CROSSWALK,NO PED. SIGNAL,DARK CLOTHING,,POSSIBLE INJURY,N/A,38.97980167,-77.09194667,"(38.97980167, -77.09194667)"
MCP3020002Y,180060374,Montgomery County Police,Injury Crash,12/03/2018 10:30:00 AM,,,,,REAR PARKING LOT OF 3305 N LEISURE WORLD BLVD,,PEDESTRIAN,SINGLE VEHICLE,CLEAR,,DAYLIGHT,NO CONTROLS,NONE DETECTED,NONE DETECTED,C2C0530A-795B-4D30-B6CE-C48875D5AC1E,PEDESTRIAN,Other,NO IMPROPER ACTIONS,OTHER,NO PED. SIGNAL,UNKNOWN,No,POSSIBLE INJURY,N/A,39.10924304,-77.06466036,"(39.10924304, -77.06466036)"
MCP2987004F,180054734,Montgomery County Police,Injury Crash,11/01/2018 06:21:00 AM,Maryland (State),NEW HAMPSHIRE AVE,County,NORTHAMPTON DR,,N/A,PEDESTRIAN,STRAIGHT MOVEMENT ANGLE,CLEAR,DRY,DARK LIGHTS ON,NO CONTROLS,NONE DETECTED,NONE DETECTED,40094AB5-4347-4C63-92A3-68371C1CA2CC,PEDESTRIAN,Cross/Enter not at Intersection,IN ROADWAY IMPROPERLY,ON ROADWAY NOT AT CROSSWALK,NO PED. SIGNAL,DARK CLOTHING,Yes,SUSPECTED SERIOUS INJURY,NONE,39.007785,-76.97982333,"(39.007785, -76.97982333)"
MCP2563000P,170548914,Montgomery County Police,Fatal Crash,12/16/2017 01:07:00 AM,Maryland (State),PINEY BRANCH RD,County,GARLAND AVE,,N/A,PEDESTRIAN,SINGLE VEHICLE,CLEAR,WET,DARK LIGHTS ON,NO CONTROLS,NONE DETECTED,UNKNOWN,D901E559-A7A5-4352-8023-841AF70373FA,PEDESTRIAN,Other,UNKNOWN,ON ROADWAY NOT AT CROSSWALK,NO PED. SIGNAL,UNKNOWN,Unknown,FATAL INJURY,NONE,38.99854692,-76.99953273,"(38.99854692, -76.99953273)"