Report Number,Local Case Number,Agency Name,ACRS Report Type,Crash Date/Time,Route Type,Road Name,Cross-Street Type,Cross-Street Name,Off-Road Description,Municipality,Related Non-Motorist,Collision Type,Weather,Surface Condition,Light,Traffic Control,Driver Substance Abuse,Non-Motorist Substance Abuse,Person ID,Pedestrian Type,Pedestrian Movement,Pedestrian Actions,Pedestrian Location,Pedestrian Obeyed Traffic Signal,Pedestrian Visibility,At Fault,Injury Severity,Safety Equipment,Latitude,Longitude,Location
MCP22690006,15041510,MONTGOMERY,Injury Crash,08/19/2015 03:45:00 PM,,,,,PARKING LOT IN AREA OF 9918 RIDGE LINE DRIVE,,BICYCLIST,OTHER,CLEAR,,DAYLIGHT,N/A,NONE DETECTED,NONE DETECTED,618AAC34-CA09-41A6-BE75-E70DFD0F6A3D,BICYCLIST,Other,INATTENTIVE,OTHER,N/A,MIXED CLOTHING,Unknown,POSSIBLE INJURY,NONE,39.175048,-77.204355,"(39.175048, -77.204355)"
MCP2686002N,180023937,Montgomery County Police,Injury Crash,05/15/2018 05:20:00 PM,Maryland (State),FREDERICK RD,Municipality,BROOKS AVE,,GAITHERSBURG,BICYCLIST,STRAIGHT MOVEMENT ANGLE,CLEAR,DRY,DAYLIGHT,NO CONTROLS,NONE DETECTED,UNKNOWN,31607F01-B537-4797-8D2A-ED2B36DF33E2,BICYCLIST,Walking/Cycling on Sidewalk,UNKNOWN,SIDEWALK,NO PED. SIGNAL,UNKNOWN,No,SUSPECTED SERIOUS INJURY,NONE,39.14336167,-77.200995,"(39.14336167, -77.200995)"
MCP25630009,15064811,MONTGOMERY,Injury Crash,12/18/2015 07:09:00 PM,County,E RANDOLPH RD,County,SERPENTINE WAY,,N/A,PEDESTRIAN,SINGLE VEHICLE,CLEAR,DRY,DARK LIGHTS ON,TRAFFIC SIGNAL,NONE DETECTED,UNKNOWN,32215F20-D5E7-4FC6-A6F3-2A5F44713AD0,PEDESTRIAN,Unknown,UNKNOWN,ON ROADWAY NOT AT CROSSWALK,NO PED. SIGNAL,UNKNOWN,Unknown,SUSPECTED SERIOUS INJURY,NONE,39.06437221,-76.96906283,"(39.06437221, -76.96906283)"
MCP2723001H,16021617,Montgomery County Police,Injury Crash,05/03/2016 02:33:00 PM,Maryland (State),NEW HAMPSHIRE AVE,County,RANDOLPH RD,,N/A,PEDESTRIAN,OTHER,CLEAR,DRY,DAYLIGHT,TRAFFIC SIGNAL,N/A,N/A,D6344036-DA59-489F-94DB-B3F4C14C464E,PEDESTRIAN,Cross/Enter not at Intersection,FAILURE TO YIELD RIGHT OF WAY,ON ROADWAY NOT AT CROSSWALK,DISOBEYED PED. SIGNAL,UNKNOWN,Yes,POSSIBLE INJURY,NONE,39.0758098,-77.00192928,"(39.0758098, -77.00192928)"
EJ7846001D,16028029,Gaithersburg Police Depar,Injury Crash,06/04/2016 05:32:00 PM,Maryland (State),FREDERICK RD,Municipality,BROOKS AVE,,GAITHERSBURG,PEDESTRIAN,SINGLE VEHICLE,CLEAR,DRY,DAYLIGHT,NO CONTROLS,NONE DETECTED,ALCOHOL CONTRIBUTED,623A7310-7290-44A9-A78C-EF21FC1E27CC,PEDESTRIAN,Cross/Enter not at Intersection,DART DASH,SIDEWALK,NO PED. SIGNAL,MIXED CLOTHING,Yes,POSSIBLE INJURY,N/A,39.158985,-77.21714333,"(39.158985, -77.21714333)"
MCP25630007,15047402,MONTGOMERY,Injury Crash,09/18/2015 02:47:00 PM,Maryland (State),UNIVERSITY BLVD E,County,LANGLEY DR,,N/A,PEDESTRIAN,SINGLE VEHICLE,CLEAR,DRY,DAYLIGHT,NO CONTROLS,NONE DETECTED,UNKNOWN,EF04ADEA-69A3-4B2E-934D-67AD32738F1A,PEDESTRIAN,Cross/Enter not at Intersection,UNKNOWN,ON ROADWAY NOT AT CROSSWALK,NO PED. SIGNAL,MIXED CLOTHING,Unknown,SUSPECTED SERIOUS INJURY,NONE,39.00139743,-76.99550807,"(39.00139743, -76.99550807)"
MCP2708003C,180025911,Montgomery County Police,Injury Crash,05/26/2018 06:54:00 PM,,,,,PARKING LOT FOR 649 UNIVERSITY BOULEVARD EAST.,,PEDESTRIAN,OTHER,CLEAR,,DAYLIGHT,NO CONTROLS,NONE DETECTED,NONE DETECTED,8D659320-DE64-47B7-BCAF-9AE67A1C170F,PEDESTRIAN,Standing,INATTENTIVE,OTHER,NO PED. SIGNAL,MIXED CLOTHING,No,POSSIBLE INJURY,NONE,38.99969,-76.996085,"(38.99969, -76.996085)"
DD55380016,16001429,Rockville Police Departme,Injury Crash,01/08/2016 05:07:00 PM,Municipality,N WASHINGTON ST,Maryland (State),HUNGERFORD DR,,N/A,PEDESTRIAN,SINGLE VEHICLE,RAINING,WET,DARK LIGHTS ON,NO CONTROLS,NONE DETECTED,NONE DETECTED,FDCFFF7A-7963-4DCD-AC34-E06D44B60C4E,PEDESTRIAN,Cross/Enter not at Intersection,IN ROADWAY IMPROPERLY,ON ROADWAY NOT AT CROSSWALK,NO PED. SIGNAL,DARK CLOTHING,Yes,SUSPECTED MINOR INJURY,NONE,39.09152833,-77.15359667,"(39.09152833, -77.15359667)"
MCP2446002G,16064765,Montgomery County Police,Property Damage Crash,12/17/2016 08:10:00 PM,,,,,IN THE PARKING LOT OF 19533 FETLOCK DR. GERMANTOWN MD. 20874,,OTHER,OTHER,CLEAR,,DARK LIGHTS ON,NO CONTROLS,NONE DETECTED,N/A,F687F200-4A4C-48E4-9FFD-5C18E3C747F2,OTHER,Other,OTHER,OTHER,N/A,N/A,No,NO APPARENT INJURY,N/A,39.176098,-77.26007,"(39.176098, -77.26007)"
MCP26790024,170534247,Montgomery County Police,Injury Crash,10/01/2017 11:10:00 PM,Maryland (State),UNIVERSITY BLVD E,County,E WAYNE AVE,,N/A,PEDESTRIAN,SAME DIRECTION SIDESWIPE,CLEAR,DRY,DARK LIGHTS ON,NO CONTROLS,NONE DETECTED,NONE DETECTED,FBA28D05-5138-4527-B601-DA438173E9A1,PEDESTRIAN,Push/Work on Vehicle,NO IMPROPER ACTIONS,OTHER,N/A,N/A,No,POSSIBLE INJURY,N/A,39.00671167,-76.99787333,"(39.00671167, -76.99787333)"
MCP28850023,170525609,Montgomery County Police,Injury Crash,08/18/2017 09:53:00 PM,Maryland (State),GEORGIA AVE,Maryland (State),NORBECK RD,,N/A,PEDESTRIAN,OTHER,CLEAR,DRY,DARK LIGHTS ON,NO CONTROLS,NONE DETECTED,UNKNOWN,4088F118-AD6F-48C3-9FC7-19CDF49A70F1,PEDESTRIAN,Other,IN ROADWAY IMPROPERLY,ON ROADWAY NOT AT CROSSWALK,NO PED. SIGNAL,DARK CLOTHING,Yes,SUSPECTED SERIOUS INJURY,NONE,39.11042259,-77.07601458,"(39.11042259, -77.07601458)"
MCP28860016,16002214,Montgomery County Police,Injury Crash,01/12/2016 05:36:00 PM,Maryland (State),GEORGIA AVE,Unknown,ENT TO APTS,,N/A,PEDESTRIAN,SINGLE VEHICLE,CLOUDY,N/A,DARK NO LIGHTS,NO CONTROLS,NONE DETECTED,NONE DETECTED,A9C80955-0B94-42BB-88E2-406EDC20B00F,PEDESTRIAN,Cross/Enter at Intersection,DART DASH,ON ROADWAY NOT AT CROSSWALK,NO PED. SIGNAL,DARK CLOTHING,Yes,POSSIBLE INJURY,NONE,39.08771167,-77.07945667,"(39.08771167, -77.07945667)"
MCP2512002B,16050322,Montgomery County Police,Injury Crash,09/30/2016 05:25:00 PM,Municipality,WASHINGTONIAN BLVD,Unknown,BOARDWALK PL,,N/A,PEDESTRIAN,STRAIGHT MOVEMENT ANGLE,RAINING,WET,OTHER,STOP SIGN,NONE DETECTED,NONE DETECTED,C40A9E5E-A380-418C-82EB-73060BF524C7,PEDESTRIAN,Cross/Enter at Intersection,NO IMPROPER ACTIONS,AT INTERSECTION BUT NO CROSSWALK,NO PED. SIGNAL,LIGHT CLOTHING,No,SUSPECTED MINOR INJURY,NONE,39.11669716,-77.20010564,"(39.11669716, -77.20010564)"
MCP11700020,170514217,Montgomery County Police,Injury Crash,06/17/2017 11:21:00 AM,,,,,13716 BRIGEWATER DRIVE,,PEDESTRIAN,SINGLE VEHICLE,CLEAR,,DAYLIGHT,N/A,UNKNOWN,NONE DETECTED,B435C8A3-45E1-4A3A-85E0-3F0AE5009D7F,PEDESTRIAN,Standing,OTHER,OTHER,OTHER,OTHER,No,SUSPECTED MINOR INJURY,N/A,39.08086528,-76.96707129,"(39.08086528, -76.96707129)"
MCP3126000C,180012207,Montgomery County Police,Injury Crash,03/10/2018 04:30:00 PM,,,,,PARKING LOT AT 19411 BRASSIE PLACE,,PEDESTRIAN,SINGLE VEHICLE,UNKNOWN,,DAYLIGHT,N/A,UNKNOWN,UNKNOWN,DC126F32-ECF9-4464-97DE-3EE1903A9524,PEDESTRIAN,Other,UNKNOWN,SIDEWALK,N/A,N/A,No,POSSIBLE INJURY,N/A,39.17836,-77.23833,"(39.17836, -77.23833)"
MCP12050049,180030963,Montgomery County Police,Injury Crash,06/23/2018 10:57:00 AM,Government,BEACH DR,County,OLD SPRING RD,,N/A,BICYCLIST,ANGLE MEETS LEFT TURN,RAINING,WET,DAYLIGHT,STOP SIGN,NONE DETECTED,NONE DETECTED,EA639C6A-9BF1-4686-975B-BEE27EA4A1EB,BICYCLIST,Walking/Riding w/Traffic,NO IMPROPER ACTIONS,OTHER,N/A,DARK CLOTHING,No,SUSPECTED MINOR INJURY,MC/BIKE HELMET,39.01182974,-77.06792571,"(39.01182974, -77.06792571)"
MCP22540009,15047275,MONTGOMERY,Injury Crash,09/18/2015 07:52:00 AM,County,LITTLE SENECA PKWY,Unknown,CROSSOVER,,N/A,BICYCLIST,STRAIGHT MOVEMENT ANGLE,N/A,DRY,DAYLIGHT,NO CONTROLS,NONE DETECTED,NONE DETECTED,CA4F5F4F-3DDA-41E9-9DD8-C0ABEDAB1244,BICYCLIST,Walking/Riding w/Traffic,NO IMPROPER ACTIONS,OTHER,N/A,LIGHT CLOTHING,No,SUSPECTED MINOR INJURY,MC/BIKE HELMET,39.23001,-77.252645,"(39.23001, -77.252645)"
MCP2941000S,15048258,MONTGOMERY,Injury Crash,09/23/2015 02:35:00 PM,County,WAYNE AVE,County,CEDAR ST,,N/A,PEDESTRIAN,SINGLE VEHICLE,CLEAR,DRY,DAYLIGHT,TRAFFIC SIGNAL,NONE DETECTED,NONE DETECTED,077A1DB8-9589-4082-B8B0-16C570143C54,PEDESTRIAN,Cross/Enter at Intersection,NO IMPROPER ACTIONS,ON ROADWAY AT CROSSWALK,OBEYED PED. SIGNAL,LIGHT CLOTHING,No,POSSIBLE INJURY,N/A,38.99711589,-77.02193856,"(38.99711589, -77.02193856)"
MCP2727000Q,15043407,MONTGOMERY,Injury Crash,08/29/2015 12:09:00 PM,,,,,"PARKINGLOT OF 20910 FREDERICK ROAD GERMANTOWN, MD 20876",,PEDESTRIAN,OTHER,CLEAR,,DAYLIGHT,NO CONTROLS,NONE DETECTED,NONE DETECTED,B0C34B5B-0995-4764-805E-76EB33C09F05,PEDESTRIAN,Other,NO IMPROPER ACTIONS,OTHER,N/A,MIXED CLOTHING,No,POSSIBLE INJURY,N/A,39.20296833,-77.25091167,"(39.20296833, -77.25091167)"
MCP2730000V,16041084,Montgomery County Police,Injury Crash,08/13/2016 12:45:00 PM,County,WATERS LANDING DR,County,FATHER HURLEY BLVD,,N/A,PEDESTRIAN,OTHER,CLEAR,DRY,DAYLIGHT,TRAFFIC SIGNAL,NONE DETECTED,NONE DETECTED,2A35316D-4EC1-4D22-98EA-0B90FFD4BA23,PEDESTRIAN,Cross/Enter at Intersection,NO IMPROPER ACTIONS,SIDEWALK,OBEYED PED. SIGNAL,N/A,No,SUSPECTED MINOR INJURY,N/A,39.19165325,-77.2718668,"(39.19165325, -77.2718668)"
MCP9386004G,17015027,Montgomery County Police,Injury Crash,03/24/2017 10:04:00 AM,Maryland (State),OLD GEORGETOWN RD,County,EDGEMOOR LA,,N/A,PEDESTRIAN,OTHER,RAINING,WET,DAYLIGHT,TRAFFIC SIGNAL,NONE DETECTED,NONE DETECTED,58BF0ACA-7199-4B71-A6E3-3EFE2BA7C062,PEDESTRIAN,Cross/Enter at Intersection,NO IMPROPER ACTIONS,AT INTERSECTION MARKED CROSSWALK,OBEYED PED. SIGNAL,DARK CLOTHING,No,POSSIBLE INJURY,NONE,38.98573833,-77.09561667,"(38.98573833, -77.09561667)"
MCP271700KG,180045596,Montgomery County Police,Injury Crash,09/12/2018 06:10:00 PM,Maryland (State),PINEY BRANCH RD,County,FLOWER AVE,,N/A,PEDESTRIAN,OTHER,RAINING,WET,DAYLIGHT,NO CONTROLS,NONE DETECTED,NONE DETECTED,8D5B00D6-0732-4E86-8DF7-D04B1E43827F,PEDESTRIAN,Cross/Enter not at Intersection,DART DASH,ON ROADWAY NOT AT CROSSWALK,NO PED. SIGNAL,MIXED CLOTHING,Yes,SUSPECTED MINOR INJURY,NONE,38.99828933,-77.0043315,"(38.99828933, -77.0043315)"
MCP271700K4,180041691,Montgomery County Police,Injury Crash,08/21/2018 09:40:00 PM,County,SOUTHAMPTON DR,County,BEACON RD,,N/A,PEDESTRIAN,OTHER,CLEAR,WET,DARK LIGHTS ON,NO CONTROLS,UNKNOWN,NONE DETECTED,2D1AC938-0AD1-4A2D-A06C-21E120626FB5,PEDESTRIAN,Cross/Enter not at Intersection,IN ROADWAY IMPROPERLY,ON ROADWAY NOT AT CROSSWALK,NO PED. SIGNAL,MIXED CLOTHING,No,SUSPECTED MINOR INJURY,NONE,39.00533483,-76.98210633,"(39.00533483, -76.98210633)"
MCP2859002B,16033271,Montgomery County Police,Injury Crash,07/01/2016 09:35:00 AM,,,,,"PARKING SPACE OUTSIDE 23 FIRSTFIELD RD, GAITHERSBURG, MD, 20878",,PEDESTRIAN,OTHER,CLEAR,,DAYLIGHT,NO CONTROLS,UNKNOWN,NONE DETECTED,DF8850BB-139F-4262-A1C3-45B91219B950,PEDESTRIAN,Standing,OTHER,OTHER,N/A,MIXED CLOTHING,No,SUSPECTED MINOR INJURY,NONE,39.13616871,-77.22656965,"(39.13616871, -77.22656965)"
MCP12050019,15040145,MONTGOMERY,Injury Crash,08/12/2015 10:16:00 AM,County,GLENDALE RD,County,CYPRESS PL,,N/A,PEDESTRIAN,OTHER,CLEAR,DRY,DAYLIGHT,OTHER,NONE DETECTED,NONE DETECTED,4C88D1C4-E536-409A-A89C-45E5B3F07085,PEDESTRIAN,Other Working,NO IMPROPER ACTIONS,ON ROADWAY NOT AT CROSSWALK,NO PED. SIGNAL,REFLECTIVE MATERIAL,No,SUSPECTED MINOR INJURY,REFLECTIVE CLOTHING,38.99092866,-77.0732975,"(38.99092866, -77.0732975)"
MCP2515000L,16020448,Montgomery County Police,Injury Crash,04/25/2016 07:50:00 PM,Maryland (State),RIDGE RD,Other Public Roadway,SUNSET DR,,N/A,PEDESTRIAN,SINGLE VEHICLE,CLEAR,DRY,DAYLIGHT,NO CONTROLS,UNKNOWN,NONE DETECTED,74E61F56-5B8C-467C-AECE-40F0F59EA1F1,PEDESTRIAN,Walking/Riding against Traffic,NO IMPROPER ACTIONS,IN BIKEWAY,N/A,DARK CLOTHING,No,SUSPECTED MINOR INJURY,NONE,39.27839,-77.21242667,"(39.27839, -77.21242667)"
MCP3059003G,180063871,Montgomery County Police,Injury Crash,12/21/2018 07:00:00 PM,,,,,PARKING LOT OF 13615 GEORGIA AVE,,PEDESTRIAN,OTHER,CLEAR,,DUSK,N/A,UNKNOWN,NONE DETECTED,F683236B-C907-44F5-AAC6-A26AF23F65AB,PEDESTRIAN,Walking/Cycling on Sidewalk,NO IMPROPER ACTIONS,SIDEWALK,NO PED. SIGNAL,MIXED CLOTHING,No,POSSIBLE INJURY,N/A,39.07891152,-77.07230682,"(39.07891152, -77.07230682)"
MCP3004002V,190012916,Montgomery County Police,Injury Crash,03/20/2019 04:48:00 PM,,,,,ALLEYWAY OF 7220 WISCONSIN AVENUE,,PEDESTRIAN,OTHER,CLEAR,,DAYLIGHT,N/A,NONE DETECTED,NONE DETECTED,D149C52E-26C2-4842-B608-33350C6BBFED,PEDESTRIAN,Other,UNKNOWN,OTHER,N/A,REFLECTIVE MATERIAL,No,SUSPECTED MINOR INJURY,REFLECTIVE CLOTHING,38.98164155,-77.0930293,"(38.98164155, -77.0930293)"
MCP2875002D,16063499,Montgomery County Police,Injury Crash,12/10/2016 11:17:00 PM,County,SCENERY DR,Unknown,GATESHEAD CIR,,N/A,PEDESTRIAN,OTHER,CLEAR,DRY,DARK NO LIGHTS,NO CONTROLS,NONE DETECTED,NONE DETECTED,15C306EC-9800-4A41-9057-C738B16612DC,PEDESTRIAN,Cross/Enter at Intersection,NO IMPROPER ACTIONS,AT INTERSECTION BUT NO CROSSWALK,NO PED. SIGNAL,DARK CLOTHING,No,POSSIBLE INJURY,NONE,39.182715,-77.23224167,"(39.182715, -77.23224167)"
MCP2923000X,15041154,MONTGOMERY,Injury Crash,08/17/2015 05:22:00 PM,Municipality,CHRISTOPHER AVE,Maryland (State),FREDERICK RD,,N/A,BICYCLIST,OTHER,CLEAR,DRY,DAYLIGHT,YIELD SIGN,NONE DETECTED,NONE DETECTED,D4939AA3-5B0C-4DD2-95FD-9A54F7080ACD,BICYCLIST,Cross/Enter at Intersection,UNKNOWN,AT INTERSECTION MARKED CROSSWALK,N/A,LIGHT CLOTHING,Yes,POSSIBLE INJURY,NONE,39.15638667,-77.216545,"(39.15638667, -77.216545)"
MCP2182000L,17006278,Montgomery County Police,Injury Crash,02/05/2017 09:56:00 AM,,,,,"4414 MUNCASTERMILL RD.
CHINESE BIBLE CHURCH",,PEDESTRIAN,OTHER,CLEAR,,DAYLIGHT,N/A,NONE DETECTED,NONE DETECTED,E5725F9C-0AE0-44CE-ACCC-81799EA76FCF,PEDESTRIAN,Getting off/on Vehicle,N/A,OTHER,N/A,N/A,No,SUSPECTED MINOR INJURY,N/A,39.07470167,-76.94016833,"(39.07470167, -76.94016833)"
MCP2897000X,16036981,Montgomery County Police,Injury Crash,07/21/2016 05:43:00 PM,Other Public Roadway,HENDERSON CORNER RD,Maryland (State),FREDERICK RD,,N/A,BICYCLIST,SINGLE VEHICLE,CLEAR,DRY,DAYLIGHT,NO CONTROLS,NONE DETECTED,NONE DETECTED,B518730B-B05D-4208-8B7D-FE08A53CE64A,BICYCLIST,Cross/Enter at Intersection,FAILURE TO YIELD RIGHT OF WAY,ON ROADWAY AT CROSSWALK,NO PED. SIGNAL,MIXED CLOTHING,Yes,POSSIBLE INJURY,NONE,39.2015799,-77.25025222,"(39.2015799, -77.25025222)"
MCP2888000Z,15051790,MONTGOMERY,Injury Crash,10/12/2015 06:03:00 PM,County,TRAVILAH RD,County,PINEY MEETINGHOUSE RD,,N/A,BICYCLIST,STRAIGHT MOVEMENT ANGLE,CLEAR,DRY,DAYLIGHT,N/A,N/A,N/A,49BFDFA0-0A00-4D04-A13D-56715DA50FDF,BICYCLIST,Other,NOT VISIBLE,SIDEWALK,N/A,MIXED CLOTHING,No,SUSPECTED MINOR INJURY,MC/BIKE HELMET,39.08636177,-77.21926332,"(39.08636177, -77.21926332)"
MCP2177001W,170512885,Montgomery County Police,Injury Crash,06/10/2017 12:30:00 PM,Maryland (State),DARNESTOWN RD,County,MUDDY BRANCH RD,,N/A,BICYCLIST,SAME DIRECTION RIGHT TURN,CLEAR,DRY,DAYLIGHT,TRAFFIC SIGNAL,UNKNOWN,NONE DETECTED,D611F962-0D1E-4FB0-A7D2-BCE994617E97,BICYCLIST,N/A,NO IMPROPER ACTIONS,IN BIKEWAY,N/A,MIXED CLOTHING,No,SUSPECTED MINOR INJURY,MC/BIKE HELMET,39.102735,-77.22112333,"(39.102735, -77.22112333)"
MCP2556001Y,180029461,Montgomery County Police,Injury Crash,06/14/2018 08:23:00 PM,Maryland (State),KEY WEST AVE,Unknown,ENT TO BUSINESS,,N/A,BICYCLIST,STRAIGHT MOVEMENT ANGLE,CLEAR,DRY,DAYLIGHT,STOP SIGN,NONE DETECTED,NONE DETECTED,A71BA1EF-B9C9-471B-B470-53EE6206809A,BICYCLIST,Walking/Cycling on Sidewalk,NO IMPROPER ACTIONS,AT INTERSECTION MARKED CROSSWALK,N/A,MIXED CLOTHING,No,POSSIBLE INJURY,NONE,39.10525667,-77.19488167,"(39.10525667, -77.19488167)"
MCP13340047,16049320,Montgomery County Police,Injury Crash,09/25/2016 12:15:00 PM,County,COMUS RD,County,BARLEY FIELD LA,,N/A,BICYCLIST,SINGLE VEHICLE,CLEAR,DRY,DAYLIGHT,N/A,NONE DETECTED,NONE DETECTED,8BF408F5-B4E2-46FB-A60B-B2144442D8C6,BICYCLIST,Walking/Riding w/Traffic,NO IMPROPER ACTIONS,ON ROADWAY NOT AT CROSSWALK,N/A,REFLECTIVE MATERIAL,No,POSSIBLE INJURY,MC/BIKE HELMET,39.25044232,-77.37083763,"(39.25044232, -77.37083763)"
MCP30390024,180015700,Montgomery County Police,Injury Crash,03/31/2018 08:35:00 PM,Municipality,DUPONT AVE,Maryland (State),CONNECTICUT AVE,,N/A,PEDESTRIAN,OTHER,CLEAR,DRY,DARK LIGHTS ON,STOP SIGN,UNKNOWN,NONE DETECTED,93627E00-87A0-4A44-882C-0DD7709663FA,PEDESTRIAN,Cross/Enter at Intersection,NO IMPROPER ACTIONS,ON ROADWAY AT CROSSWALK,NO PED. SIGNAL,LIGHT CLOTHING,No,POSSIBLE INJURY,NONE,39.02793667,-77.07792,"(39.02793667, -77.07792)"
MCP2766002V,16052362,Montgomery County Police,Injury Crash,10/11/2016 07:05:00 PM,Maryland (State),GEORGIA AVE,County,ASPEN HILL RD,,N/A,OTHER CONVEYANCE,STRAIGHT MOVEMENT ANGLE,N/A,DRY,DARK LIGHTS ON,NO CONTROLS,NONE DETECTED,NONE DETECTED,58104640-BD0F-447B-AF92-E03A3416AA4D,OTHER CONVEYANCE,Walking/Riding against Traffic,INATTENTIVE,SIDEWALK,NO PED. SIGNAL,DARK CLOTHING,Yes,POSSIBLE INJURY,NONE,39.08200333,-77.077005,"(39.08200333, -77.077005)"
DD5538001R,16042854,Rockville Police Departme,Injury Crash,08/23/2016 04:50:00 PM,Maryland (State),ROCKVILLE PIKE,Unknown,ENT TO BUSINESS,,N/A,PEDESTRIAN,SINGLE VEHICLE,CLEAR,DRY,DAYLIGHT,NO CONTROLS,N/A,NONE DETECTED,4F0451CF-6550-46BF-8CA7-50CA1D072E62,PEDESTRIAN,Walking/Cycling on Sidewalk,NO IMPROPER ACTIONS,DRIVEWAY ACCESS MARKED CROSSWALK,NO PED. SIGNAL,MIXED CLOTHING,No,SUSPECTED MINOR INJURY,NONE,39.06837167,-77.12969333,"(39.06837167, -77.12969333)"
DD5611002T,170508075,Rockville Police Departme,Property Damage Crash,05/16/2017 11:16:00 AM,Maryland (State),FIRST ST,Maryland (State),ROCKVILLE PIKE,,N/A,BICYCLIST,OTHER,CLEAR,DRY,DAYLIGHT,NO CONTROLS,NONE DETECTED,NONE DETECTED,86A5F832-D924-47E1-AF37-C4F0C82018C4,BICYCLIST,Cross/Enter not at Intersection,NO IMPROPER ACTIONS,DRIVEWAY ACCESS MARKED CROSSWALK,NO PED. SIGNAL,LIGHT CLOTHING,No,NO APPARENT INJURY,NONE,39.078675,-77.13873167,"(39.078675, -77.13873167)"
MCP00360028,15016239,Montgomery County Police,Injury Crash,04/08/2015 11:00:00 AM,County,WISTERIA DR,Maryland (State),GREAT SENECA HWY,,N/A,PEDESTRIAN,SINGLE VEHICLE,CLOUDY,WET,DAYLIGHT,TRAFFIC SIGNAL,NONE DETECTED,NONE DETECTED,02007B22-564F-4F13-B112-1940EFECD448,PEDESTRIAN,Cross/Enter at Intersection,NO IMPROPER ACTIONS,ON ROADWAY AT CROSSWALK,OBEYED PED. SIGNAL,LIGHT CLOTHING,,POSSIBLE INJURY,N/A,39.17119478,-77.26294041,"(39.17119478, -77.26294041)"
MCP1453001G,15021869,Montgomery County Police,Injury Crash,05/08/2015 06:14:00 AM,Maryland (State),S FREDERICK RD,Municipality,E DEER PARK DR,,GAITHERSBURG,BICYCLIST,SINGLE VEHICLE,CLEAR,DRY,DAWN,NO CONTROLS,NONE DETECTED,NONE DETECTED,D6E9567E-B3F4-4F27-8950-BA515C73A28A,BICYCLIST,Other,NO IMPROPER ACTIONS,SIDEWALK,N/A,MIXED CLOTHING,,POSSIBLE INJURY,NONE,39.13335833,-77.18974833,"(39.13335833, -77.18974833)"
MCP2680002K,180038168,Montgomery County Police,Injury Crash,08/01/2018 04:05:00 PM,County,SILVER SPRING AVE,County,GROVE ST,,N/A,BICYCLIST,STRAIGHT MOVEMENT ANGLE,CLEAR,DRY,DAYLIGHT,STOP SIGN,NONE DETECTED,NONE DETECTED,6887EC85-73E6-4E9F-BD5B-D4F272C21742,BICYCLIST,Walking/Riding w/Traffic,NO IMPROPER ACTIONS,OTHER,N/A,MIXED CLOTHING,No,SUSPECTED MINOR INJURY,MC/BIKE HELMET,38.9916875,-77.02190638,"(38.9916875, -77.02190638)"
MCP2948000N,15066287,MONTGOMERY,Injury Crash,12/26/2015 07:01:00 PM,County,RANDOLPH RD,Other Public Roadway,GLENMONT CIR #1,,N/A,PEDESTRIAN,SINGLE VEHICLE,RAINING,WET,DARK LIGHTS ON,NO CONTROLS,NONE DETECTED,ALCOHOL PRESENT,E0B21649-0015-446B-A062-2DB8CFDDE832,PEDESTRIAN,Cross/Enter not at Intersection,IN ROADWAY IMPROPERLY,ON ROADWAY NOT AT CROSSWALK,NO PED. SIGNAL,MIXED CLOTHING,Yes,POSSIBLE INJURY,NONE,39.059115,-77.04746667,"(39.059115, -77.04746667)"
MCP2396002Z,180053035,Montgomery County Police,Property Damage Crash,10/23/2018 10:20:00 AM,County,NORTH GATE DR,County,NORTH GATE TERR,,N/A,OTHER,SINGLE VEHICLE,CLEAR,DRY,DAYLIGHT,NO CONTROLS,NONE DETECTED,N/A,126DD776-73EA-4E43-9D09-20EEA2BAF6FD,OTHER,N/A,N/A,N/A,N/A,N/A,No,NO APPARENT INJURY,N/A,39.08437333,-77.049025,"(39.08437333, -77.049025)"
MCP2805001V,16009121,Montgomery County Police,Injury Crash,02/23/2016 06:49:00 PM,,,,,"7106 MUNCASTER MILL RD, GAITHERSBURG, MD (MCDONALDS PARKING LOT)",,PEDESTRIAN,SINGLE VEHICLE,RAINING,,DARK LIGHTS ON,NO CONTROLS,NONE DETECTED,NONE DETECTED,82FC0EB1-A088-4EA9-BA69-8E843D25D045,PEDESTRIAN,Other,NO IMPROPER ACTIONS,ON ROADWAY AT CROSSWALK,NO PED. SIGNAL,DARK CLOTHING,No,POSSIBLE INJURY,N/A,39.14579,-77.14477667,"(39.14579, -77.14477667)"
MCP3040002X,190000948,Montgomery County Police,Injury Crash,01/06/2019 04:00:00 PM,County,CASHELL RD,County,BOWIE MILL RD,,N/A,PEDESTRIAN,SINGLE VEHICLE,CLEAR,DRY,DAYLIGHT,TRAFFIC SIGNAL,N/A,N/A,EB72C093-9957-4789-A9C5-5841B0007F01,PEDESTRIAN,Cross/Enter at Intersection,N/A,ON ROADWAY AT CROSSWALK,OBEYED PED. SIGNAL,UNKNOWN,No,POSSIBLE INJURY,N/A,39.15498167,-77.09481167,"(39.15498167, -77.09481167)"
MCP3000000M,16012804,MONTGOMERY,Injury Crash,03/15/2016 04:26:00 PM,County,MIDDLEBROOK RD,Maryland (State),GREAT SENECA HWY,,N/A,PEDESTRIAN,STRAIGHT MOVEMENT ANGLE,CLEAR,DRY,DAYLIGHT,TRAFFIC SIGNAL,UNKNOWN,NONE DETECTED,961DADA1-7442-40AF-A4AF-FE527FFD0D1D,PEDESTRIAN,Cross/Enter at Intersection,NO IMPROPER ACTIONS,AT INTERSECTION MARKED CROSSWALK,OBEYED PED. SIGNAL,N/A,No,SUSPECTED MINOR INJURY,N/A,39.174895,-77.26154833,"(39.174895, -77.26154833)"