Report Number,Local Case Number,Agency Name,ACRS Report Type,Crash Date/Time,Route Type,Road Name,Cross-Street Type,Cross-Street Name,Off-Road Description,Municipality,Related Non-Motorist,Collision Type,Weather,Surface Condition,Light,Traffic Control,Driver Substance Abuse,Non-Motorist Substance Abuse,Person ID,Pedestrian Type,Pedestrian Movement,Pedestrian Actions,Pedestrian Location,Pedestrian Obeyed Traffic Signal,Pedestrian Visibility,At Fault,Injury Severity,Safety Equipment,Latitude,Longitude,Location
MCP15630019,15026181,Montgomery County Police,Injury Crash,05/30/2015 08:53:00 PM,Maryland (State),EAST WEST HWY,Other Public Roadway,CAREY LA,,N/A,PEDESTRIAN,OTHER,CLEAR,DRY,DARK LIGHTS ON,OTHER,NONE DETECTED,NONE DETECTED,A7870190-A47C-4077-80E5-FEEFD6CD0848,PEDESTRIAN,Other,NO IMPROPER ACTIONS,MIDBLOCK MARKED CROSSWALK,NO PED. SIGNAL,MIXED CLOTHING,,POSSIBLE INJURY,N/A,38.99540653,-77.03855753,"(38.99540653, -77.03855753)"
MCP2608001G,16028022,Montgomery County Police,Injury Crash,06/07/2016 02:21:00 PM,County,EASTWOOD AVE,County,MOUNTAIN QUAIL RD,,N/A,BICYCLIST,HEAD ON,CLEAR,DRY,DAYLIGHT,NO CONTROLS,N/A,NONE DETECTED,BA2ACCF5-539A-443B-BB0A-7D19F8B1CDA4,BICYCLIST,Playing,UNKNOWN,CURB,UNKNOWN,LIGHT CLOTHING,No,POSSIBLE INJURY,N/A,39.02641863,-77.01171398,"(39.02641863, -77.01171398)"
MCP26100011,170546586,Montgomery County Police,Injury Crash,12/04/2017 05:59:00 AM,Maryland (State),KEY WEST AVE,Unknown,ENT TO BUSINESS,,N/A,PEDESTRIAN,OTHER,CLEAR,DRY,DARK NO LIGHTS,STOP SIGN,NONE DETECTED,NONE DETECTED,619E1A47-3350-4175-8604-1F7CA9B056D1,PEDESTRIAN,Cross/Enter at Intersection,FAILURE TO YIELD RIGHT OF WAY,AT INTERSECTION BUT NO CROSSWALK,NO PED. SIGNAL,DARK CLOTHING,Yes,POSSIBLE INJURY,N/A,39.10569,-77.19907833,"(39.10569, -77.19907833)"
MCP2914007C,180038331,Montgomery County Police,Injury Crash,08/02/2018 02:36:00 PM,Maryland (State),NEW HAMPSHIRE AVE,County,POWDER MILL RD,,N/A,PEDESTRIAN,OTHER,RAINING,WET,DAYLIGHT,TRAFFIC SIGNAL,N/A,N/A,765CE0F3-6797-41D7-91EE-8968BC32EB57,PEDESTRIAN,Cross/Enter at Intersection,DART DASH,ON ROADWAY AT CROSSWALK,UNKNOWN,MIXED CLOTHING,Unknown,POSSIBLE INJURY,NONE,39.02224071,-76.9773522,"(39.02224071, -76.9773522)"
MCP3075000C,170528512,Montgomery County Police,Injury Crash,09/03/2017 05:35:00 PM,County,FATHER HURLEY BLVD,County,WATERS LANDING DR,,N/A,PEDESTRIAN,SINGLE VEHICLE,CLEAR,DRY,DAYLIGHT,TRAFFIC SIGNAL,NONE DETECTED,NONE DETECTED,5EFA4A35-9957-45AC-ADF7-C57A03A8F7C3,PEDESTRIAN,Cross/Enter at Intersection,NO IMPROPER ACTIONS,AT INTERSECTION MARKED CROSSWALK,OBEYED PED. SIGNAL,MIXED CLOTHING,No,SUSPECTED MINOR INJURY,N/A,39.19143167,-77.27224833,"(39.19143167, -77.27224833)"
MCP22910016,15028435,Montgomery County Police,Injury Crash,06/11/2015 05:40:00 PM,Maryland (State),CONNECTICUT AVE,Government,BEACH DR,,N/A,BICYCLIST,SINGLE VEHICLE,CLEAR,DRY,DAYLIGHT,TRAFFIC SIGNAL,NONE DETECTED,NONE DETECTED,6644DD18-3E29-45F3-BE01-4E247EA33136,BICYCLIST,Cross/Enter not at Intersection,FAILURE TO YIELD RIGHT OF WAY,AT INTERSECTION BUT NO CROSSWALK,NO PED. SIGNAL,MIXED CLOTHING,,SUSPECTED MINOR INJURY,NONE,39.00809646,-77.08016396,"(39.00809646, -77.08016396)"
MCP11210044,180029562,Montgomery County Police,Injury Crash,06/15/2018 12:44:00 PM,Maryland (State),FREDERICK RD,Municipality,TRAVIS AVE,,GAITHERSBURG,PEDESTRIAN,SINGLE VEHICLE,CLEAR,DRY,DAYLIGHT,TRAFFIC SIGNAL,NONE DETECTED,NONE DETECTED,A8C07775-0AF1-41FE-AE81-8666FACE4699,PEDESTRIAN,Cross/Enter at Intersection,NO IMPROPER ACTIONS,ON ROADWAY AT CROSSWALK,OBEYED PED. SIGNAL,MIXED CLOTHING,No,POSSIBLE INJURY,NONE,39.16151667,-77.22267667,"(39.16151667, -77.22267667)"
MCP2094004W,15021686,Montgomery County Police,Injury Crash,05/07/2015 10:20:00 AM,,,,,"PARKING LOT OF
 11820 PARKLAWN DR",,OTHER,SINGLE VEHICLE,CLEAR,,DAYLIGHT,N/A,NONE DETECTED,NONE DETECTED,1E454FC7-5217-4FF3-94E6-9CE8E538C37E,OTHER,Other,OTHER,INSIDE BUILDING,N/A,N/A,,SUSPECTED SERIOUS INJURY,N/A,39.27647167,-77.21262167,"(39.27647167, -77.21262167)"
MCP1554000Y,15051825,MONTGOMERY,Injury Crash,10/12/2015 08:15:00 PM,Maryland (State),FREDERICK RD,Unknown,ENT TO SHADY GROVE METRO STATION,,N/A,PEDESTRIAN,STRAIGHT MOVEMENT ANGLE,CLEAR,DRY,DARK LIGHTS ON,TRAFFIC SIGNAL,"NONE DETECTED, UNKNOWN",UNKNOWN,99F8CBB4-1245-4A13-89F7-1537597C470C,PEDESTRIAN,Other,OTHER,ON ROADWAY NOT AT CROSSWALK,OTHER,DARK CLOTHING,No,SUSPECTED MINOR INJURY,NONE,39.11742167,-77.16875167,"(39.11742167, -77.16875167)"
DD5502001V,15063161,ROCKVILLE,Injury Crash,12/10/2015 05:19:00 PM,Maryland (State),ROCKVILLE PIKE,Municipality,RICHARD MONTGOMERY DR,,ROCKVILLE,PEDESTRIAN,ANGLE MEETS RIGHT TURN,CLEAR,DRY,DARK LIGHTS ON,OTHER,NONE DETECTED,NONE DETECTED,6DD461F8-A64E-4F9D-B807-21B1AAC1824B,PEDESTRIAN,Walking/Cycling on Sidewalk,NO IMPROPER ACTIONS,SIDEWALK,N/A,UNKNOWN,No,SUSPECTED MINOR INJURY,N/A,39.08007667,-77.144365,"(39.08007667, -77.144365)"
MCP2864002B,17001674,Montgomery County Police,Injury Crash,01/10/2017 05:29:00 PM,County,CRABBS BRANCH WAY,Unknown,STANDISH PL,,N/A,PEDESTRIAN,OTHER,CLEAR,DRY,DARK LIGHTS ON,N/A,NONE DETECTED,NONE DETECTED,AE3A45C2-BC75-41BE-9805-87BD2E3B4EE3,PEDESTRIAN,Walking/Riding w/Traffic,NOT VISIBLE,ON ROADWAY NOT AT CROSSWALK,N/A,DARK CLOTHING,Yes,SUSPECTED MINOR INJURY,NONE,39.10805833,-77.15251667,"(39.10805833, -77.15251667)"
MCP2954004Y,180011396,Montgomery County Police,Injury Crash,03/06/2018 03:34:00 PM,Maryland (State),PINEY BRANCH RD,County,ARLISS ST,,N/A,PEDESTRIAN,N/A,CLOUDY,WET,DAYLIGHT,NO CONTROLS,NONE DETECTED,NONE DETECTED,24977CF6-9A19-42DD-8AE1-657819924F20,PEDESTRIAN,Other,INATTENTIVE,N/A,NO PED. SIGNAL,MIXED CLOTHING,Yes,SUSPECTED MINOR INJURY,NONE,38.99864593,-76.99937582,"(38.99864593, -76.99937582)"
DD5606003H,16029574,Rockville Police Departme,Property Damage Crash,06/12/2016 01:00:00 PM,County,TWINBROOK PKWY,Maryland (State),VEIRS MILL RD,,N/A,BICYCLIST,STRAIGHT MOVEMENT ANGLE,CLEAR,N/A,DAYLIGHT,NO CONTROLS,NONE DETECTED,NONE DETECTED,E1754D16-104A-4DCA-B082-21D21818BD90,BICYCLIST,Cross/Enter not at Intersection,IN ROADWAY IMPROPERLY,ON ROADWAY NOT AT CROSSWALK,N/A,N/A,Yes,NO APPARENT INJURY,NONE,39.07387,-77.11153667,"(39.07387, -77.11153667)"
MCP2498000P,16022376,Montgomery County Police,Injury Crash,05/06/2016 05:15:00 AM,Maryland (State),GERMANTOWN RD,Ramp,RAMP 6 FR MD 118 EB TO IS 270 SB,,N/A,BICYCLIST,OTHER,RAINING,WET,DARK LIGHTS ON,NO CONTROLS,UNKNOWN,NONE DETECTED,B3C5F9E9-880C-4A45-8C12-21B0E39388B0,BICYCLIST,Walking/Riding w/Traffic,NO IMPROPER ACTIONS,AT INTERSECTION BUT NO CROSSWALK,N/A,REFLECTIVE MATERIAL,No,SUSPECTED MINOR INJURY,MC/BIKE HELMET,39.18266182,-77.25869447,"(39.18266182, -77.25869447)"
MCP3064000V,180006809,Montgomery County Police,Injury Crash,02/09/2018 06:25:00 AM,County,NEWPORT MILL RD,Maryland (State),VEIRS MILL RD,,N/A,PEDESTRIAN,OTHER,CLEAR,DRY,DUSK,TRAFFIC SIGNAL,NONE DETECTED,NONE DETECTED,9FC2BAFB-9C18-43FD-B9E5-806F4A753DBB,PEDESTRIAN,Cross/Enter at Intersection,UNKNOWN,AT INTERSECTION MARKED CROSSWALK,OBEYED PED. SIGNAL,MIXED CLOTHING,No,SUSPECTED SERIOUS INJURY,NONE,39.04501728,-77.06502289,"(39.04501728, -77.06502289)"
DD55380027,17004124,Rockville Police Departme,Injury Crash,01/24/2017 12:32:00 PM,,,,,"891-G ROCKVILLE PIKE ""PAISANO'S""  PARKING LOT",,PEDESTRIAN,SINGLE VEHICLE,CLEAR,,DAYLIGHT,NO CONTROLS,NONE DETECTED,NONE DETECTED,57DC6529-CFCE-45C2-9975-EEB0D2072432,PEDESTRIAN,Other,N/A,INSIDE BUILDING,N/A,N/A,No,POSSIBLE INJURY,N/A,39.07437,-77.13731167,"(39.07437, -77.13731167)"
MCP2693001B,16004084,Montgomery County Police,Injury Crash,01/24/2016 04:04:00 PM,County,BAUER DR,Other Public Roadway,BURNSIDE DR,,N/A,PEDESTRIAN,SINGLE VEHICLE,CLEAR,SNOW,DAYLIGHT,NO CONTROLS,NONE DETECTED,NONE DETECTED,58E7003A-C511-4120-B577-8D09C9E5CA69,PEDESTRIAN,Walking/Riding w/Traffic,NO IMPROPER ACTIONS,SHOULDER,NO PED. SIGNAL,MIXED CLOTHING,No,POSSIBLE INJURY,N/A,39.094385,-77.10942667,"(39.094385, -77.10942667)"
MCP30690006,170530869,Montgomery County Police,Injury Crash,09/15/2017 10:37:00 PM,Maryland (State),RIVER RD,County,LANDY LA,,N/A,PEDESTRIAN,SINGLE VEHICLE,CLEAR,DRY,DARK LIGHTS ON,NO CONTROLS,NONE DETECTED,NONE DETECTED,053CD3E4-4C86-47E8-82C5-F79D9284F15A,PEDESTRIAN,Cross/Enter not at Intersection,NO IMPROPER ACTIONS,ON ROADWAY AT CROSSWALK,N/A,DARK CLOTHING,No,SUSPECTED SERIOUS INJURY,NONE,38.96464778,-77.10348845,"(38.96464778, -77.10348845)"
MCP24750011,16029229,Montgomery County Police,Injury Crash,06/10/2016 03:50:00 PM,US (State),COLESVILLE RD,County,TIMBERWOOD AVE,,N/A,BICYCLIST,STRAIGHT MOVEMENT ANGLE,CLEAR,DRY,DAYLIGHT,STOP SIGN,N/A,N/A,AB616E78-5F3C-416C-B0C0-77821EC272EC,BICYCLIST,Cross/Enter at Intersection,FAILURE TO YIELD RIGHT OF WAY,OUTSIDE RIGHT OF WAY,NO PED. SIGNAL,MIXED CLOTHING,Yes,SUSPECTED MINOR INJURY,MC/BIKE HELMET,39.02163432,-77.01216459,"(39.02163432, -77.01216459)"
MCP3137000B,180042854,Montgomery County Police,Injury Crash,08/28/2018 03:28:00 PM,County,BALLARD ST,County,WOODLAND DR,,N/A,MACHINE OPERATOR/RIDER,HEAD ON LEFT TURN,CLEAR,DRY,DAYLIGHT,STOP SIGN,NONE DETECTED,NONE DETECTED,00FC3A38-1C56-454D-A9E3-7B7DA58916CE,MACHINE OPERATOR/RIDER,Walking/Riding w/Traffic,NO IMPROPER ACTIONS,ON ROADWAY NOT AT CROSSWALK,N/A,MIXED CLOTHING,No,POSSIBLE INJURY,MC/BIKE HELMET,39.00139802,-77.0324746,"(39.00139802, -77.0324746)"
MCP2556001M,170545616,Montgomery County Police,Injury Crash,12/01/2017 06:56:00 PM,Maryland (State),FREDERICK RD,Maryland (State),MONTGOMERY VILLAGE AVE,,N/A,PEDESTRIAN,STRAIGHT MOVEMENT ANGLE,N/A,DRY,DARK NO LIGHTS,NO CONTROLS,NONE DETECTED,NONE DETECTED,1BC14C26-8291-4949-A6DC-F1D54F100005,PEDESTRIAN,Cross/Enter not at Intersection,UNKNOWN,N/A,NO PED. SIGNAL,OTHER,Yes,POSSIBLE INJURY,N/A,39.15134675,-77.21046098,"(39.15134675, -77.21046098)"
DD5611001G,16032513,Rockville Police Departme,Injury Crash,06/27/2016 01:00:00 PM,Municipality,ARDENNES AVE,Municipality,WAINWRIGHT AVE,,ROCKVILLE,BICYCLIST,STRAIGHT MOVEMENT ANGLE,CLEAR,DRY,DAYLIGHT,N/A,NONE DETECTED,NONE DETECTED,492551E1-BB68-4A6D-9039-31924A4A6FBC,BICYCLIST,Walking/Riding against Traffic,IN ROADWAY IMPROPERLY,SHOULDER,N/A,MIXED CLOTHING,Yes,SUSPECTED MINOR INJURY,NONE,39.068064,-77.1184605,"(39.068064, -77.1184605)"
HA2372000X,18001064,Maryland-National Capital,Injury Crash,08/13/2018 11:19:00 AM,Government,LITTLE FALLS PKWY,County,ARLINGTON RD,,N/A,PEDESTRIAN,OTHER,CLEAR,DRY,DAYLIGHT,STOP SIGN,NONE DETECTED,UNKNOWN,8710EFF5-E9A4-4944-AE39-A9333039E9F4,PEDESTRIAN,Cross/Enter at Intersection,DART DASH,ON ROADWAY AT CROSSWALK,N/A,UNKNOWN,Yes,SUSPECTED MINOR INJURY,UNKNOWN,38.97334695,-77.10107312,"(38.97334695, -77.10107312)"
MCP27200013,15020637,Montgomery County Police,Injury Crash,05/01/2015 07:05:00 PM,Maryland (State),GEORGIA AVE,County,REEDIE DR,,N/A,PEDESTRIAN,STRAIGHT MOVEMENT ANGLE,CLEAR,DRY,DAYLIGHT,TRAFFIC SIGNAL,N/A,N/A,B0105DE1-B57D-42BD-B0ED-798DE63DB44E,PEDESTRIAN,Unknown,UNKNOWN,UNKNOWN,UNKNOWN,MIXED CLOTHING,,POSSIBLE INJURY,N/A,39.03855333,-77.051755,"(39.03855333, -77.051755)"
MCP2584000C,15014875,Montgomery County Police,Injury Crash,03/31/2015 08:00:00 AM,County,MIDDLEBROOK RD,Unknown,CROSSRIDGE DR,,N/A,PEDESTRIAN,OTHER,N/A,N/A,DAYLIGHT,STOP SIGN,UNKNOWN,NONE DETECTED,A38B0CF0-C705-4849-B7F1-870FF6613746,PEDESTRIAN,Cross/Enter at Intersection,NOT VISIBLE,ON ROADWAY AT CROSSWALK,OBEYED PED. SIGNAL,UNKNOWN,,POSSIBLE INJURY,NONE,39.17508833,-77.25742,"(39.17508833, -77.25742)"
MCP9419001S,180043414,Montgomery County Police,Injury Crash,08/31/2018 09:55:00 AM,County,SEVEN LOCKS RD,County,MONTROSE RD,,N/A,PEDESTRIAN,OTHER,CLEAR,DRY,DAYLIGHT,TRAFFIC SIGNAL,NONE DETECTED,NONE DETECTED,09EB4AAA-A314-4699-BFBD-FDD705EA7696,PEDESTRIAN,Other Working,N/A,ON ROADWAY NOT AT CROSSWALK,N/A,REFLECTIVE MATERIAL,Yes,SUSPECTED MINOR INJURY,REFLECTIVE CLOTHING,39.05682167,-77.16154333,"(39.05682167, -77.16154333)"
MCP2967001F,16034961,Montgomery County Police,Injury Crash,07/10/2016 05:20:00 PM,County,RANDOLPH RD,County,NEBEL ST,,N/A,PEDESTRIAN,OTHER,CLEAR,DRY,DAYLIGHT,TRAFFIC SIGNAL,N/A,N/A,E6970159-E408-407C-AE5D-F83FBA8ADA72,PEDESTRIAN,Cross/Enter at Intersection,INATTENTIVE,SIDEWALK,UNKNOWN,DARK CLOTHING,Unknown,SUSPECTED MINOR INJURY,NONE,39.05333667,-77.11066333,"(39.05333667, -77.11066333)"
MCP1554003T,180063880,Montgomery County Police,Injury Crash,12/21/2018 06:26:00 PM,County,E GUDE DR,Unknown,CALHOUN DR,,N/A,PEDESTRIAN,STRAIGHT MOVEMENT ANGLE,CLEAR,WET,DARK LIGHTS ON,FLASHING TRAFFIC SIGNAL,N/A,ALCOHOL PRESENT,0828B403-962B-4147-A100-7A4411B9EEFD,PEDESTRIAN,Cross/Enter not at Intersection,DART DASH,ON ROADWAY NOT AT CROSSWALK,DISOBEYED PED. SIGNAL,DARK CLOTHING,Yes,SUSPECTED SERIOUS INJURY,N/A,39.10570667,-77.14493167,"(39.10570667, -77.14493167)"
MCP28510019,15048076,MONTGOMERY,Injury Crash,09/22/2015 06:44:00 PM,Maryland (State),GERMANTOWN RD,County,AIRCRAFT DR,,N/A,PEDESTRIAN,SINGLE VEHICLE,CLEAR,DRY,DAYLIGHT,TRAFFIC SIGNAL,NONE DETECTED,NONE DETECTED,8CD3880B-7884-49A3-A47D-665B594167C2,PEDESTRIAN,Cross/Enter at Intersection,FAILURE TO YIELD RIGHT OF WAY,ON ROADWAY AT CROSSWALK,DISOBEYED PED. SIGNAL,MIXED CLOTHING,Yes,SUSPECTED MINOR INJURY,N/A,39.18203333,-77.26057833,"(39.18203333, -77.26057833)"
MCP137800C0,16045501,Montgomery County Police,Injury Crash,09/06/2016 09:27:00 AM,Municipality,TRAVIS AVE,Municipality,TRAVIS LA,,GAITHERSBURG,PEDESTRIAN,SINGLE VEHICLE,CLEAR,DRY,DAYLIGHT,STOP SIGN,NONE DETECTED,NONE DETECTED,3715B06D-5AF2-4BA1-8FB5-32DE2504DB1B,PEDESTRIAN,Cross/Enter at Intersection,NO IMPROPER ACTIONS,AT INTERSECTION BUT NO CROSSWALK,NO PED. SIGNAL,MIXED CLOTHING,No,SUSPECTED SERIOUS INJURY,N/A,39.16234833,-77.21704667,"(39.16234833, -77.21704667)"
MCP14170079,170505844,Montgomery County Police,Injury Crash,05/04/2017 10:54:00 AM,,,,,PARKING LOT OF 417 N. FREDERICK ROAD,,PEDESTRIAN,SINGLE VEHICLE,N/A,,DAYLIGHT,NO CONTROLS,NONE DETECTED,NONE DETECTED,F3528174-F13B-46F2-8497-784D338894D4,PEDESTRIAN,Walking/Cycling on Sidewalk,NO IMPROPER ACTIONS,SIDEWALK,NO PED. SIGNAL,MIXED CLOTHING,No,SUSPECTED MINOR INJURY,NONE,39.1466118,-77.20472306,"(39.1466118, -77.20472306)"
MCP2967001L,16044742,Montgomery County Police,Injury Crash,09/01/2016 08:35:00 PM,Maryland (State),CONNECTICUT AVE,Municipality,RAYMOND ST,,CHEVY CHASE #3,PEDESTRIAN,SINGLE VEHICLE,RAINING,WET,DARK LIGHTS ON,TRAFFIC SIGNAL,N/A,N/A,7975393E-8274-4EF2-A5CA-A854F0F4CE16,PEDESTRIAN,Cross/Enter at Intersection,NO IMPROPER ACTIONS,ON ROADWAY AT CROSSWALK,OBEYED PED. SIGNAL,MIXED CLOTHING,No,SUSPECTED MINOR INJURY,NONE,38.97806833,-77.07701833,"(38.97806833, -77.07701833)"
MCP137800H6,170513692,Montgomery County Police,Injury Crash,06/14/2017 06:02:00 PM,Maryland (State),GREAT SENECA HWY,County,SAM EIG HWY,,N/A,BICYCLIST,STRAIGHT MOVEMENT ANGLE,CLEAR,DRY,DAYLIGHT,TRAFFIC SIGNAL,NONE DETECTED,NONE DETECTED,68C640B1-4C11-494F-B762-0D0073A94B4E,BICYCLIST,Cross/Enter at Intersection,NO IMPROPER ACTIONS,ON ROADWAY AT CROSSWALK,OBEYED PED. SIGNAL,DARK CLOTHING,No,SUSPECTED MINOR INJURY,MC/BIKE HELMET,39.10989667,-77.211555,"(39.10989667, -77.211555)"
MCP271700N1,190015706,Montgomery County Police,Property Damage Crash,04/04/2019 06:00:00 PM,Maryland (State),BRADLEY BLVD,County,KENTSDALE DR,,N/A,BICYCLIST,OTHER,CLEAR,DRY,DAYLIGHT,NO CONTROLS,NONE DETECTED,NONE DETECTED,E5A06DE1-5EA5-4756-85DE-C632CE7F21C0,BICYCLIST,Walking/Riding w/Traffic,NO IMPROPER ACTIONS,ON ROADWAY NOT AT CROSSWALK,NO PED. SIGNAL,MIXED CLOTHING,No,NO APPARENT INJURY,MC/BIKE HELMET,39.005084,-77.17620017,"(39.005084, -77.17620017)"
MCP0036002R,15043045,MONTGOMERY,Injury Crash,08/27/2015 04:04:00 PM,Maryland (State),RIDGE RD,Maryland (State),MAIN ST,,N/A,BICYCLIST,SINGLE VEHICLE,CLEAR,DRY,DAYLIGHT,NO CONTROLS,NONE DETECTED,NONE DETECTED,54AF657D-FCA7-440E-807D-4A8B5A421680,BICYCLIST,Walking/Riding w/Traffic,NO IMPROPER ACTIONS,ON ROADWAY NOT AT CROSSWALK,N/A,MIXED CLOTHING,No,SUSPECTED SERIOUS INJURY,NONE,39.28840503,-77.20512003,"(39.28840503, -77.20512003)"
DD5630000K,180047416,Rockville Police Departme,Injury Crash,09/22/2018 12:46:00 PM,Maryland (State),ROCKVILLE PIKE,Maryland (State),FIRST ST,,N/A,PEDESTRIAN,SINGLE VEHICLE,CLEAR,DRY,DAYLIGHT,NO CONTROLS,NONE DETECTED,NONE DETECTED,FDED0BBF-A126-4E7C-9646-D8E725EAAB97,PEDESTRIAN,Cross/Enter not at Intersection,IN ROADWAY IMPROPERLY,ON ROADWAY NOT AT CROSSWALK,NO PED. SIGNAL,DARK CLOTHING,Yes,SUSPECTED MINOR INJURY,NONE,39.07697,-77.13886167,"(39.07697, -77.13886167)"
MCP3007000F,16001665,Montgomery County Police,Injury Crash,01/09/2016 06:36:00 PM,County,RANDOLPH RD,County,BUSHEY DR,,N/A,PEDESTRIAN,OTHER,N/A,DRY,DARK LIGHTS ON,NO CONTROLS,NONE DETECTED,NONE DETECTED,1EF94930-69BC-4038-8466-684A27FFC987,PEDESTRIAN,Cross/Enter at Intersection,NO IMPROPER ACTIONS,ON ROADWAY AT CROSSWALK,NO PED. SIGNAL,DARK CLOTHING,No,SUSPECTED MINOR INJURY,NONE,39.05737235,-77.07796454,"(39.05737235, -77.07796454)"
MCP2818001W,16028823,Montgomery County Police,Injury Crash,06/08/2016 05:00:00 PM,Maryland (State),GEORGIA AVE,County,CAMERON ST,,N/A,PEDESTRIAN,OTHER,CLEAR,DRY,DAYLIGHT,TRAFFIC SIGNAL,NONE DETECTED,NONE DETECTED,4FE83547-1427-491C-8EE2-43C3D39EDAEE,PEDESTRIAN,Cross/Enter at Intersection,NO IMPROPER ACTIONS,AT INTERSECTION MARKED CROSSWALK,OBEYED PED. SIGNAL,MIXED CLOTHING,No,POSSIBLE INJURY,N/A,38.99769833,-77.02968333,"(38.99769833, -77.02968333)"
MCP2722002W,180005330,Montgomery County Police,Injury Crash,01/31/2018 02:27:00 PM,,,,,PARKING LOT OF 13517 GEORGIA AVE,,PEDESTRIAN,SINGLE VEHICLE,CLEAR,,DAYLIGHT,NO CONTROLS,N/A,N/A,D9504A53-C6DE-4C49-B4EB-5F63BA41D15A,PEDESTRIAN,Cross/Enter not at Intersection,DART DASH,ON ROADWAY NOT AT CROSSWALK,NO PED. SIGNAL,MIXED CLOTHING,No,POSSIBLE INJURY,NONE,39.07917167,-77.07151333,"(39.07917167, -77.07151333)"
MCP2799004L,180061322,Montgomery County Police,Injury Crash,12/13/2018 12:00:00 AM,County,CHERRY HILL RD,County,BROADBIRCH DR,,N/A,PEDESTRIAN,SINGLE VEHICLE,CLEAR,DRY,DARK LIGHTS ON,NO CONTROLS,ILLEGAL DRUG CONTRIBUTED,NONE DETECTED,A7BDDB32-BD6D-4D15-A8C4-EDF60BBCBD15,PEDESTRIAN,Other,OTHER,SHOULDER,N/A,DARK CLOTHING,No,SUSPECTED MINOR INJURY,NONE,39.09495667,-76.92988833,"(39.09495667, -76.92988833)"
MCP27220033,190005955,Montgomery County Police,Injury Crash,02/06/2019 06:45:00 PM,County,CONNECTICUT AVE,Maryland (State),GEORGIA AVE,,N/A,PEDESTRIAN,SINGLE VEHICLE,RAINING,WET,DARK LIGHTS ON,TRAFFIC SIGNAL,N/A,N/A,1F8328BB-54E0-40CB-9797-F385FEC22954,PEDESTRIAN,Cross/Enter at Intersection,NO IMPROPER ACTIONS,AT INTERSECTION MARKED CROSSWALK,OBEYED PED. SIGNAL,DARK CLOTHING,No,SUSPECTED MINOR INJURY,NONE,39.08376417,-77.07760769,"(39.08376417, -77.07760769)"
MCP26800027,180001167,Montgomery County Police,Injury Crash,01/08/2018 06:13:00 PM,Maryland (State),GEORGIA AVE,County,FENWICK LA,,N/A,PEDESTRIAN,STRAIGHT MOVEMENT ANGLE,SLEET,WET,DARK LIGHTS ON,OTHER,NONE DETECTED,NONE DETECTED,2DC8E4D5-B083-4D0C-B0B0-8E6CDB993541,PEDESTRIAN,Cross/Enter at Intersection,NO IMPROPER ACTIONS,AT INTERSECTION MARKED CROSSWALK,NO PED. SIGNAL,LIGHT CLOTHING,No,SUSPECTED MINOR INJURY,NONE,38.99821548,-77.03073889,"(38.99821548, -77.03073889)"
MCP29400007,16000092,Montgomery County Police,Property Damage Crash,01/05/2016 10:48:00 AM,County,MACARTHUR BLVD,County,STABLE LA,,N/A,BICYCLIST,SINGLE VEHICLE,CLOUDY,DRY,DAYLIGHT,NO CONTROLS,NONE DETECTED,NONE DETECTED,11FF6EBE-7C08-4146-83B6-921D40CE16DA,BICYCLIST,Walking/Riding w/Traffic,NO IMPROPER ACTIONS,ON ROADWAY NOT AT CROSSWALK,NO PED. SIGNAL,LIGHT CLOTHING,No,NO APPARENT INJURY,MC/BIKE HELMET,38.98223061,-77.22650528,"(38.98223061, -77.22650528)"
MCP2396000Q,15025472,Montgomery County Police,Injury Crash,05/27/2015 09:55:00 AM,Maryland (State),CONNECTICUT AVE,County,WELLER RD,,N/A,PEDESTRIAN,STRAIGHT MOVEMENT ANGLE,CLEAR,DRY,DAYLIGHT,OTHER,NONE DETECTED,NONE DETECTED,F3396858-22EE-4ECC-91FB-FD0323AD2307,PEDESTRIAN,Cross/Enter at Intersection,OTHER,AT INTERSECTION MARKED CROSSWALK,DISOBEYED PED. SIGNAL,MIXED CLOTHING,,SUSPECTED MINOR INJURY,N/A,39.06329864,-77.07331896,"(39.06329864, -77.07331896)"
MCP23110011,15052461,MONTGOMERY,Injury Crash,10/15/2015 11:47:00 PM,County,SHADY GROVE RD,County,CRABBS BRANCH WAY,,N/A,PEDESTRIAN,SINGLE VEHICLE,CLEAR,DRY,DARK NO LIGHTS,TRAFFIC SIGNAL,N/A,NONE DETECTED,690794B1-B2B3-4A96-BAD9-F6B302AA8DB7,PEDESTRIAN,Cross/Enter at Intersection,FAILURE TO OBEY TRAFFIC SIGNS SIGNALS OR OFFICER,AT INTERSECTION MARKED CROSSWALK,DISOBEYED PED. SIGNAL,DARK CLOTHING,No,SUSPECTED MINOR INJURY,NONE,39.12878333,-77.16697833,"(39.12878333, -77.16697833)"