Report Number,Local Case Number,Agency Name,ACRS Report Type,Crash Date/Time,Route Type,Road Name,Cross-Street Type,Cross-Street Name,Off-Road Description,Municipality,Related Non-Motorist,Collision Type,Weather,Surface Condition,Light,Traffic Control,Driver Substance Abuse,Non-Motorist Substance Abuse,Person ID,Pedestrian Type,Pedestrian Movement,Pedestrian Actions,Pedestrian Location,Pedestrian Obeyed Traffic Signal,Pedestrian Visibility,At Fault,Injury Severity,Safety Equipment,Latitude,Longitude,Location
MCP2456001C,16059594,Montgomery County Police,Injury Crash,11/19/2016 11:24:00 AM,Maryland (State),FLOWER AVE,Municipality,DOMER AVE,,TAKOMA PARK,OTHER,STRAIGHT MOVEMENT ANGLE,CLEAR,DRY,DAYLIGHT,NO CONTROLS,NONE DETECTED,NONE DETECTED,4374D5B2-2324-4E89-AFC2-E6C5CC26809C,OTHER,Other,NO IMPROPER ACTIONS,SIDEWALK,N/A,N/A,No,NO APPARENT INJURY,N/A,38.99662333,-77.00298667,"(38.99662333, -77.00298667)"
MCP3089001P,180041729,Montgomery County Police,Injury Crash,08/22/2018 08:00:00 AM,County,THAYER AVE,County,FENTON ST,,N/A,BICYCLIST,OTHER,N/A,DRY,DAYLIGHT,TRAFFIC SIGNAL,N/A,N/A,9AECDAB3-4C7B-4385-9509-F4CDF0168527,BICYCLIST,Walking/Riding w/Traffic,NO IMPROPER ACTIONS,SHOULDER,N/A,N/A,No,SUSPECTED MINOR INJURY,N/A,38.99449667,-77.03050833,"(38.99449667, -77.03050833)"
MCP3109001C,180053981,Montgomery County Police,Property Damage Crash,10/28/2018 12:15:00 PM,Maryland (State),EAST WEST HWY,County,BLAIR MILL RD,,N/A,PEDESTRIAN,SAME DIR REAR END,CLEAR,DRY,DAYLIGHT,NO CONTROLS,NONE DETECTED,NONE DETECTED,1FAF08C5-D8DE-4B64-BF67-200BB8475BB2,PEDESTRIAN,Cross/Enter not at Intersection,NO IMPROPER ACTIONS,ON ROADWAY AT CROSSWALK,NO PED. SIGNAL,DARK CLOTHING,No,NO APPARENT INJURY,NONE,38.99169317,-77.03045817,"(38.99169317, -77.03045817)"
MCP2864002P,170502137,Montgomery County Police,Injury Crash,04/14/2017 03:32:00 PM,Municipality,CHAPMAN AVE,Municipality,BOUIC AVE,,ROCKVILLE,PEDESTRIAN,OTHER,CLEAR,DRY,DAYLIGHT,STOP SIGN,NONE DETECTED,NONE DETECTED,1E45FE19-F143-405D-808A-D2914300AA31,PEDESTRIAN,Cross/Enter at Intersection,NO IMPROPER ACTIONS,AT INTERSECTION MARKED CROSSWALK,NO PED. SIGNAL,MIXED CLOTHING,No,POSSIBLE INJURY,NONE,39.061135,-77.12101833,"(39.061135, -77.12101833)"
MCP25590013,16035610,Montgomery County Police,Injury Crash,07/14/2016 09:34:00 AM,County,DECOVERLY DR,Maryland (State),GREAT SENECA HWY,,N/A,BICYCLIST,HEAD ON LEFT TURN,CLEAR,DRY,DAYLIGHT,STOP SIGN,N/A,N/A,EB8FD3E7-22EA-4B85-9E23-4AA67E5D035F,BICYCLIST,Cross/Enter at Intersection,NO IMPROPER ACTIONS,ON ROADWAY AT CROSSWALK,NO PED. SIGNAL,MIXED CLOTHING,No,SUSPECTED SERIOUS INJURY,UNKNOWN,39.10608105,-77.20796987,"(39.10608105, -77.20796987)"
MCP30480056,190023306,Montgomery County Police,Injury Crash,05/17/2019 11:14:00 AM,County,MADISON ST,County,ANDERSON RD,,N/A,"OTHER, PEDESTRIAN",OTHER,CLOUDY,DRY,DAYLIGHT,NO CONTROLS,N/A,N/A,9A9611F8-832B-419B-87D7-6AD02C5195C7,PEDESTRIAN,Other,NO IMPROPER ACTIONS,ON ROADWAY AT CROSSWALK,NO PED. SIGNAL,MIXED CLOTHING,No,POSSIBLE INJURY,N/A,39.03666667,-77.07016333,"(39.03666667, -77.07016333)"
DD55020019,15029309,Rockville Police Departme,Injury Crash,06/16/2015 12:30:00 PM,Municipality,FREDERICK AVE,Municipality,LENMOR AVE,,ROCKVILLE,PEDESTRIAN,OTHER,CLEAR,DRY,DAYLIGHT,NO CONTROLS,NONE DETECTED,NONE DETECTED,1F5125CD-7822-4438-B7F5-4598C674B18E,PEDESTRIAN,Cross/Enter not at Intersection,DART DASH,ON ROADWAY NOT AT CROSSWALK,NO PED. SIGNAL,MIXED CLOTHING,,SUSPECTED MINOR INJURY,NONE,39.09484833,-77.14877,"(39.09484833, -77.14877)"
MCP2752002H,180033568,Montgomery County Police,Injury Crash,07/07/2018 03:39:00 PM,County,BROOKSIDE DR,County,LAWN WAY,,N/A,BICYCLIST,ANGLE MEETS LEFT HEAD ON,CLEAR,DRY,DAYLIGHT,NO CONTROLS,N/A,N/A,5E1AA23F-F850-4BED-B2FB-4162EB0BE5EF,BICYCLIST,Cross/Enter at Intersection,FAILURE TO OBEY TRAFFIC SIGNS SIGNALS OR OFFICER,OTHER,DISOBEYED PED. SIGNAL,LIGHT CLOTHING,Yes,SUSPECTED MINOR INJURY,MC/BIKE HELMET,38.967515,-77.10454,"(38.967515, -77.10454)"
MCP1595000G,16040812,Montgomery County Police,Injury Crash,08/11/2016 04:22:00 PM,,,,,PARKING LOT OF 4816 BOILING BROOK PARKWAY,,PEDESTRIAN,SINGLE VEHICLE,CLEAR,,DAYLIGHT,NO CONTROLS,UNKNOWN,UNKNOWN,40DA36B9-CA65-404B-9EBA-337275035094,PEDESTRIAN,Standing,NO IMPROPER ACTIONS,OTHER,NO PED. SIGNAL,UNKNOWN,No,POSSIBLE INJURY,N/A,39.03954833,-77.05194833,"(39.03954833, -77.05194833)"
MCP26410016,190010359,Montgomery County Police,Injury Crash,03/05/2019 10:05:00 PM,County,MIDDLEBROOK RD,Maryland (State),FREDERICK RD,,N/A,PEDESTRIAN,SINGLE VEHICLE,CLEAR,DRY,DARK LIGHTS ON,TRAFFIC SIGNAL,NONE DETECTED,ALCOHOL PRESENT,283090F4-2584-4112-B254-C207FB5CAA01,PEDESTRIAN,Cross/Enter at Intersection,INATTENTIVE,UNKNOWN,UNKNOWN,DARK CLOTHING,Unknown,POSSIBLE INJURY,N/A,39.18082667,-77.23877667,"(39.18082667, -77.23877667)"
MCP2087002Q,190004828,Montgomery County Police,Injury Crash,01/31/2019 06:43:00 AM,Maryland (State),GEORGIA AVE,Maryland (State),CONNECTICUT AVE,,N/A,PEDESTRIAN,SINGLE VEHICLE,CLEAR,DRY,DAWN,TRAFFIC SIGNAL,NONE DETECTED,NONE DETECTED,B1B00341-3E2B-49B9-AF58-C81E2D01486E,PEDESTRIAN,Cross/Enter at Intersection,NO IMPROPER ACTIONS,ON ROADWAY AT CROSSWALK,OBEYED PED. SIGNAL,DARK CLOTHING,No,POSSIBLE INJURY,N/A,39.08375333,-77.07751333,"(39.08375333, -77.07751333)"
MCP137800LQ,180030475,Montgomery County Police,Injury Crash,06/20/2018 02:49:00 PM,,,,,PARKING LOT OF 22 N SUMMIT AVE,,PEDESTRIAN,OTHER,CLOUDY,,DAYLIGHT,N/A,NONE DETECTED,NONE DETECTED,67C91EE9-4A5C-4663-97A8-1F1B1B78789A,PEDESTRIAN,Other,OTHER,OTHER,N/A,MIXED CLOTHING,No,SUSPECTED SERIOUS INJURY,N/A,39.14301721,-77.19334379,"(39.14301721, -77.19334379)"
MCP15540041,190007886,Montgomery County Police,Injury Crash,02/18/2019 05:27:00 PM,County,CRABBS BRANCH WAY,Unknown,ENT TO MONT CO DEPT OF TRANS,,N/A,PEDESTRIAN,SINGLE VEHICLE,CLEAR,DRY,DAYLIGHT,TRAFFIC SIGNAL,NONE DETECTED,NONE DETECTED,EF5D11DC-6906-4B6D-8C08-77FEC5C5F63B,PEDESTRIAN,Other,NO IMPROPER ACTIONS,INSIDE BUILDING,N/A,N/A,No,POSSIBLE INJURY,N/A,39.12444333,-77.16421167,"(39.12444333, -77.16421167)"
MCP20540005,15057210,MONTGOMERY,Injury Crash,11/09/2015 09:30:00 PM,County,TECH RD,County,BROADBIRCH DR,,N/A,PEDESTRIAN,STRAIGHT MOVEMENT ANGLE,RAINING,WET,DARK NO LIGHTS,STOP SIGN,NONE DETECTED,NONE DETECTED,7B7B5AA6-21AF-499A-BE8D-361A1B6E9A15,PEDESTRIAN,Cross/Enter at Intersection,NO IMPROPER ACTIONS,AT INTERSECTION MARKED CROSSWALK,NO PED. SIGNAL,DARK CLOTHING,No,POSSIBLE INJURY,NONE,39.05590918,-76.96655363,"(39.05590918, -76.96655363)"
MCP2973000N,15048402,MONTGOMERY,Injury Crash,09/24/2015 09:55:00 AM,,,,,PARKING LOT OF WEST EXIT OF MCDONALDS AT 13701 CONNECTICUT AVENUE IN ASPEN HILL SHOPPING CENTER,,PEDESTRIAN,STRAIGHT MOVEMENT ANGLE,CLEAR,,DAYLIGHT,NO CONTROLS,NONE DETECTED,NONE DETECTED,F48F0E26-349C-4D42-8D15-2F2D81029446,PEDESTRIAN,Other,NO IMPROPER ACTIONS,OTHER,NO PED. SIGNAL,MIXED CLOTHING,No,POSSIBLE INJURY,N/A,39.07869155,-77.08052069,"(39.07869155, -77.08052069)"
MCP3048004B,180059044,Montgomery County Police,Injury Crash,11/26/2018 08:07:00 AM,County,FRIENDSHIP BLVD,County,WILLARD AVE,,N/A,PEDESTRIAN,HEAD ON LEFT TURN,RAINING,WET,DAYLIGHT,TRAFFIC SIGNAL,N/A,N/A,37DF3148-B683-44AC-8DC8-AC750E6E90BA,PEDESTRIAN,Cross/Enter at Intersection,DART DASH,ON ROADWAY AT CROSSWALK,OBEYED PED. SIGNAL,MIXED CLOTHING,No,SUSPECTED MINOR INJURY,NONE,38.961945,-77.08896667,"(38.961945, -77.08896667)"
MCP2766004N,190012967,Montgomery County Police,Injury Crash,03/20/2019 09:08:00 PM,Maryland (State),GEORGIA AVE,County,HEWITT AVE,,N/A,PEDESTRIAN,SINGLE VEHICLE,CLEAR,DRY,DARK LIGHTS ON,TRAFFIC SIGNAL,NONE DETECTED,UNKNOWN,73E35784-8801-407E-A5DD-3CC823761215,PEDESTRIAN,Cross/Enter at Intersection,DART DASH,ON ROADWAY AT CROSSWALK,DISOBEYED PED. SIGNAL,DARK CLOTHING,Yes,POSSIBLE INJURY,NONE,39.07761333,-77.071225,"(39.07761333, -77.071225)"
MCP13500016,16064970,Montgomery County Police,Injury Crash,12/19/2016 07:56:00 AM,,,,,PARKING LOT KINGSVIEW MIDDLE SCHOOL @ 16600 RAVEN ROCK DR,,PEDESTRIAN,OTHER,CLEAR,,DAYLIGHT,N/A,NONE DETECTED,N/A,A8F5654F-E5AF-4151-8152-C5226B78AC6C,PEDESTRIAN,Getting off/on Vehicle,ENTERING EXITING PARKED STANDING VEHICLE,OTHER,N/A,N/A,No,POSSIBLE INJURY,N/A,39.12687,-77.247905,"(39.12687, -77.247905)"
DD5574000K,16038539,Rockville Police Departme,Property Damage Crash,07/29/2016 12:45:00 PM,Municipality,VINSON ST,Municipality,S WASHINGTON ST,,ROCKVILLE,OTHER CONVEYANCE,STRAIGHT MOVEMENT ANGLE,CLEAR,DRY,DAYLIGHT,NO CONTROLS,N/A,N/A,B01EEC2B-A167-41DF-BDE8-56F30F0303ED,OTHER CONVEYANCE,Cross/Enter at Intersection,N/A,ON ROADWAY AT CROSSWALK,NO PED. SIGNAL,MIXED CLOTHING,No,NO APPARENT INJURY,MC/BIKE HELMET,39.08208333,-77.15273333,"(39.08208333, -77.15273333)"
MCP1580003H,15029144,Montgomery County Police,Injury Crash,06/15/2015 03:55:00 PM,County,CLUB HOUSE RD,County,MONTGOMERY VILLAGE AVE,,N/A,PEDESTRIAN,SINGLE VEHICLE,CLEAR,DRY,DAYLIGHT,NO CONTROLS,NONE DETECTED,NONE DETECTED,427011B3-37A4-4B4F-96AE-4B2F686824C1,PEDESTRIAN,Cross/Enter not at Intersection,DART DASH,ON ROADWAY NOT AT CROSSWALK,NO PED. SIGNAL,MIXED CLOTHING,,SUSPECTED MINOR INJURY,N/A,39.1746,-77.20453667,"(39.1746, -77.20453667)"
MCP1378007T,15049147,MONTGOMERY,Injury Crash,09/28/2015 12:22:00 PM,County,S WESTLAND DR,Maryland (State),FREDERICK RD,,N/A,PEDESTRIAN,SINGLE VEHICLE,CLOUDY,DRY,DAYLIGHT,TRAFFIC SIGNAL,NONE DETECTED,NONE DETECTED,7B9B6D74-600E-4FB6-A812-D1C9295FAACF,PEDESTRIAN,Cross/Enter at Intersection,NO IMPROPER ACTIONS,ON ROADWAY AT CROSSWALK,OBEYED PED. SIGNAL,MIXED CLOTHING,No,SUSPECTED SERIOUS INJURY,N/A,39.12589833,-77.18296,"(39.12589833, -77.18296)"
MCP28860010,15057995,MONTGOMERY,Injury Crash,11/13/2015 04:19:00 PM,County,GRIDLEY RD,County,SELFRIDGE RD,,N/A,PEDESTRIAN,SINGLE VEHICLE,CLEAR,DRY,DAYLIGHT,N/A,NONE DETECTED,NONE DETECTED,AA212CF7-22FD-467D-A997-6CBB4912CF52,PEDESTRIAN,Cross/Enter at Intersection,NO IMPROPER ACTIONS,AT INTERSECTION MARKED CROSSWALK,NO PED. SIGNAL,LIGHT CLOTHING,No,POSSIBLE INJURY,NONE,39.056545,-77.08547,"(39.056545, -77.08547)"
DD5539000Z,15026681,Rockville Police Departme,Injury Crash,06/02/2015 05:35:00 PM,Maryland (State),ROCKVILLE PIKE,Unknown,ENT TO CONGRESSIONAL PLAZA,,N/A,BICYCLIST,OTHER,CLOUDY,DRY,DAYLIGHT,STOP SIGN,NONE DETECTED,NONE DETECTED,9077868D-5211-4875-B3F6-2E8343F29508,BICYCLIST,Walking/Cycling on Sidewalk,NO IMPROPER ACTIONS,ON ROADWAY AT CROSSWALK,NO PED. SIGNAL,MIXED CLOTHING,,SUSPECTED SERIOUS INJURY,NONE,39.06286546,-77.12513924,"(39.06286546, -77.12513924)"
MCP24380018,170525756,Montgomery County Police,Injury Crash,08/19/2017 06:31:00 PM,County,CHERRY HILL RD,County,PLUM ORCHARD DR,,N/A,PEDESTRIAN,OTHER,CLEAR,DRY,DAYLIGHT,PERSON,N/A,N/A,B5CBECD2-640B-497F-ADE8-D00E04DBEB99,PEDESTRIAN,Cross/Enter at Intersection,NO IMPROPER ACTIONS,AT INTERSECTION MARKED CROSSWALK,UNKNOWN,LIGHT CLOTHING,No,POSSIBLE INJURY,NONE,39.05248833,-76.95322333,"(39.05248833, -76.95322333)"
MCP2791001D,15034093,MONTGOMERY,Property Damage Crash,07/10/2015 08:43:00 PM,County,FENTON ST,County,SLIGO AVE,,N/A,PEDESTRIAN,SINGLE VEHICLE,N/A,DRY,DARK LIGHTS ON,TRAFFIC SIGNAL,NONE DETECTED,N/A,88181B3E-A081-4E21-B250-C0E0B94DDD29,PEDESTRIAN,Cross/Enter at Intersection,N/A,AT INTERSECTION MARKED CROSSWALK,OBEYED PED. SIGNAL,UNKNOWN,No,NO APPARENT INJURY,NONE,38.99015314,-77.02397704,"(38.99015314, -77.02397704)"
MCP2967003Q,190011529,Montgomery County Police,Injury Crash,03/12/2019 09:12:00 PM,Maryland (State),WISCONSIN AVE,Maryland (State),EAST WEST HWY (W/B COUPLET),,N/A,PEDESTRIAN,SINGLE VEHICLE,CLEAR,DRY,DARK LIGHTS ON,TRAFFIC SIGNAL,N/A,N/A,D0250D1E-BCB1-477D-88D5-B1A41E34B9D3,PEDESTRIAN,Cross/Enter not at Intersection,IN ROADWAY IMPROPERLY,ON ROADWAY NOT AT CROSSWALK,DISOBEYED PED. SIGNAL,DARK CLOTHING,Yes,SUSPECTED MINOR INJURY,NONE,38.98505333,-77.094145,"(38.98505333, -77.094145)"
MCP1417005K,16034135,Montgomery County Police,Injury Crash,07/06/2016 06:39:00 AM,,,,,"DRIVEWAY OF
20211 GOSHEN ROAD",,PEDESTRIAN,SINGLE VEHICLE,CLEAR,,DAYLIGHT,NO CONTROLS,NONE DETECTED,NONE DETECTED,399630BF-45EE-4B79-8F2F-C4327491C8AF,PEDESTRIAN,Other,DART DASH,OTHER,NO PED. SIGNAL,LIGHT CLOTHING,Yes,SUSPECTED MINOR INJURY,NONE,39.18907963,-77.18577325,"(39.18907963, -77.18577325)"
MCP29660050,180050359,Montgomery County Police,Injury Crash,10/08/2018 07:20:00 PM,County,ASPEN HILL RD,County,ARCTIC AVE,,N/A,BICYCLIST,OTHER,CLEAR,DRY,DARK LIGHTS ON,TRAFFIC SIGNAL,NONE DETECTED,NONE DETECTED,C2AD26FA-941C-4D06-8C48-AF4BA3B8A8F5,BICYCLIST,Cross/Enter at Intersection,NO IMPROPER ACTIONS,ON ROADWAY AT CROSSWALK,OBEYED PED. SIGNAL,N/A,No,SUSPECTED MINOR INJURY,N/A,39.07151,-77.09904167,"(39.07151, -77.09904167)"
MCP3004000C,16007966,Montgomery County Police,Injury Crash,02/17/2016 12:39:00 PM,,,,,"10401 GROSVENOR PLACE ROCKVILLE, MD 20852
INCIDENT OCCURED IN GROSVENOR MARKET'S  PARKING LOT",,PEDESTRIAN,OTHER,CLEAR,,DAYLIGHT,N/A,NONE DETECTED,NONE DETECTED,6E807B2D-C0E7-48E9-A07E-B5AEFDF4B9B7,PEDESTRIAN,Other,NOT VISIBLE,OTHER,NO PED. SIGNAL,MIXED CLOTHING,No,SUSPECTED MINOR INJURY,NONE,39.02716042,-77.10655689,"(39.02716042, -77.10655689)"
MCP3145000R,180060674,Montgomery County Police,Injury Crash,12/04/2018 05:15:00 PM,,,,,"H-MART PARKING LOT.  12015 GEORGIA AVE WHEATON, MD",,PEDESTRIAN,SINGLE VEHICLE,CLEAR,,DUSK,NO CONTROLS,N/A,N/A,A3A9BCB4-65AA-47C0-8F43-CE97B2B8A400,PEDESTRIAN,Cross/Enter at Intersection,NO IMPROPER ACTIONS,AT INTERSECTION MARKED CROSSWALK,OBEYED PED. SIGNAL,MIXED CLOTHING,No,POSSIBLE INJURY,NONE,39.0521579,-77.04933537,"(39.0521579, -77.04933537)"
MCP2966003R,180004324,Montgomery County Police,Injury Crash,01/25/2018 06:39:00 PM,Maryland (State),VEIRS MILL RD,County,ARBUTUS AVE,,N/A,PEDESTRIAN,OTHER,CLEAR,DRY,DARK NO LIGHTS,NO CONTROLS,N/A,NONE DETECTED,45D1C1A4-5365-40C0-AE6C-C10AB6084446,PEDESTRIAN,Cross/Enter not at Intersection,OTHER,OTHER,NO PED. SIGNAL,DARK CLOTHING,No,POSSIBLE INJURY,NONE,39.06672131,-77.10066877,"(39.06672131, -77.10066877)"
MCP2981001Y,180018990,Montgomery County Police,Injury Crash,04/18/2018 05:43:00 PM,,,,,"PARKING LOT OF 13420 NEW HAMPSHIRE AVE, EXXON GAS STATION",,PEDESTRIAN,OTHER,CLEAR,,DAYLIGHT,NO CONTROLS,UNKNOWN,NONE DETECTED,6F362331-C5BA-4346-B87C-4EAE3D2B3BD1,PEDESTRIAN,Other,UNKNOWN,OTHER,NO PED. SIGNAL,MIXED CLOTHING,No,POSSIBLE INJURY,NONE,39.076035,-77.00257833,"(39.076035, -77.00257833)"
MCP1151008J,180054939,Montgomery County Police,Injury Crash,11/02/2018 07:50:00 AM,Maryland (State),FREDERICK RD,Other Public Roadway,STRINGTOWN RD,,N/A,PEDESTRIAN,OTHER,CLOUDY,WET,DAYLIGHT,TRAFFIC SIGNAL,NONE DETECTED,NONE DETECTED,5FF08532-DBD3-425D-8ED6-3DE9BC5E0774,PEDESTRIAN,Cross/Enter at Intersection,NO IMPROPER ACTIONS,ON ROADWAY AT CROSSWALK,OBEYED PED. SIGNAL,MIXED CLOTHING,No,SUSPECTED MINOR INJURY,N/A,39.2374285,-77.2782255,"(39.2374285, -77.2782255)"
MCP2134001J,180028448,Montgomery County Police,Fatal Crash,06/09/2018 03:23:00 AM,Maryland (State),UNIVERSITY BLVD W,County,FERN ST,,N/A,PEDESTRIAN,OTHER,CLEAR,DRY,DARK LIGHTS ON,N/A,ALCOHOL PRESENT,UNKNOWN,F11B67A0-1CE4-41FB-A54D-1E922BB33437,PEDESTRIAN,Walking/Cycling on Sidewalk,UNKNOWN,SIDEWALK,N/A,UNKNOWN,Unknown,FATAL INJURY,N/A,39.04133575,-77.04889007,"(39.04133575, -77.04889007)"
MCP2425004W,15017200,Montgomery County Police,Injury Crash,04/14/2015 06:40:00 AM,Maryland (State),GEORGIA AVE,Maryland (State),FOREST GLEN RD,,N/A,PEDESTRIAN,OTHER,RAINING,WET,DARK LIGHTS ON,TRAFFIC SIGNAL,NONE DETECTED,NONE DETECTED,2AC6DAB7-BB51-4779-8960-809AACB56A80,PEDESTRIAN,Cross/Enter at Intersection,DART DASH,ON ROADWAY AT CROSSWALK,UNKNOWN,MIXED CLOTHING,,SUSPECTED MINOR INJURY,NONE,39.01564833,-77.04175,"(39.01564833, -77.04175)"
MCP3003001Z,180025530,Montgomery County Police,Injury Crash,05/24/2018 04:35:00 PM,County,BARNESVILLE RD,Maryland (State),OLD HUNDRED RD (BACK),,N/A,BICYCLIST,HEAD ON LEFT TURN,CLEAR,DRY,DAYLIGHT,STOP SIGN,NONE DETECTED,NONE DETECTED,EC5083E0-0F55-41E9-9527-2477A79F9053,BICYCLIST,Cross/Enter at Intersection,NO IMPROPER ACTIONS,UNKNOWN,NO PED. SIGNAL,REFLECTIVE MATERIAL,No,SUSPECTED MINOR INJURY,MC/BIKE HELMET,39.22072562,-77.37552881,"(39.22072562, -77.37552881)"
MCP9390000W,170523992,Montgomery County Police,Injury Crash,08/09/2017 09:11:00 PM,Maryland (State),KEY WEST AVE,County,DARNESTOWN RD,,N/A,BICYCLIST,OTHER,CLEAR,DRY,DARK LIGHTS ON,TRAFFIC SIGNAL,NONE DETECTED,N/A,1085C866-307D-4B21-B29B-0068DE59761D,BICYCLIST,Cross/Enter at Intersection,FAILURE TO YIELD RIGHT OF WAY,AT INTERSECTION MARKED CROSSWALK,OBEYED PED. SIGNAL,N/A,Yes,SUSPECTED MINOR INJURY,N/A,39.10050492,-77.21343756,"(39.10050492, -77.21343756)"
MCP30160021,180051626,Montgomery County Police,Injury Crash,10/15/2018 02:30:00 PM,Maryland (State),GREAT SENECA HWY,County,RICHTER FARM RD,,N/A,PEDESTRIAN,SINGLE VEHICLE,RAINING,WET,DAYLIGHT,TRAFFIC SIGNAL,N/A,N/A,939400A7-F843-4A58-9D2B-B5FBF733A79C,PEDESTRIAN,Cross/Enter at Intersection,DART DASH,AT INTERSECTION MARKED CROSSWALK,DISOBEYED PED. SIGNAL,MIXED CLOTHING,Yes,POSSIBLE INJURY,NONE,39.148822,-77.27670067,"(39.148822, -77.27670067)"
MCP3003000S,16054112,Montgomery County Police,Injury Crash,10/20/2016 08:59:00 PM,County,BRANDERMILL DR,Other Public Roadway,DRUM CASTLE WAY,,N/A,PEDESTRIAN,OTHER,CLEAR,DRY,DARK LIGHTS ON,NO CONTROLS,NONE DETECTED,NONE DETECTED,4490A17F-662B-4D13-B46E-DCA4EF4D7CDB,PEDESTRIAN,Cross/Enter not at Intersection,UNKNOWN,ON ROADWAY NOT AT CROSSWALK,NO PED. SIGNAL,MIXED CLOTHING,No,POSSIBLE INJURY,N/A,39.19094,-77.23934333,"(39.19094, -77.23934333)"
MCP3074002W,180061167,Montgomery County Police,Injury Crash,12/07/2018 08:04:00 AM,County,TIMBERWOOD AVE,US (State),COLESVILLE RD,,N/A,PEDESTRIAN,SINGLE VEHICLE,CLEAR,DRY,DAYLIGHT,NO CONTROLS,UNKNOWN,N/A,E20863AE-0C17-4DCA-8A6B-4458C1719819,PEDESTRIAN,Cross/Enter at Intersection,NO IMPROPER ACTIONS,ON ROADWAY NOT AT CROSSWALK,NO PED. SIGNAL,DARK CLOTHING,No,POSSIBLE INJURY,NONE,39.02100667,-77.011585,"(39.02100667, -77.011585)"
MCP1017000R,15005676,Montgomery County Police,Injury Crash,02/04/2015 01:00:00 PM,,,,,"Parking lot of 7400 Arlington Road, Bethesda, MD",,PEDESTRIAN,SINGLE VEHICLE,CLEAR,,DAYLIGHT,NO CONTROLS,NONE DETECTED,NONE DETECTED,1D8FD011-6F2B-4415-BBA9-9DCB548E4A07,PEDESTRIAN,Other,NO IMPROPER ACTIONS,OTHER,NO PED. SIGNAL,MIXED CLOTHING,,SUSPECTED MINOR INJURY,N/A,38.983485,-77.098805,"(38.983485, -77.098805)"
MCP3054000Y,170545428,Montgomery County Police,Injury Crash,11/28/2017 05:29:00 PM,County,REDLAND RD,Other Public Roadway,SOMERVILLE DR,,N/A,PEDESTRIAN,SINGLE VEHICLE,CLEAR,DRY,DARK LIGHTS ON,TRAFFIC SIGNAL,NONE DETECTED,NONE DETECTED,0787032A-0216-4282-BE86-A0B5C7A6F7FE,PEDESTRIAN,Cross/Enter at Intersection,UNKNOWN,AT INTERSECTION MARKED CROSSWALK,UNKNOWN,DARK CLOTHING,Unknown,POSSIBLE INJURY,NONE,39.11684333,-77.16529667,"(39.11684333, -77.16529667)"
MCP27570010,15066325,MONTGOMERY,Injury Crash,12/26/2015 11:04:00 PM,Maryland (State),LAYHILL RD,County,GLENALLAN AVE,,N/A,PEDESTRIAN,SINGLE VEHICLE,RAINING,WET,DARK LIGHTS ON,TRAFFIC SIGNAL,NONE DETECTED,NONE DETECTED,1D71B8A1-052D-4F08-8BC5-ECFCE9C42C18,PEDESTRIAN,Cross/Enter at Intersection,NO IMPROPER ACTIONS,AT INTERSECTION MARKED CROSSWALK,OBEYED PED. SIGNAL,MIXED CLOTHING,No,POSSIBLE INJURY,NONE,39.06319659,-77.05016613,"(39.06319659, -77.05016613)"
MCP3139000F,180028408,Montgomery County Police,Injury Crash,06/08/2018 09:26:00 PM,Maryland (State),UNIVERSITY BLVD E,Unknown,EXIT #29,,N/A,"BICYCLIST, OTHER",OTHER,CLEAR,N/A,DARK LIGHTS ON,TRAFFIC SIGNAL,N/A,NONE DETECTED,E38F9559-AD82-47D6-AD57-C9050C344C21,OTHER,Cross/Enter at Intersection,UNKNOWN,ON ROADWAY AT CROSSWALK,UNKNOWN,UNKNOWN,Yes,POSSIBLE INJURY,MC/BIKE HELMET,39.01608167,-77.00529833,"(39.01608167, -77.00529833)"
MCP27890050,180043679,Montgomery County Police,Injury Crash,09/01/2018 05:35:00 PM,Maryland (State),GEORGIA AVE,US (State),COLESVILLE RD,,N/A,PEDESTRIAN,SINGLE VEHICLE,CLEAR,DRY,DAYLIGHT,TRAFFIC SIGNAL,N/A,N/A,6A1362BB-6808-49D1-8357-AD17D4029552,PEDESTRIAN,Cross/Enter at Intersection,NO IMPROPER ACTIONS,AT INTERSECTION MARKED CROSSWALK,OBEYED PED. SIGNAL,MIXED CLOTHING,No,POSSIBLE INJURY,N/A,38.99581667,-77.02813,"(38.99581667, -77.02813)"
MCP2914001Q,15047862,MONTGOMERY,Property Damage Crash,09/21/2015 04:19:00 PM,Maryland (State),UNIVERSITY BLVD E,Ramp,RAMP 2 FR IS 495 WB TO MD 193 NB,,N/A,BICYCLIST,OTHER,RAINING,WET,DAYLIGHT,TRAFFIC SIGNAL,N/A,N/A,79EC10A5-66F7-4791-832E-AAB756442C39,BICYCLIST,Cross/Enter at Intersection,NO IMPROPER ACTIONS,AT INTERSECTION MARKED CROSSWALK,NO PED. SIGNAL,MIXED CLOTHING,No,NO APPARENT INJURY,MC/BIKE HELMET,39.015865,-77.005225,"(39.015865, -77.005225)"