Report Number,Local Case Number,Agency Name,ACRS Report Type,Crash Date/Time,Route Type,Road Name,Cross-Street Type,Cross-Street Name,Off-Road Description,Municipality,Related Non-Motorist,Collision Type,Weather,Surface Condition,Light,Traffic Control,Driver Substance Abuse,Non-Motorist Substance Abuse,Person ID,Pedestrian Type,Pedestrian Movement,Pedestrian Actions,Pedestrian Location,Pedestrian Obeyed Traffic Signal,Pedestrian Visibility,At Fault,Injury Severity,Safety Equipment,Latitude,Longitude,Location
DD5595004L,170530299,Rockville Police Departme,Injury Crash,09/13/2017 08:55:00 AM,Municipality,MARYLAND AVE,Municipality,GREAT FALLS RD,,ROCKVILLE,PEDESTRIAN,OTHER,RAINING,WET,OTHER,UNKNOWN,UNKNOWN,NONE DETECTED,DC27EFB4-EEF6-41BB-8B80-C76C0666026C,PEDESTRIAN,Cross/Enter not at Intersection,DART DASH,OUTSIDE RIGHT OF WAY,NO PED. SIGNAL,MIXED CLOTHING,Yes,SUSPECTED MINOR INJURY,N/A,39.07794198,-77.15829134,"(39.07794198, -77.15829134)"
MCP15120016,170531827,Montgomery County Police,Injury Crash,09/20/2017 09:08:00 PM,Municipality,LONGDRAFT RD,Maryland (State),CLOPPER RD,,N/A,PEDESTRIAN,SINGLE VEHICLE,CLEAR,DRY,DARK LIGHTS ON,TRAFFIC SIGNAL,NONE DETECTED,NONE DETECTED,C232BDC8-91B5-48CD-A677-212F43561309,PEDESTRIAN,Cross/Enter at Intersection,NO IMPROPER ACTIONS,ON ROADWAY AT CROSSWALK,OBEYED PED. SIGNAL,DARK CLOTHING,No,POSSIBLE INJURY,N/A,39.14820667,-77.23791333,"(39.14820667, -77.23791333)"
MCP2728001Y,16003687,Montgomery County Police,Injury Crash,01/20/2016 06:21:00 PM,Maryland (State),NEW HAMPSHIRE AVE,County,OAKVIEW DR,,N/A,PEDESTRIAN,OTHER,CLEAR,DRY,DARK LIGHTS ON,TRAFFIC SIGNAL,NONE DETECTED,NONE DETECTED,60FDA365-807F-4FD4-B160-0FDAA730D4F7,PEDESTRIAN,Cross/Enter at Intersection,NO IMPROPER ACTIONS,ON ROADWAY AT CROSSWALK,OBEYED PED. SIGNAL,DARK CLOTHING,No,POSSIBLE INJURY,NONE,39.015665,-76.977605,"(39.015665, -76.977605)"
MCP2694002D,16053873,Montgomery County Police,Injury Crash,10/19/2016 08:00:00 PM,Maryland (State),OLD GEORGETOWN RD,Maryland (State),WISCONSIN AVE,,N/A,PEDESTRIAN,SAME DIR REAR END,CLEAR,DRY,DARK LIGHTS ON,NO CONTROLS,NONE DETECTED,NONE DETECTED,19A1D4A0-C4D6-4125-A175-5406F9487AB0,PEDESTRIAN,Standing,DISABLED VEHICLE RELATED,OTHER,OTHER,MIXED CLOTHING,No,POSSIBLE INJURY,NONE,39.021475,-77.12278,"(39.021475, -77.12278)"
MCP2961000V,15064766,MONTGOMERY,Injury Crash,12/18/2015 05:00:00 PM,Maryland (State),CONNECTICUT AVE,County,RANDOLPH RD,,N/A,PEDESTRIAN,SINGLE VEHICLE,N/A,DRY,DARK LIGHTS ON,NO CONTROLS,N/A,N/A,63B84238-CCF9-4925-982C-15C5E8FD96E9,PEDESTRIAN,Cross/Enter at Intersection,FAILURE TO YIELD RIGHT OF WAY,ON ROADWAY NOT AT CROSSWALK,NO PED. SIGNAL,DARK CLOTHING,Unknown,SUSPECTED MINOR INJURY,NONE,39.0565611,-77.07360595,"(39.0565611, -77.07360595)"
MCP3019001T,180026189,Montgomery County Police,Injury Crash,05/28/2018 03:30:00 PM,,,,,PARKING LOT OF 10134 RIVER ROAD,,PEDESTRIAN,OTHER,CLEAR,,DAYLIGHT,NO CONTROLS,NONE DETECTED,NONE DETECTED,FDB5395A-B252-489F-A2A4-A475D8AB6CA5,PEDESTRIAN,Cross/Enter not at Intersection,N/A,ON ROADWAY NOT AT CROSSWALK,NO PED. SIGNAL,N/A,No,POSSIBLE INJURY,N/A,39.01708,-77.20920167,"(39.01708, -77.20920167)"
MCP2720001M,15055240,MONTGOMERY,Property Damage Crash,10/30/2015 05:54:00 PM,Maryland (State),CONNECTICUT AVE,County,ASPEN HILL RD,,N/A,BICYCLIST,STRAIGHT MOVEMENT ANGLE,CLEAR,DRY,DUSK,TRAFFIC SIGNAL,NONE DETECTED,NONE DETECTED,E935B0CB-B36A-45AE-A7BD-3232A79E13D0,BICYCLIST,Cross/Enter at Intersection,NO IMPROPER ACTIONS,AT INTERSECTION MARKED CROSSWALK,OBEYED PED. SIGNAL,MIXED CLOTHING,No,NO APPARENT INJURY,NONE,39.07991,-77.08024833,"(39.07991, -77.08024833)"
MCP3004002X,190013969,Montgomery County Police,Injury Crash,03/26/2019 03:37:00 PM,Maryland (State),EAST WEST HWY (W/B COUPLET),County,PEARL ST,,N/A,PEDESTRIAN,N/A,N/A,DRY,DAYLIGHT,TRAFFIC SIGNAL,N/A,N/A,F8FEBA48-9B36-451D-9E4C-25F6D1FFD008,PEDESTRIAN,Cross/Enter at Intersection,NO IMPROPER ACTIONS,AT INTERSECTION MARKED CROSSWALK,OBEYED PED. SIGNAL,N/A,No,SUSPECTED MINOR INJURY,N/A,38.99364667,-77.05222167,"(38.99364667, -77.05222167)"
MCP3017000G,170542868,Montgomery County Police,Injury Crash,11/14/2017 11:00:00 PM,Maryland (State),ROCKVILLE PIKE,Municipality,TEMPLETON PL,,ROCKVILLE,PEDESTRIAN,OTHER,CLEAR,DRY,UNKNOWN,UNKNOWN,UNKNOWN,NONE DETECTED,7F4C7327-7DE1-4F2D-BB99-5F67800B11B7,PEDESTRIAN,Cross/Enter at Intersection,UNKNOWN,ON ROADWAY AT CROSSWALK,UNKNOWN,MIXED CLOTHING,Unknown,SUSPECTED MINOR INJURY,NONE,39.06699568,-77.12818623,"(39.06699568, -77.12818623)"
EJ7853001Q,16011574,Gaithersburg Police Depar,Injury Crash,03/08/2016 07:15:00 PM,County,MUDDY BRANCH RD,Municipality,WEST SIDE DR,,GAITHERSBURG,PEDESTRIAN,SAME DIRECTION SIDESWIPE,CLEAR,DRY,DARK LIGHTS ON,TRAFFIC SIGNAL,NONE DETECTED,ALCOHOL PRESENT,F40DABE2-02CC-4019-80C9-D191EDC31A4D,PEDESTRIAN,Other,OTHER,CURB,OTHER,DARK CLOTHING,Yes,POSSIBLE INJURY,N/A,39.126825,-77.21024667,"(39.126825, -77.21024667)"
MCP3082000N,170537210,Montgomery County Police,Injury Crash,10/17/2017 04:32:00 PM,County,WOODLAND DR,County,COLUMBIA BLVD,,N/A,BICYCLIST,OTHER,CLEAR,DRY,DAYLIGHT,STOP SIGN,N/A,N/A,F242BCEF-3F66-496F-93D2-6CAECEC63736,BICYCLIST,Cross/Enter not at Intersection,IN ROADWAY IMPROPERLY,ON ROADWAY NOT AT CROSSWALK,N/A,LIGHT CLOTHING,Yes,POSSIBLE INJURY,N/A,39.00923652,-77.03830004,"(39.00923652, -77.03830004)"
MCP28120044,180053321,Montgomery County Police,Injury Crash,10/24/2018 03:45:00 PM,Maryland (State),GEORGIA AVE,County,DENNIS AVE,,N/A,PEDESTRIAN,SINGLE VEHICLE,CLEAR,N/A,DAYLIGHT,TRAFFIC SIGNAL,N/A,N/A,F1C43B96-6527-4296-8ECB-8871B8544F43,PEDESTRIAN,Cross/Enter at Intersection,DART DASH,N/A,UNKNOWN,DARK CLOTHING,Unknown,POSSIBLE INJURY,N/A,39.02542497,-77.04619521,"(39.02542497, -77.04619521)"
MCP3048001Y,170538125,Montgomery County Police,Injury Crash,10/22/2017 09:35:00 AM,County,SANGAMORE RD,County,MACARTHUR BLVD,,N/A,BICYCLIST,HEAD ON LEFT TURN,CLEAR,DRY,DAYLIGHT,TRAFFIC SIGNAL,NONE DETECTED,NONE DETECTED,B57D8B15-4DFF-405A-B260-571B2B39D5D2,BICYCLIST,Cross/Enter at Intersection,NO IMPROPER ACTIONS,ON ROADWAY NOT AT CROSSWALK,NO PED. SIGNAL,REFLECTIVE MATERIAL,No,SUSPECTED MINOR INJURY,MC/BIKE HELMET,38.94458833,-77.11712333,"(38.94458833, -77.11712333)"
MCP2455002C,180029032,Montgomery County Police,Injury Crash,06/12/2018 04:35:00 PM,County,REDLAND RD,Unknown,ENT SHADY GROVE METRO STATION,,N/A,PEDESTRIAN,OTHER,CLEAR,DRY,DAYLIGHT,OTHER,N/A,N/A,86D26572-F732-4FC8-80E1-E5530F202F1A,PEDESTRIAN,Cross/Enter at Intersection,NO IMPROPER ACTIONS,AT INTERSECTION MARKED CROSSWALK,OBEYED PED. SIGNAL,UNKNOWN,No,POSSIBLE INJURY,OTHER,39.1206485,-77.16052083,"(39.1206485, -77.16052083)"
MCP3039001D,170530806,Montgomery County Police,Injury Crash,09/15/2017 05:00:00 PM,County,MACARTHUR BLVD,Interstate (State),CABIN JOHN PKWY,,N/A,BICYCLIST,STRAIGHT MOVEMENT ANGLE,CLEAR,DRY,DAYLIGHT,NO CONTROLS,N/A,NONE DETECTED,04DC723C-6E43-41CD-B493-8B64CCFDEE55,BICYCLIST,Walking/Riding w/Traffic,NO IMPROPER ACTIONS,ON ROADWAY NOT AT CROSSWALK,N/A,REFLECTIVE MATERIAL,No,SUSPECTED MINOR INJURY,MC/BIKE HELMET,38.97268905,-77.14882851,"(38.97268905, -77.14882851)"
MCP2765001D,15022170,Montgomery County Police,Injury Crash,05/09/2015 08:42:00 PM,Maryland (State),DARNESTOWN RD,Unknown,CROSSOVER,,N/A,PEDESTRIAN,SINGLE VEHICLE,CLEAR,DRY,DARK LIGHTS ON,TRAFFIC SIGNAL,NONE DETECTED,UNKNOWN,1238DAB5-A6B1-420B-B31D-6E0C5B55B552,PEDESTRIAN,Cross/Enter at Intersection,DART DASH,ON ROADWAY AT CROSSWALK,DISOBEYED PED. SIGNAL,UNKNOWN,,POSSIBLE INJURY,NONE,39.11727152,-77.25116551,"(39.11727152, -77.25116551)"
MCP1015001L,180035148,Montgomery County Police,Injury Crash,07/16/2018 12:50:00 PM,,,,,DRIVEWAY 6516 DAMASCUS ROAD,,PEDESTRIAN,OTHER,CLEAR,,DAYLIGHT,N/A,NONE DETECTED,NONE DETECTED,B12389A5-29DB-4DE7-88F6-A880D27B8066,PEDESTRIAN,Other,DART DASH,OTHER,N/A,LIGHT CLOTHING,Yes,SUSPECTED SERIOUS INJURY,N/A,39.250115,-77.13311667,"(39.250115, -77.13311667)"
MCP2767005X,190010497,Montgomery County Police,Injury Crash,03/06/2019 05:33:00 PM,,,,,"PARKING LOT OF 11160 VEIRS MILL ROAD, WHEATON MD",,PEDESTRIAN,SINGLE VEHICLE,CLEAR,,DAYLIGHT,NO CONTROLS,NONE DETECTED,NONE DETECTED,123ACEA3-5B45-4E94-9503-E92C1D9D91B6,PEDESTRIAN,Cross/Enter not at Intersection,DART DASH,OUTSIDE RIGHT OF WAY,NO PED. SIGNAL,MIXED CLOTHING,Yes,SUSPECTED MINOR INJURY,NONE,39.03570333,-77.05573833,"(39.03570333, -77.05573833)"
MCP23530041,170513155,Montgomery County Police,Injury Crash,06/12/2017 06:18:00 AM,Maryland (State),EAST WEST HWY,Unknown,SPUR FR JONES MILL RD,,N/A,BICYCLIST,STRAIGHT MOVEMENT ANGLE,CLOUDY,DRY,DAYLIGHT,NO CONTROLS,NONE DETECTED,NONE DETECTED,A1114331-0C38-40AF-8935-0257D6D6B277,BICYCLIST,Cross/Enter not at Intersection,INATTENTIVE,OUTSIDE RIGHT OF WAY,N/A,HEAD LIGHT,Yes,SUSPECTED MINOR INJURY,MC/BIKE HELMET,38.99326333,-77.06411,"(38.99326333, -77.06411)"
MCP3039000N,170515413,Montgomery County Police,Injury Crash,06/23/2017 07:50:00 PM,Maryland (State),OLD GEORGETOWN RD,Ramp,RAMP 4 FR MD 187 NB TO IS 495 EB,,N/A,BICYCLIST,SAME DIR REAR END,CLEAR,DRY,DAYLIGHT,TRAFFIC SIGNAL,NONE DETECTED,NONE DETECTED,1D97FA12-9737-4990-823B-AC984C47B1BB,BICYCLIST,Walking/Riding w/Traffic,NO IMPROPER ACTIONS,ON ROADWAY NOT AT CROSSWALK,NO PED. SIGNAL,REFLECTIVE MATERIAL,No,SUSPECTED MINOR INJURY,MC/BIKE HELMET,39.01477089,-77.11841695,"(39.01477089, -77.11841695)"
MCP1550002K,170505627,Montgomery County Police,Injury Crash,05/03/2017 07:25:00 AM,County,LANDON LA,County,LEESBURG DR,,N/A,BICYCLIST,SAME DIRECTION SIDESWIPE,CLEAR,DRY,DAYLIGHT,N/A,NONE DETECTED,NONE DETECTED,F60FD10E-0776-44A4-A958-F72ED998825D,BICYCLIST,Walking/Riding against Traffic,IMPROPER TURN MERGE,ON ROADWAY NOT AT CROSSWALK,UNKNOWN,MIXED CLOTHING,Yes,SUSPECTED MINOR INJURY,UNKNOWN,38.98502,-77.12902667,"(38.98502, -77.12902667)"
MCP2785002W,170521593,Montgomery County Police,Injury Crash,07/27/2017 10:37:00 AM,Other Public Roadway,CALVERTON BLVD,County,CHERRY HILL RD,,N/A,BICYCLIST,OTHER,CLEAR,DRY,DARK LIGHTS ON,NO CONTROLS,N/A,N/A,C8CC9813-42D2-4B33-9B4F-7A6892E71F94,BICYCLIST,Walking/Cycling on Sidewalk,FAILURE TO YIELD RIGHT OF WAY,SIDEWALK,NO PED. SIGNAL,MIXED CLOTHING,Yes,SUSPECTED MINOR INJURY,NONE,39.05627,-76.95309833,"(39.05627, -76.95309833)"
EJ7826003N,180055326,Gaithersburg Police Depar,Injury Crash,11/04/2018 01:55:00 PM,Municipality,W DEER PARK RD,Maryland (State),S FREDERICK RD,,N/A,PEDESTRIAN,OTHER,CLEAR,DRY,DAYLIGHT,TRAFFIC SIGNAL,N/A,N/A,E500FA17-74C5-4C70-94EF-59BA8EB4F110,PEDESTRIAN,Cross/Enter at Intersection,FAILURE TO OBEY TRAFFIC SIGNS SIGNALS OR OFFICER,AT INTERSECTION MARKED CROSSWALK,DISOBEYED PED. SIGNAL,MIXED CLOTHING,Yes,POSSIBLE INJURY,NONE,39.13210515,-77.18903474,"(39.13210515, -77.18903474)"
MCP9439000J,170530242,Montgomery County Police,Injury Crash,09/12/2017 11:09:00 PM,County,IZAAK WALTON WAY,County,W WILLARD RD,,N/A,PEDESTRIAN,SINGLE VEHICLE,CLEAR,DRY,DARK NO LIGHTS,N/A,,NONE DETECTED,5B2DA453-67E9-4E60-B67D-6CCA3AC2C7D2,PEDESTRIAN,Getting off/on Vehicle,OTHER,OTHER,OTHER,OTHER,Yes,SUSPECTED MINOR INJURY,N/A,39.10005948,-77.41992474,"(39.10005948, -77.41992474)"
EJ7851001F,16014440,Gaithersburg Police Depar,Injury Crash,03/24/2016 08:00:00 AM,Maryland (State),FREDERICK RD,Municipality,DALAMAR ST,,GAITHERSBURG,PEDESTRIAN,OTHER,CLEAR,DRY,DAYLIGHT,N/A,NONE DETECTED,NONE DETECTED,A284AA65-5A49-41A6-A106-ACDCC31B9813,PEDESTRIAN,Cross/Enter at Intersection,NO IMPROPER ACTIONS,SIDEWALK,N/A,N/A,No,POSSIBLE INJURY,NONE,39.14614584,-77.20441461,"(39.14614584, -77.20441461)"
MCP29390030,180062302,Montgomery County Police,Injury Crash,12/13/2018 02:24:00 PM,,,,,"PARKING LOT OF 18701 LIBERTY MILL RD, GERMANTOWN, MD",,OTHER,OTHER,CLEAR,,DAYLIGHT,NO CONTROLS,N/A,NONE DETECTED,6963145D-B034-4AB9-952E-F40F2E189EAA,OTHER,Other,INATTENTIVE,OTHER,OTHER,N/A,Yes,POSSIBLE INJURY,NONE,39.16296572,-77.28218631,"(39.16296572, -77.28218631)"
MCP2755000R,16052925,Montgomery County Police,Injury Crash,10/14/2016 08:34:00 PM,Maryland (State),LAYHILL RD,County,GLENALLAN AVE,,N/A,PEDESTRIAN,OTHER,CLEAR,N/A,DARK -- UNKNOWN LIGHTING,TRAFFIC SIGNAL,NONE DETECTED,NONE DETECTED,C072AD5F-75F9-4C51-BB22-33ABAB1CD0F6,PEDESTRIAN,Cross/Enter at Intersection,NO IMPROPER ACTIONS,SIDEWALK,OBEYED PED. SIGNAL,N/A,No,SUSPECTED MINOR INJURY,N/A,39.06315806,-77.0501259,"(39.06315806, -77.0501259)"
MCP13340075,180049792,Montgomery County Police,Injury Crash,10/05/2018 11:11:00 AM,County,STEDWICK RD,County,MONTGOMERY VILLAGE AVE,,N/A,BICYCLIST,SINGLE VEHICLE,CLOUDY,DRY,DAYLIGHT,TRAFFIC SIGNAL,NONE DETECTED,NONE DETECTED,5CE199AA-6D9C-4B92-A5C1-3A80A48CB731,BICYCLIST,Cross/Enter at Intersection,NO IMPROPER ACTIONS,ON ROADWAY AT CROSSWALK,OBEYED PED. SIGNAL,LIGHT CLOTHING,No,SUSPECTED SERIOUS INJURY,NONE,39.16972231,-77.20449633,"(39.16972231, -77.20449633)"
MCP20460072,170515096,Montgomery County Police,Injury Crash,06/22/2017 06:06:00 AM,US (State),COLESVILLE RD,Unknown,CROSSOVER,,N/A,PEDESTRIAN,STRAIGHT MOVEMENT ANGLE,CLEAR,DRY,DAYLIGHT,NO CONTROLS,NONE DETECTED,NONE DETECTED,4E050450-B70B-4F8B-8B9E-84693B7D1970,PEDESTRIAN,Unknown,DART DASH,UNKNOWN,NO PED. SIGNAL,UNKNOWN,Unknown,SUSPECTED SERIOUS INJURY,N/A,39.02155333,-77.012305,"(39.02155333, -77.012305)"
MCP137800GP,170504827,Montgomery County Police,Injury Crash,04/28/2017 08:46:00 PM,County,GOSHEN RD,County,CENTERWAY RD,,N/A,BICYCLIST,SINGLE VEHICLE,CLEAR,DRY,DARK LIGHTS ON,TRAFFIC SIGNAL,NONE DETECTED,NONE DETECTED,56D1AABC-B81D-41A9-B98B-6A15B4CEA98E,BICYCLIST,Cross/Enter at Intersection,NO IMPROPER ACTIONS,ON ROADWAY AT CROSSWALK,OBEYED PED. SIGNAL,MIXED CLOTHING,No,POSSIBLE INJURY,NONE,39.16960297,-77.19067499,"(39.16960297, -77.19067499)"
MCP28460021,16032703,Montgomery County Police,Injury Crash,06/28/2016 01:15:00 PM,County,SHOREFIELD RD,Maryland (State),GEORGIA AVE,,N/A,PEDESTRIAN,OTHER,CLOUDY,DRY,DAYLIGHT,TRAFFIC SIGNAL,NONE DETECTED,NONE DETECTED,4D09E15D-701D-4E8D-BFBD-C14CB95B356D,PEDESTRIAN,Cross/Enter at Intersection,NO IMPROPER ACTIONS,ON ROADWAY AT CROSSWALK,OBEYED PED. SIGNAL,MIXED CLOTHING,No,NO APPARENT INJURY,NONE,39.05316667,-77.050735,"(39.05316667, -77.050735)"
DD5598001Q,170524134,Rockville Police Departme,Injury Crash,08/10/2017 04:54:00 PM,Municipality,E MIDDLE LA,Unknown,ENT TO BUSINESS,,N/A,PEDESTRIAN,STRAIGHT MOVEMENT ANGLE,CLEAR,DRY,DAYLIGHT,OTHER,N/A,N/A,F5023A47-4723-4AF6-A706-C3429F21C598,PEDESTRIAN,Cross/Enter at Intersection,DART DASH,ON ROADWAY AT CROSSWALK,N/A,LIGHT CLOTHING,No,SUSPECTED SERIOUS INJURY,N/A,39.08517633,-77.15055417,"(39.08517633, -77.15055417)"
MCP2954001X,16032701,Montgomery County Police,Injury Crash,06/28/2016 12:57:00 PM,,,,,IN PARKING LOT IN FRONT OF 8709 FLOWER AVE.,,PEDESTRIAN,SAME DIRECTION SIDESWIPE,CLOUDY,,DAYLIGHT,NO CONTROLS,NONE DETECTED,NONE DETECTED,AA7AC73D-3374-45EE-80D7-F49BA747ED38,PEDESTRIAN,Other,NO IMPROPER ACTIONS,OTHER,N/A,MIXED CLOTHING,No,POSSIBLE INJURY,N/A,38.99868345,-77.0034796,"(38.99868345, -77.0034796)"
MCP2864002D,17003509,Montgomery County Police,Property Damage Crash,01/20/2017 04:08:00 PM,,,,,"PARKING LOT OF 6121 MONTROSE RD ROCKVILLE, MD",,PEDESTRIAN,OTHER,CLOUDY,,DAYLIGHT,NO CONTROLS,UNKNOWN,NONE DETECTED,CC450BF9-0DF0-4808-A4EB-16CDF4475F6C,PEDESTRIAN,Push/Work on Vehicle,NO IMPROPER ACTIONS,OTHER,N/A,DARK CLOTHING,No,NO APPARENT INJURY,NONE,39.05304,-77.12270833,"(39.05304, -77.12270833)"
MCP23300018,170539513,Montgomery County Police,Injury Crash,10/28/2017 05:12:00 PM,,,,,11171 GEORGIA AVE - BUS TURN AROUND,,PEDESTRIAN,OTHER,CLEAR,,DAYLIGHT,NO CONTROLS,NONE DETECTED,NONE DETECTED,2CCF9EAD-D71A-43E6-A5F4-10F248E1CCD9,PEDESTRIAN,Other,OTHER,OTHER,N/A,MIXED CLOTHING,Yes,SUSPECTED SERIOUS INJURY,NONE,39.03757,-77.051335,"(39.03757, -77.051335)"
MCP1342002H,190016146,Montgomery County Police,Injury Crash,04/07/2019 01:00:00 PM,County,EDWARDS FERRY RD,County,WHITES FERRY RD,,N/A,PEDESTRIAN,OTHER,CLOUDY,DRY,DAYLIGHT,NO CONTROLS,UNKNOWN,NONE DETECTED,8C25019A-0F8B-4E68-905E-3FD050FB7996,PEDESTRIAN,Standing,OTHER,ON ROADWAY NOT AT CROSSWALK,NO PED. SIGNAL,MIXED CLOTHING,Unknown,SUSPECTED SERIOUS INJURY,N/A,39.15886,-77.45217,"(39.15886, -77.45217)"
DD56060047,170500798,Rockville Police Departme,Injury Crash,04/06/2017 10:19:00 AM,County,SHADY GROVE RD,Municipality,GAITHER RD,,ROCKVILLE,PEDESTRIAN,SINGLE VEHICLE,CLOUDY,DRY,DARK LIGHTS ON,TRAFFIC SIGNAL,NONE DETECTED,NONE DETECTED,685758F6-FB79-4740-A4B3-E87F288FCC8A,PEDESTRIAN,Cross/Enter at Intersection,FAILURE TO OBEY TRAFFIC SIGNS SIGNALS OR OFFICER,ON ROADWAY AT CROSSWALK,DISOBEYED PED. SIGNAL,DARK CLOTHING,Yes,POSSIBLE INJURY,NONE,39.11744113,-77.18345717,"(39.11744113, -77.18345717)"
MCP2789001R,15056617,MONTGOMERY,Injury Crash,11/06/2015 06:00:00 PM,Maryland (State),GEORGIA AVE,Maryland (State),16TH ST,,N/A,PEDESTRIAN,SINGLE VEHICLE,N/A,DRY,DARK LIGHTS ON,TRAFFIC SIGNAL,UNKNOWN,N/A,9EC04718-153F-4465-826C-930469470117,PEDESTRIAN,Cross/Enter at Intersection,NO IMPROPER ACTIONS,ON ROADWAY AT CROSSWALK,UNKNOWN,DARK CLOTHING,Unknown,SUSPECTED MINOR INJURY,N/A,39.00546667,-77.02337667,"(39.00546667, -77.02337667)"
MCP2094005G,15049899,MONTGOMERY,Injury Crash,10/02/2015 07:58:00 AM,Maryland (State),ROCKVILLE PIKE,Maryland (State),STRATHMORE AVE,,N/A,PEDESTRIAN,OTHER,RAINING,WET,DARK LIGHTS ON,TRAFFIC SIGNAL,NONE DETECTED,NONE DETECTED,59610ACD-8FE1-447E-8851-C653CE887A34,PEDESTRIAN,Cross/Enter at Intersection,NO IMPROPER ACTIONS,ON ROADWAY AT CROSSWALK,OBEYED PED. SIGNAL,MIXED CLOTHING,No,POSSIBLE INJURY,NONE,39.03480667,-77.10679,"(39.03480667, -77.10679)"
MCP0113001N,170533371,Montgomery County Police,Injury Crash,09/27/2017 09:26:00 AM,County,JONES BRIDGE RD,County,JONES MILL RD,,N/A,PEDESTRIAN,SINGLE VEHICLE,CLEAR,DRY,DAYLIGHT,TRAFFIC SIGNAL,NONE DETECTED,NONE DETECTED,F556ADEF-C1F1-4325-BF1F-A26017DE8677,PEDESTRIAN,Cross/Enter at Intersection,FAILURE TO OBEY TRAFFIC SIGNS SIGNALS OR OFFICER,ON ROADWAY AT CROSSWALK,DISOBEYED PED. SIGNAL,UNKNOWN,Yes,SUSPECTED MINOR INJURY,NONE,38.99802833,-77.06607667,"(38.99802833, -77.06607667)"
MCP2531000D,15065828,MONTGOMERY,Injury Crash,12/23/2015 07:01:00 PM,County,CROWN FARM DR,Municipality,STORY DR,,GAITHERSBURG,PEDESTRIAN,SINGLE VEHICLE,RAINING,WET,DARK -- UNKNOWN LIGHTING,STOP SIGN,N/A,N/A,0589AEB2-5354-48E0-9AD7-825EB693BD1E,PEDESTRIAN,Cross/Enter at Intersection,NO IMPROPER ACTIONS,ON ROADWAY AT CROSSWALK,NO PED. SIGNAL,MIXED CLOTHING,No,SUSPECTED SERIOUS INJURY,NONE,39.11576833,-77.21183,"(39.11576833, -77.21183)"
MCP2291002J,180007091,Montgomery County Police,Injury Crash,02/10/2018 07:01:00 PM,,,,,PARKING LOT OF 8504 16TH STREET,,PEDESTRIAN,SINGLE VEHICLE,RAINING,,DARK NO LIGHTS,NO CONTROLS,NONE DETECTED,NONE DETECTED,D4A7F2F4-DB9C-4745-BAFD-E36E113CBAD9,PEDESTRIAN,Other,NO IMPROPER ACTIONS,OTHER,N/A,DARK CLOTHING,No,SUSPECTED MINOR INJURY,NONE,38.99324,-77.07702,"(38.99324, -77.07702)"
MCP2859003K,170503514,Montgomery County Police,Injury Crash,04/22/2017 06:27:00 AM,County,SAM EIG HWY,County,FIELDS RD,,N/A,PEDESTRIAN,OTHER,RAINING,WET,DARK LIGHTS ON,TRAFFIC SIGNAL,NONE DETECTED,NONE DETECTED,8901FE23-F56B-43A4-902B-4680303727B0,PEDESTRIAN,Cross/Enter at Intersection,FAILURE TO YIELD RIGHT OF WAY,ON ROADWAY AT CROSSWALK,DISOBEYED PED. SIGNAL,DARK CLOTHING,Yes,SUSPECTED MINOR INJURY,N/A,39.11646825,-77.20794439,"(39.11646825, -77.20794439)"
MCP2753001H,16046889,Montgomery County Police,Injury Crash,09/13/2016 10:36:00 AM,,,,,"PRIVATELY OWNED/MAINTAINED ROADWAY
INTERSECTION OF 3300 N LEISURE WORLD BLVD AND NORBECK BLVD",,PEDESTRIAN,OTHER,CLEAR,,DAYLIGHT,STOP SIGN,NONE DETECTED,NONE DETECTED,8A2958B2-2CB2-4ADA-A591-1230130A0918,PEDESTRIAN,Cross/Enter at Intersection,NO IMPROPER ACTIONS,AT INTERSECTION MARKED CROSSWALK,NO PED. SIGNAL,LIGHT CLOTHING,No,SUSPECTED SERIOUS INJURY,N/A,39.109135,-77.06857833,"(39.109135, -77.06857833)"
MCP25040021,17009821,Montgomery County Police,Injury Crash,02/23/2017 04:26:00 PM,Municipality,WOOTTON PKWY,Municipality,GREENPLACE TERR,,ROCKVILLE,PEDESTRIAN,STRAIGHT MOVEMENT ANGLE,CLEAR,DRY,DAYLIGHT,TRAFFIC SIGNAL,NONE DETECTED,NONE DETECTED,C08AE31C-7880-423F-BACF-016E9DB09C7E,PEDESTRIAN,Cross/Enter at Intersection,NO IMPROPER ACTIONS,ON ROADWAY AT CROSSWALK,OBEYED PED. SIGNAL,MIXED CLOTHING,No,SUSPECTED MINOR INJURY,NONE,39.07463833,-77.18233667,"(39.07463833, -77.18233667)"
MCP2978000F,15024066,Montgomery County Police,Injury Crash,05/19/2015 07:03:00 PM,County,SHADY GROVE RD,Municipality,GAITHER RD,,ROCKVILLE,PEDESTRIAN,SINGLE VEHICLE,CLEAR,DRY,DAYLIGHT,TRAFFIC SIGNAL,NONE DETECTED,ALCOHOL PRESENT,E1B8F409-E882-4199-89C1-10A64CECA858,PEDESTRIAN,Cross/Enter not at Intersection,IN ROADWAY IMPROPERLY,ON ROADWAY NOT AT CROSSWALK,N/A,MIXED CLOTHING,,SUSPECTED MINOR INJURY,N/A,39.11725904,-77.18386352,"(39.11725904, -77.18386352)"