Report Number,Local Case Number,Agency Name,ACRS Report Type,Crash Date/Time,Route Type,Road Name,Cross-Street Type,Cross-Street Name,Off-Road Description,Municipality,Related Non-Motorist,Collision Type,Weather,Surface Condition,Light,Traffic Control,Driver Substance Abuse,Non-Motorist Substance Abuse,Person ID,Pedestrian Type,Pedestrian Movement,Pedestrian Actions,Pedestrian Location,Pedestrian Obeyed Traffic Signal,Pedestrian Visibility,At Fault,Injury Severity,Safety Equipment,Latitude,Longitude,Location
MCP2669000B,17000770,Montgomery County Police,Injury Crash,01/05/2017 11:50:00 AM,,,,,"PARKING LOT OF 2408 UNIVERSITY BLVD, EL CATRACHITO",,PEDESTRIAN,OTHER,CLOUDY,,DAYLIGHT,N/A,NONE DETECTED,NONE DETECTED,0EF56FC4-3A9C-4CD9-BDFA-C1FE8C346CF4,PEDESTRIAN,Standing,NO IMPROPER ACTIONS,OTHER,N/A,MIXED CLOTHING,No,SUSPECTED MINOR INJURY,NONE,39.04172,-77.050915,"(39.04172, -77.050915)"
MCP3076001G,180014777,Montgomery County Police,Injury Crash,03/26/2018 06:35:00 AM,Maryland (State),COLESVILLE RD,Maryland (State),EAST WEST HWY,,N/A,PEDESTRIAN,HEAD ON LEFT TURN,CLEAR,DRY,DUSK,TRAFFIC SIGNAL,NONE DETECTED,NONE DETECTED,8D345FFD-05AD-499E-9DF3-F708E04D424C,PEDESTRIAN,Cross/Enter at Intersection,IN ROADWAY IMPROPERLY,ON ROADWAY AT CROSSWALK,DISOBEYED PED. SIGNAL,DARK CLOTHING,Yes,POSSIBLE INJURY,NONE,38.9932395,-77.03198333,"(38.9932395, -77.03198333)"
MCP2288000J,180026145,Montgomery County Police,Injury Crash,05/28/2018 10:10:00 AM,Maryland (State),OLD GEORGETOWN RD,County,ARLINGTON RD,,N/A,BICYCLIST,SAME DIRECTION RIGHT TURN,CLOUDY,DRY,DAYLIGHT,TRAFFIC SIGNAL,NONE DETECTED,NONE DETECTED,2498DA32-177A-4F75-90FC-6F8A21370D8F,BICYCLIST,Walking/Riding w/Traffic,NO IMPROPER ACTIONS,CURB,N/A,MIXED CLOTHING,No,POSSIBLE INJURY,NONE,38.98750649,-77.0988214,"(38.98750649, -77.0988214)"
MCP2240000M,15021766,Montgomery County Police,Injury Crash,05/07/2015 03:37:00 PM,County,SHADY GROVE RD,Maryland (State),MUNCASTER MILL RD,,N/A,BICYCLIST,STRAIGHT MOVEMENT ANGLE,CLEAR,DRY,DAYLIGHT,TRAFFIC SIGNAL,NONE DETECTED,NONE DETECTED,A9FC4B96-63C9-463F-8331-3074731B63B7,BICYCLIST,Cross/Enter at Intersection,FAILURE TO YIELD RIGHT OF WAY,ON ROADWAY NOT AT CROSSWALK,DISOBEYED PED. SIGNAL,MIXED CLOTHING,,SUSPECTED MINOR INJURY,UNKNOWN,39.14884,-77.14724833,"(39.14884, -77.14724833)"
MCP21620020,16063617,Montgomery County Police,Injury Crash,12/11/2016 06:18:00 PM,County,GOLD MINE RD,County,OLNEY MILL RD,,N/A,PEDESTRIAN,SAME DIRECTION SIDESWIPE,CLEAR,DRY,DARK LIGHTS ON,NO CONTROLS,N/A,N/A,F386C89A-69BA-42F3-8831-510E6257C5F5,PEDESTRIAN,Standing,NO IMPROPER ACTIONS,ON ROADWAY NOT AT CROSSWALK,NO PED. SIGNAL,LIGHT CLOTHING,No,SUSPECTED MINOR INJURY,NONE,39.17186833,-77.06350333,"(39.17186833, -77.06350333)"
MCP3125000W,180047087,Montgomery County Police,Injury Crash,09/20/2018 06:30:00 PM,County,GLEN RD,County,TRAVILAH RD,,N/A,PEDESTRIAN,SINGLE VEHICLE,N/A,DRY,DARK NO LIGHTS,NO CONTROLS,N/A,N/A,BDB4D437-222E-4A4D-B143-31AD3D09868A,PEDESTRIAN,Walking/Riding against Traffic,NO IMPROPER ACTIONS,ON ROADWAY NOT AT CROSSWALK,N/A,LIGHT CLOTHING,No,SUSPECTED SERIOUS INJURY,REFLECTIVE CLOTHING,39.07000667,-77.26550833,"(39.07000667, -77.26550833)"
MCP29950048,190009228,Montgomery County Police,Injury Crash,02/26/2019 06:26:00 PM,County,BEL PRE RD,County,NORTH GATE DR,,N/A,PEDESTRIAN,OTHER,CLEAR,N/A,DARK LIGHTS ON,OTHER,UNKNOWN,NONE DETECTED,E8A46667-1F78-4D82-88BD-1ED2028EEDA5,PEDESTRIAN,Cross/Enter not at Intersection,NO IMPROPER ACTIONS,ON ROADWAY AT CROSSWALK,NO PED. SIGNAL,DARK CLOTHING,No,SUSPECTED SERIOUS INJURY,NONE,39.09190667,-77.06920667,"(39.09190667, -77.06920667)"
MCP2723003R,180048829,Montgomery County Police,Injury Crash,09/30/2018 10:20:00 AM,County,BOWIE MILL RD,County,WICKHAM DR,,N/A,BICYCLIST,OTHER,CLEAR,DRY,DAYLIGHT,TRAFFIC SIGNAL,N/A,N/A,AA52ED37-ED07-4F88-9232-086E398FC9BF,BICYCLIST,Cross/Enter at Intersection,NO IMPROPER ACTIONS,ON ROADWAY AT CROSSWALK,OBEYED PED. SIGNAL,MIXED CLOTHING,No,SUSPECTED MINOR INJURY,MC/BIKE HELMET,39.15492167,-77.09483333,"(39.15492167, -77.09483333)"
MCP2617002X,16066614,Montgomery County Police,Injury Crash,12/27/2016 05:03:00 PM,,,,,IN FRONT OF 7700 SCOTLAND DR. (PARKING LOT),,PEDESTRIAN,OTHER,CLEAR,,DUSK,NO CONTROLS,NONE DETECTED,NONE DETECTED,5E06C77E-6A82-424E-8F9E-F3AF14CE195B,PEDESTRIAN,Playing,DART DASH,OTHER,NO PED. SIGNAL,UNKNOWN,Yes,SUSPECTED MINOR INJURY,NONE,39.06536333,-77.15902833,"(39.06536333, -77.15902833)"
MCP26890023,16043493,Montgomery County Police,Injury Crash,08/26/2016 06:27:00 PM,County,NEEDWOOD RD,County,REDLAND RD,,N/A,BICYCLIST,STRAIGHT MOVEMENT ANGLE,CLEAR,DRY,DAYLIGHT,STOP SIGN,NONE DETECTED,NONE DETECTED,09FE3146-3615-4749-845C-A148691B52BD,BICYCLIST,Cross/Enter at Intersection,NO IMPROPER ACTIONS,ON ROADWAY AT CROSSWALK,NO PED. SIGNAL,LIGHT CLOTHING,No,SUSPECTED MINOR INJURY,MC/BIKE HELMET,39.12307833,-77.15676167,"(39.12307833, -77.15676167)"
MCP2161000D,170516378,Montgomery County Police,Injury Crash,06/29/2017 08:50:00 AM,Ramp,RAMP 10 FR RAMP 5 TO OMEGA DR,Ramp,RAMP 5 FR IS 270 SB TO SHADY GROVE RD,,N/A,OTHER CONVEYANCE,STRAIGHT MOVEMENT ANGLE,CLEAR,DRY,DAYLIGHT,STOP SIGN,N/A,N/A,18F13A5A-AD14-41F8-B363-6D0F4711825D,OTHER CONVEYANCE,Cross/Enter at Intersection,NO IMPROPER ACTIONS,ON ROADWAY AT CROSSWALK,NO PED. SIGNAL,MIXED CLOTHING,No,SUSPECTED MINOR INJURY,NONE,39.11172833,-77.191985,"(39.11172833, -77.191985)"
MCP2351001D,170533176,Montgomery County Police,Injury Crash,09/26/2017 08:56:00 AM,County,TWINBROOK PKWY,Other Public Roadway,HALPINE RD,,N/A,PEDESTRIAN,OTHER,CLEAR,DRY,DAYLIGHT,OTHER,NONE DETECTED,NONE DETECTED,55AD17AA-288B-4A05-BB87-F96CC7BA9F8B,PEDESTRIAN,Cross/Enter at Intersection,NO IMPROPER ACTIONS,AT INTERSECTION MARKED CROSSWALK,NO PED. SIGNAL,LIGHT CLOTHING,No,SUSPECTED MINOR INJURY,NONE,39.06642872,-77.11469203,"(39.06642872, -77.11469203)"
MCP271700BS,170505237,Montgomery County Police,Injury Crash,05/01/2017 01:05:00 PM,County,ALTA VISTA RD,Maryland (State),OLD GEORGETOWN RD,,N/A,BICYCLIST,OTHER,CLEAR,DRY,DAYLIGHT,STOP SIGN,NONE DETECTED,NONE DETECTED,FF365E85-24CF-4BEE-AEC2-77F9AFE964DB,BICYCLIST,Cross/Enter at Intersection,FAILURE TO YIELD RIGHT OF WAY,ON ROADWAY AT CROSSWALK,NO PED. SIGNAL,MIXED CLOTHING,Yes,SUSPECTED MINOR INJURY,MC/BIKE HELMET,39.00650933,-77.11167067,"(39.00650933, -77.11167067)"
MCP21210015,170537380,Montgomery County Police,Property Damage Crash,10/19/2017 01:55:00 PM,,,,,"PARKING LOT OF 18911 PEACH TREE RD DICKERSON, MD 20842",,OTHER,OTHER,CLEAR,,DAYLIGHT,N/A,NONE DETECTED,NONE DETECTED,060AA460-5030-4CC7-9BAF-5E9F0AC24576,OTHER,Other,N/A,INSIDE BUILDING,N/A,N/A,No,NO APPARENT INJURY,N/A,39.16642236,-77.38878429,"(39.16642236, -77.38878429)"
MCP29080012,15037874,MONTGOMERY,Injury Crash,07/31/2015 09:39:00 AM,US (State),COLESVILLE RD,County,HASTINGS DR,,N/A,"BICYCLIST, OTHER",STRAIGHT MOVEMENT ANGLE,N/A,DRY,DAYLIGHT,YIELD SIGN,NONE DETECTED,NONE DETECTED,CB142B4B-1F72-4EA6-93C1-AAB941A2D2C5,OTHER,Cross/Enter at Intersection,NO IMPROPER ACTIONS,ON ROADWAY AT CROSSWALK,OBEYED PED. SIGNAL,N/A,No,POSSIBLE INJURY,MC/BIKE HELMET,39.013495,-77.01665167,"(39.013495, -77.01665167)"
MCP29910012,16045765,Montgomery County Police,Injury Crash,09/07/2016 12:06:00 PM,,,,,IN SHOPPING CENTER INFRONT OF OLNEY GRILLE RESTAURANT,,PEDESTRIAN,SINGLE VEHICLE,N/A,,DAYLIGHT,NO CONTROLS,NONE DETECTED,NONE DETECTED,A7D14029-D1ED-4DC8-99F5-A696B07B4A9B,PEDESTRIAN,Cross/Enter not at Intersection,NO IMPROPER ACTIONS,OTHER,N/A,N/A,No,POSSIBLE INJURY,N/A,39.1530121,-77.06876725,"(39.1530121, -77.06876725)"
MCP3068002B,190019941,Montgomery County Police,Injury Crash,04/28/2019 06:05:00 PM,County,BALTIMORE AVE,Maryland (State),RIVER RD,,N/A,PEDESTRIAN,OTHER,CLEAR,DRY,DAYLIGHT,N/A,N/A,N/A,54EFCAC6-F821-4D85-B8EA-53263099EE22,PEDESTRIAN,Cross/Enter not at Intersection,DART DASH,ON ROADWAY NOT AT CROSSWALK,NO PED. SIGNAL,LIGHT CLOTHING,Yes,POSSIBLE INJURY,NONE,38.9588651,-77.0978486,"(38.9588651, -77.0978486)"
MCP2492000V,170541937,Montgomery County Police,Fatal Crash,11/09/2017 06:40:00 PM,US (State),COLUMBIA PIKE,County,HILLWOOD DR,,N/A,PEDESTRIAN,OTHER,RAINING,WET,DARK LIGHTS ON,NO CONTROLS,NONE DETECTED,UNKNOWN,6C326AE8-EF66-4D76-8785-0A8ADB303CD9,PEDESTRIAN,Unknown,UNKNOWN,ON ROADWAY NOT AT CROSSWALK,NO PED. SIGNAL,DARK CLOTHING,Unknown,FATAL INJURY,NONE,39.03231522,-77.00382024,"(39.03231522, -77.00382024)"
MCP25880023,16063188,Montgomery County Police,Injury Crash,12/09/2016 11:51:00 AM,,,,,PARKING LOT OF ASPEN HILL SHOPPING CENTER  (13729 CONNECTICUT AVE),,PEDESTRIAN,OTHER,CLEAR,,DAYLIGHT,N/A,NONE DETECTED,NONE DETECTED,8BDABFAE-4574-40F3-8BCF-1F3ADDE94ACD,PEDESTRIAN,Other,NO IMPROPER ACTIONS,ON ROADWAY AT CROSSWALK,NO PED. SIGNAL,N/A,No,SUSPECTED SERIOUS INJURY,N/A,39.05842667,-77.04802833,"(39.05842667, -77.04802833)"
MCP1366004D,16014186,Montgomery County Police,Injury Crash,03/23/2016 07:52:00 AM,County,POSTOAK RD,County,MILBERN DR,,N/A,PEDESTRIAN,STRAIGHT MOVEMENT ANGLE,CLEAR,DRY,DAWN,STOP SIGN,NONE DETECTED,NONE DETECTED,30DE92F8-896F-4E46-A981-C98E2EC008EC,PEDESTRIAN,Cross/Enter at Intersection,NO IMPROPER ACTIONS,ON ROADWAY AT CROSSWALK,NO PED. SIGNAL,MIXED CLOTHING,No,SUSPECTED SERIOUS INJURY,N/A,39.05091857,-77.17730284,"(39.05091857, -77.17730284)"
MCP23510025,180027874,Montgomery County Police,Injury Crash,06/06/2018 02:02:00 PM,County,PARAMOUNT DR,Maryland (State),FREDERICK RD,,N/A,PEDESTRIAN,OTHER,CLEAR,DRY,DAYLIGHT,NO CONTROLS,NONE DETECTED,NONE DETECTED,9D251923-52D8-4970-BEC0-55C1486B18A7,PEDESTRIAN,Cross/Enter at Intersection,INATTENTIVE,ON ROADWAY NOT AT CROSSWALK,NO PED. SIGNAL,UNKNOWN,Yes,POSSIBLE INJURY,N/A,39.11363903,-77.16290206,"(39.11363903, -77.16290206)"
MCP2116006P,170522772,Montgomery County Police,Injury Crash,08/03/2017 03:32:00 PM,,,,,DRIVE WAY AND SIDEWALK OF 1111 EDMONSTON DRIVE,,BICYCLIST,STRAIGHT MOVEMENT ANGLE,CLEAR,,DAYLIGHT,N/A,NONE DETECTED,NONE DETECTED,FEC49B82-D363-43FE-81E8-13C85DD8ABE1,BICYCLIST,Other,INATTENTIVE,SIDEWALK,N/A,DARK CLOTHING,Yes,POSSIBLE INJURY,NONE,39.07544667,-77.132775,"(39.07544667, -77.132775)"
MCP2892006B,190019056,Montgomery County Police,Injury Crash,04/23/2019 05:16:00 PM,County,SEMINARY RD,County,WARREN ST,,N/A,PEDESTRIAN,OTHER,CLEAR,DRY,DAYLIGHT,OTHER,NONE DETECTED,NONE DETECTED,FF909D17-9457-4564-AAC3-35FF7F091DA8,PEDESTRIAN,Cross/Enter at Intersection,DART DASH,ON ROADWAY AT CROSSWALK,N/A,DARK CLOTHING,No,POSSIBLE INJURY,NONE,39.01063611,-77.04838361,"(39.01063611, -77.04838361)"
EJ7846001H,16042355,Gaithersburg Police Depar,Property Damage Crash,08/20/2016 09:00:00 PM,,,,,PARKING LOT OF 18 ONEILL DR.,,PEDESTRIAN,SINGLE VEHICLE,CLEAR,,DARK LIGHTS ON,NO CONTROLS,NONE DETECTED,NONE DETECTED,0664F25F-F0E1-44D7-81BE-EA6C7987B35E,PEDESTRIAN,Cross/Enter not at Intersection,NO IMPROPER ACTIONS,CURB,NO PED. SIGNAL,MIXED CLOTHING,No,NO APPARENT INJURY,N/A,39.124215,-77.22279667,"(39.124215, -77.22279667)"
MCP2425008X,17010849,Montgomery County Police,Injury Crash,03/01/2017 08:36:00 AM,Maryland (State),GEORGIA AVE,County,FENWICK LA,,N/A,PEDESTRIAN,SINGLE VEHICLE,CLOUDY,WET,DAYLIGHT,STOP SIGN,NONE DETECTED,NONE DETECTED,4B4D0B3C-AEC0-48C5-9CEE-1A676F58A582,PEDESTRIAN,Cross/Enter at Intersection,DART DASH,ON ROADWAY AT CROSSWALK,NO PED. SIGNAL,LIGHT CLOTHING,No,SUSPECTED SERIOUS INJURY,NONE,38.99837333,-77.03082167,"(38.99837333, -77.03082167)"
MCP2813003K,170528687,Montgomery County Police,Injury Crash,09/04/2017 08:37:00 PM,County,RANDOLPH RD,Maryland (State),CONNECTICUT AVE,,N/A,PEDESTRIAN,SINGLE VEHICLE,CLEAR,DRY,DARK LIGHTS ON,TRAFFIC SIGNAL,N/A,N/A,D3DCC408-BA7D-4F91-A6D5-EE097AC1585D,PEDESTRIAN,Walking/Riding against Traffic,FAILURE TO OBEY TRAFFIC SIGNS SIGNALS OR OFFICER,ON ROADWAY NOT AT CROSSWALK,DISOBEYED PED. SIGNAL,LIGHT CLOTHING,Yes,POSSIBLE INJURY,N/A,39.057405,-77.07432167,"(39.057405, -77.07432167)"
MCP23920008,180049412,Montgomery County Police,Injury Crash,10/03/2018 11:45:00 AM,Maryland (State),WISCONSIN AVE,County,WOODMONT AVE,,N/A,PEDESTRIAN,N/A,CLEAR,DRY,DAYLIGHT,NO CONTROLS,NONE DETECTED,NONE DETECTED,9B2639CE-1760-44AA-9260-7DFE6E5F1A9F,PEDESTRIAN,Cross/Enter not at Intersection,DART DASH,ON ROADWAY NOT AT CROSSWALK,NO PED. SIGNAL,UNKNOWN,Unknown,SUSPECTED MINOR INJURY,N/A,38.99066784,-77.09399903,"(38.99066784, -77.09399903)"
MCP1563004J,180002560,Montgomery County Police,Injury Crash,01/16/2018 06:46:00 PM,Municipality,ASPEN ST,Maryland (State),CONNECTICUT AVE,,N/A,PEDESTRIAN,OTHER,CLEAR,DRY,DARK LIGHTS ON,NO CONTROLS,NONE DETECTED,NONE DETECTED,7EC7D670-8885-478D-87B2-2B6A229534F9,PEDESTRIAN,Cross/Enter at Intersection,NO IMPROPER ACTIONS,ON ROADWAY AT CROSSWALK,NO PED. SIGNAL,DARK CLOTHING,No,SUSPECTED SERIOUS INJURY,NONE,38.986285,-77.07734333,"(38.986285, -77.07734333)"
MCP2016002G,170547724,Montgomery County Police,Injury Crash,12/10/2017 01:22:00 PM,,,,,KIELBASA FACTORY BUILDING AND PARKING LOT LOCATED AT 1065 ROCKVILLE PIKE,,PEDESTRIAN,OTHER,CLEAR,,DAYLIGHT,N/A,NONE DETECTED,N/A,3211E150-9986-4E0A-AFD2-E1D20D4ECDF7,PEDESTRIAN,Other,NO IMPROPER ACTIONS,INSIDE BUILDING,N/A,N/A,No,SUSPECTED MINOR INJURY,N/A,39.07099833,-77.13331833,"(39.07099833, -77.13331833)"
DD56100012,15031619,Rockville Police Departme,Injury Crash,06/28/2015 06:17:00 PM,Municipality,S HORNERS LA,Municipality,PARK RD,,ROCKVILLE,PEDESTRIAN,OTHER,CLEAR,DRY,DAYLIGHT,NO CONTROLS,N/A,N/A,1F3D3B20-DC68-4FC5-83ED-BDED1F62DD21,PEDESTRIAN,Cross/Enter not at Intersection,IN ROADWAY IMPROPERLY,AT INTERSECTION BUT NO CROSSWALK,NO PED. SIGNAL,LIGHT CLOTHING,,SUSPECTED MINOR INJURY,NONE,39.08679067,-77.1436805,"(39.08679067, -77.1436805)"
MCP3073002T,180064023,Montgomery County Police,Injury Crash,12/22/2018 03:45:00 PM,County,ASPEN HILL RD,Maryland (State),CONNECTICUT AVE,,N/A,PEDESTRIAN,OTHER,N/A,N/A,DAYLIGHT,TRAFFIC SIGNAL,N/A,N/A,B9B4CFA6-5AE9-41CE-96A9-13FC5AD551CE,PEDESTRIAN,Cross/Enter at Intersection,N/A,ON ROADWAY AT CROSSWALK,OBEYED PED. SIGNAL,N/A,No,SUSPECTED MINOR INJURY,N/A,39.07981,-77.08098167,"(39.07981, -77.08098167)"
MCP2723000L,15024783,Montgomery County Police,Injury Crash,05/23/2015 09:34:00 AM,County,OLD BALTIMORE RD,County,CARTER MILL WAY,,N/A,BICYCLIST,STRAIGHT MOVEMENT ANGLE,CLEAR,DRY,DAYLIGHT,STOP SIGN,NONE DETECTED,NONE DETECTED,79096F93-A6B0-4BAF-9BC9-48E4A4D8AF10,BICYCLIST,Cross/Enter at Intersection,UNKNOWN,SHOULDER,NO PED. SIGNAL,N/A,,POSSIBLE INJURY,MC/BIKE HELMET,39.17075167,-77.05024,"(39.17075167, -77.05024)"
MCP1015002C,180054761,Montgomery County Police,Injury Crash,11/01/2018 09:57:00 AM,Maryland (State),FREDERICK RD,County,MIDDLEBROOK RD,,N/A,PEDESTRIAN,SINGLE VEHICLE,CLEAR,DRY,DAYLIGHT,NO CONTROLS,NONE DETECTED,NONE DETECTED,E4F35BF7-0EBF-4438-9FBA-F4804FA78BA9,PEDESTRIAN,Other,NO IMPROPER ACTIONS,OTHER,N/A,DARK CLOTHING,No,SUSPECTED MINOR INJURY,N/A,39.18054333,-77.23858333,"(39.18054333, -77.23858333)"
MCP2777003Q,170535372,Montgomery County Police,Injury Crash,10/07/2017 07:14:00 PM,County,HAMPDEN LA,County,WOODMONT AVE,,N/A,PEDESTRIAN,SINGLE VEHICLE,CLEAR,DRY,DARK LIGHTS ON,TRAFFIC SIGNAL,NONE DETECTED,ALCOHOL PRESENT,2C54ED8A-D6B9-4F2C-A33F-6D9D80ACEA34,PEDESTRIAN,Cross/Enter at Intersection,NO IMPROPER ACTIONS,AT INTERSECTION MARKED CROSSWALK,OBEYED PED. SIGNAL,LIGHT CLOTHING,No,POSSIBLE INJURY,NONE,38.98249667,-77.096145,"(38.98249667, -77.096145)"
EJ78440008,15022193,Gaithersburg Police Depar,Property Damage Crash,05/09/2015 11:39:00 PM,Municipality,LAKE FOREST BLVD,Maryland (State),FREDERICK RD,,N/A,BICYCLIST,OTHER,CLEAR,DRY,DARK LIGHTS ON,TRAFFIC SIGNAL,NONE DETECTED,NONE DETECTED,3ADC51E4-C312-429B-AE3A-FB6CB22A2ABD,BICYCLIST,Cross/Enter at Intersection,FAILURE TO YIELD RIGHT OF WAY,ON ROADWAY AT CROSSWALK,DISOBEYED PED. SIGNAL,DARK CLOTHING,,NO APPARENT INJURY,NONE,39.15031,-77.20887167,"(39.15031, -77.20887167)"
MCP29050013,15030009,Montgomery County Police,Property Damage Crash,06/19/2015 05:25:00 PM,County,ROCKING HORSE RD,County,BOILING BROOK PKWY,,N/A,BICYCLIST,STRAIGHT MOVEMENT ANGLE,CLOUDY,DRY,DAYLIGHT,STOP SIGN,NONE DETECTED,ALCOHOL PRESENT,443DE02C-B11F-4DF2-A3C6-EB5068747281,BICYCLIST,Cross/Enter at Intersection,FAILURE TO YIELD RIGHT OF WAY,ON ROADWAY AT CROSSWALK,N/A,MIXED CLOTHING,,NO APPARENT INJURY,NONE,39.04771698,-77.09821656,"(39.04771698, -77.09821656)"
MCP2708000P,15041202,MONTGOMERY,Injury Crash,08/17/2015 09:24:00 PM,Maryland (State),PINEY BRANCH RD,County,FLOWER AVE,,N/A,PEDESTRIAN,SAME DIRECTION LEFT TURN,CLEAR,DRY,DARK LIGHTS ON,TRAFFIC SIGNAL,NONE DETECTED,NONE DETECTED,AB6A4B41-6D63-448D-B981-7FB1C43A982B,PEDESTRIAN,Cross/Enter at Intersection,NO IMPROPER ACTIONS,ON ROADWAY AT CROSSWALK,OBEYED PED. SIGNAL,MIXED CLOTHING,No,POSSIBLE INJURY,N/A,38.9982332,-77.00356007,"(38.9982332, -77.00356007)"
MCP2689000X,15023448,Montgomery County Police,Injury Crash,05/16/2015 11:17:00 AM,Maryland (State),ROCKVILLE PIKE,Municipality,TWINBROOK PKWY,,ROCKVILLE,BICYCLIST,SAME DIRECTION RIGHT TURN,CLEAR,DRY,DAYLIGHT,TRAFFIC SIGNAL,NONE DETECTED,NONE DETECTED,F5C60ED5-D31F-48B4-A863-866B78184E25,BICYCLIST,Walking/Riding w/Traffic,NO IMPROPER ACTIONS,ON ROADWAY NOT AT CROSSWALK,N/A,DARK CLOTHING,,SUSPECTED MINOR INJURY,MC/BIKE HELMET,39.059225,-77.12142833,"(39.059225, -77.12142833)"
MCP2627000W,15066281,MONTGOMERY,Injury Crash,12/26/2015 05:41:00 PM,County,WESTBARD AVE,Maryland (State),MASSACHUSETTS AVE,,N/A,PEDESTRIAN,SINGLE VEHICLE,RAINING,WET,DARK LIGHTS ON,TRAFFIC SIGNAL,NONE DETECTED,NONE DETECTED,003BFD2A-D43C-482B-8FC0-9800896D6BB5,PEDESTRIAN,Cross/Enter at Intersection,NO IMPROPER ACTIONS,ON ROADWAY AT CROSSWALK,OBEYED PED. SIGNAL,DARK CLOTHING,No,SUSPECTED MINOR INJURY,NONE,38.95797,-77.10966667,"(38.95797, -77.10966667)"
MCP1575003Z,16023555,Montgomery County Police,Injury Crash,05/12/2016 10:09:00 AM,,,,,PK LOT 14939 SHADY GROVE RD.,,PEDESTRIAN,SINGLE VEHICLE,CLOUDY,,DAYLIGHT,NO CONTROLS,NONE DETECTED,NONE DETECTED,40C9AEBC-4C73-4FA5-BBE5-0F89A0760720,PEDESTRIAN,Other,NO IMPROPER ACTIONS,OTHER,NO PED. SIGNAL,DARK CLOTHING,No,POSSIBLE INJURY,NONE,39.09776167,-77.19276,"(39.09776167, -77.19276)"
MCP2752001P,170506457,Montgomery County Police,Injury Crash,05/07/2017 04:10:00 PM,County,MARYLAND AVE,County,MACARTHUR BLVD,,N/A,BICYCLIST,STRAIGHT MOVEMENT ANGLE,CLEAR,DRY,DAYLIGHT,STOP SIGN,N/A,N/A,7A8BC406-D329-4BD4-9AF0-60906DA5E386,BICYCLIST,Cross/Enter at Intersection,NO IMPROPER ACTIONS,ON ROADWAY AT CROSSWALK,UNKNOWN,MIXED CLOTHING,No,SUSPECTED MINOR INJURY,MC/BIKE HELMET,38.96556133,-77.13695267,"(38.96556133, -77.13695267)"
MCP2812003Q,180042390,Montgomery County Police,Injury Crash,08/25/2018 04:19:00 PM,Maryland (State),GEORGIA AVE,County,BELVEDERE BLVD,,N/A,PEDESTRIAN,OTHER,CLEAR,DRY,DAYLIGHT,NO CONTROLS,N/A,N/A,80D1D118-1746-45D5-AE21-69B80C7BDE14,PEDESTRIAN,Cross/Enter not at Intersection,NOT VISIBLE,ON ROADWAY NOT AT CROSSWALK,NO PED. SIGNAL,MIXED CLOTHING,Yes,SUSPECTED MINOR INJURY,NONE,39.01948095,-77.04400051,"(39.01948095, -77.04400051)"
MCP23480018,16000640,Montgomery County Police,Injury Crash,01/04/2016 07:04:00 PM,Maryland (State),GEORGIA AVE,County,BLUERIDGE AVE,,N/A,PEDESTRIAN,SINGLE VEHICLE,CLEAR,DRY,DARK LIGHTS ON,N/A,NONE DETECTED,UNKNOWN,67815600-7E63-42BE-B082-052AFBC7DC35,PEDESTRIAN,Cross/Enter not at Intersection,IN ROADWAY IMPROPERLY,ON ROADWAY NOT AT CROSSWALK,NO PED. SIGNAL,DARK CLOTHING,Yes,SUSPECTED SERIOUS INJURY,NONE,39.04270333,-77.051935,"(39.04270333, -77.051935)"
MCP271700B4,17012660,Montgomery County Police,Injury Crash,03/10/2017 03:11:00 PM,,,,,11355 WOODGLEN DRIVE (UNDERGROUND PARKING GARAGE OF 'WHOLE FOODS MARKET'),,PEDESTRIAN,OTHER,N/A,,OTHER,NO CONTROLS,NONE DETECTED,NONE DETECTED,6CFA10C9-271C-4379-B2CB-CBCB3B835E38,PEDESTRIAN,Other,NO IMPROPER ACTIONS,OTHER,NO PED. SIGNAL,MIXED CLOTHING,No,SUSPECTED MINOR INJURY,NONE,39.04293533,-77.11369817,"(39.04293533, -77.11369817)"
MCP30040013,16062484,Montgomery County Police,Injury Crash,12/05/2016 05:27:00 PM,Maryland (State),MASSACHUSETTS AVE,County,WESTBARD AVE,,N/A,PEDESTRIAN,OTHER,CLEAR,DRY,DARK LIGHTS ON,TRAFFIC SIGNAL,NONE DETECTED,N/A,3EDD368A-107D-4B8D-856A-16F4D3617EDD,PEDESTRIAN,Cross/Enter at Intersection,NO IMPROPER ACTIONS,AT INTERSECTION MARKED CROSSWALK,OBEYED PED. SIGNAL,UNKNOWN,No,SUSPECTED MINOR INJURY,N/A,38.95827523,-77.1097447,"(38.95827523, -77.1097447)"
MCP0685002G,16040164,Montgomery County Police,Injury Crash,08/08/2016 01:41:00 PM,Maryland (State),FREDERICK RD,Unknown,ENT TO MONT CO WASTE TRANSFER STATION,,N/A,BICYCLIST,SINGLE VEHICLE,N/A,DRY,DAYLIGHT,TRAFFIC SIGNAL,NONE DETECTED,NONE DETECTED,56BA49E0-E6F8-43E6-9EFC-7B9B5B0FDA47,BICYCLIST,Cross/Enter at Intersection,NO IMPROPER ACTIONS,ON ROADWAY AT CROSSWALK,OBEYED PED. SIGNAL,DARK CLOTHING,No,SUSPECTED MINOR INJURY,NONE,39.11931,-77.17144167,"(39.11931, -77.17144167)"