Report Number,Local Case Number,Agency Name,ACRS Report Type,Crash Date/Time,Route Type,Road Name,Cross-Street Type,Cross-Street Name,Off-Road Description,Municipality,Related Non-Motorist,Collision Type,Weather,Surface Condition,Light,Traffic Control,Driver Substance Abuse,Non-Motorist Substance Abuse,Person ID,Pedestrian Type,Pedestrian Movement,Pedestrian Actions,Pedestrian Location,Pedestrian Obeyed Traffic Signal,Pedestrian Visibility,At Fault,Injury Severity,Safety Equipment,Latitude,Longitude,Location
DD56210011,170508352,Rockville Police Departme,Injury Crash,05/17/2017 02:30:00 PM,Municipality,CHURCH ST,Maryland (State),ROCKVILLE PIKE,,N/A,PEDESTRIAN,SINGLE VEHICLE,CLEAR,DRY,DAYLIGHT,TRAFFIC SIGNAL,UNKNOWN,NONE DETECTED,C9F2E02D-E815-4EA6-9F8F-478705A8F486,PEDESTRIAN,Cross/Enter at Intersection,UNKNOWN,AT INTERSECTION MARKED CROSSWALK,UNKNOWN,MIXED CLOTHING,Unknown,SUSPECTED MINOR INJURY,NONE,39.08354633,-77.14731067,"(39.08354633, -77.14731067)"
MCP21070011,17000332,Montgomery County Police,Injury Crash,01/03/2017 07:32:00 AM,Maryland (State),CLOPPER RD,County,CINNAMON DR,,N/A,PEDESTRIAN,SINGLE VEHICLE,RAINING,WET,DARK LIGHTS ON,STOP SIGN,NONE DETECTED,NONE DETECTED,0E54D9D5-0899-4BBB-9C15-2878FB03B8DD,PEDESTRIAN,Cross/Enter not at Intersection,DART DASH,ON ROADWAY NOT AT CROSSWALK,NO PED. SIGNAL,DARK CLOTHING,Yes,SUSPECTED SERIOUS INJURY,NONE,39.15610804,-77.26451889,"(39.15610804, -77.26451889)"
DD55830020,16058717,Rockville Police Departme,Injury Crash,11/14/2016 06:56:00 PM,,,,,PARKING LOT BETWEEN 7408 AND 7406 WESTMORE RD ROCKVILLE,,PEDESTRIAN,OTHER,CLEAR,,DARK NO LIGHTS,N/A,NONE DETECTED,NONE DETECTED,152E1B65-0314-4E72-ABA3-2AB6700CC1B3,PEDESTRIAN,Other,NOT VISIBLE,OTHER,N/A,DARK CLOTHING,Yes,SUSPECTED MINOR INJURY,NONE,39.09847022,-77.15177223,"(39.09847022, -77.15177223)"
MCP2077002D,180036131,Montgomery County Police,Injury Crash,07/21/2018 11:32:00 AM,,,,,"PARKING LOT OF 3860 INTERNATIONAL DR, SILVER SPRING MD (GIANT FOODSTORE)",,PEDESTRIAN,OTHER,RAINING,,DAYLIGHT,N/A,NONE DETECTED,NONE DETECTED,7861D223-6CE5-4C8D-8F7E-7A782C0A50DD,PEDESTRIAN,Other,NO IMPROPER ACTIONS,OTHER,NO PED. SIGNAL,MIXED CLOTHING,No,SUSPECTED MINOR INJURY,NONE,39.10163,-77.07538,"(39.10163, -77.07538)"
MCP25120028,16049778,Montgomery County Police,Injury Crash,09/27/2016 07:51:00 PM,Maryland (State),CLOPPER RD,Municipality,FIRSTFIELD RD,,GAITHERSBURG,PEDESTRIAN,STRAIGHT MOVEMENT ANGLE,CLEAR,DRY,DARK LIGHTS ON,NO CONTROLS,NONE DETECTED,NONE DETECTED,9B127A44-90F9-472C-BCA6-6728479AACEA,PEDESTRIAN,Cross/Enter not at Intersection,FAILURE TO YIELD RIGHT OF WAY,ON ROADWAY NOT AT CROSSWALK,NO PED. SIGNAL,DARK CLOTHING,Yes,POSSIBLE INJURY,NONE,39.144595,-77.22561167,"(39.144595, -77.22561167)"
MCP2835001M,170547655,Montgomery County Police,Injury Crash,12/09/2017 10:54:00 PM,Maryland (State),EAST WEST HWY,County,GRUBB RD,,N/A,PEDESTRIAN,OTHER,CLEAR,WET,DARK LIGHTS ON,TRAFFIC SIGNAL,NONE DETECTED,NONE DETECTED,BEE4A793-1EA4-480A-A8FE-E10000FD94F5,PEDESTRIAN,Cross/Enter at Intersection,NO IMPROPER ACTIONS,AT INTERSECTION MARKED CROSSWALK,OBEYED PED. SIGNAL,LIGHT CLOTHING,No,POSSIBLE INJURY,NONE,38.99390167,-77.05192833,"(38.99390167, -77.05192833)"
MCP28400013,170504579,Montgomery County Police,Injury Crash,04/27/2017 06:30:00 PM,Maryland (State),NEW HAMPSHIRE AVE,County,SHAW AVE E,,N/A,PEDESTRIAN,SAME DIR REAR END,N/A,DRY,DAYLIGHT,NO CONTROLS,"N/A, NONE DETECTED",N/A,B4D5073C-DEF5-4D4D-982A-4A1B0D41DC6C,PEDESTRIAN,Standing,NO IMPROPER ACTIONS,SHOULDER,N/A,MIXED CLOTHING,No,SUSPECTED MINOR INJURY,N/A,39.06878816,-77.00289488,"(39.06878816, -77.00289488)"
MCP21340011,170513638,Montgomery County Police,Injury Crash,06/14/2017 01:07:00 PM,,,,,PARKING LOT OF 15200 SHADY GROVE ROAD,,PEDESTRIAN,OTHER,CLEAR,,DAYLIGHT,N/A,NONE DETECTED,NONE DETECTED,C46604D0-FF98-4E80-BF25-34DB41307F32,PEDESTRIAN,Other,OTHER,OTHER,N/A,DARK CLOTHING,No,SUSPECTED MINOR INJURY,N/A,39.10499667,-77.19169333,"(39.10499667, -77.19169333)"
MCP29190010,15059249,MONTGOMERY,Injury Crash,11/20/2015 08:44:00 AM,Maryland (State),16TH ST,Maryland (State),EAST WEST HWY,,N/A,PEDESTRIAN,SINGLE VEHICLE,CLEAR,DRY,DAYLIGHT,PERSON,NONE DETECTED,NONE DETECTED,3CDB75AB-A77F-437A-BF69-F0C057ED9BDE,PEDESTRIAN,Cross/Enter at Intersection,NO IMPROPER ACTIONS,ON ROADWAY AT CROSSWALK,OBEYED PED. SIGNAL,N/A,No,POSSIBLE INJURY,N/A,38.99442259,-77.03610063,"(38.99442259, -77.03610063)"
MCP27080023,170514827,Montgomery County Police,Injury Crash,06/20/2017 08:57:00 PM,County,11TH AVE,County,RUATAN ST,,N/A,PEDESTRIAN,STRAIGHT MOVEMENT ANGLE,CLEAR,N/A,DARK LIGHTS ON,N/A,,NONE DETECTED,616959EE-1DCC-4EC3-B1BE-19995D8310B7,PEDESTRIAN,Standing,UNKNOWN,CURB,NO PED. SIGNAL,MIXED CLOTHING,No,SUSPECTED MINOR INJURY,NONE,38.99696997,-76.99050307,"(38.99696997, -76.99050307)"
MCP2680002C,180010844,Montgomery County Police,Injury Crash,03/02/2018 08:38:00 PM,Maryland (State),EAST WEST HWY,Other Public Roadway,W FALKLAND LA,,N/A,PEDESTRIAN,SAME DIRECTION SIDESWIPE,SEVERE WINDS,DRY,DARK LIGHTS ON,NO CONTROLS,NONE DETECTED,NONE DETECTED,510BFEE9-006E-41B8-A0D9-9DAD55175D33,PEDESTRIAN,Other,FAILURE TO YIELD RIGHT OF WAY,SHOULDER,NO PED. SIGNAL,DARK CLOTHING,Yes,SUSPECTED MINOR INJURY,NONE,38.99265167,-77.031735,"(38.99265167, -77.031735)"
MCP2951000D,15026552,MONTGOMERY,Injury Crash,06/02/2015 06:42:00 AM,County,AMHERST AVE,County,BLUERIDGE AVE,,N/A,PEDESTRIAN,N/A,CLOUDY,WET,DAYLIGHT,NO CONTROLS,NONE DETECTED,NONE DETECTED,0B7E0F9C-EC9A-4B95-A506-0FAE2FCD1250,PEDESTRIAN,Cross/Enter at Intersection,FAILURE TO YIELD RIGHT OF WAY,AT INTERSECTION MARKED CROSSWALK,OBEYED PED. SIGNAL,MIXED CLOTHING,,POSSIBLE INJURY,N/A,39.0433445,-77.04788089,"(39.0433445, -77.04788089)"
MCP3122001Q,180063065,Montgomery County Police,Injury Crash,12/17/2018 09:08:00 AM,County,RANDOLPH RD,Maryland (State),GEORGIA AVE,,N/A,PEDESTRIAN,SINGLE VEHICLE,CLEAR,DRY,DARK LIGHTS ON,TRAFFIC SIGNAL,NONE DETECTED,NONE DETECTED,A62C3D06-157D-47A7-B3C4-75ED4A4CBD1B,PEDESTRIAN,Cross/Enter at Intersection,NO IMPROPER ACTIONS,ON ROADWAY AT CROSSWALK,OBEYED PED. SIGNAL,DARK CLOTHING,No,POSSIBLE INJURY,N/A,39.05863167,-77.04986333,"(39.05863167, -77.04986333)"
MCP13890026,190013061,Montgomery County Police,Injury Crash,03/21/2019 03:15:00 PM,County,STEDWICK RD,County,MONTGOMERY VILLAGE AVE,,N/A,BICYCLIST,STRAIGHT MOVEMENT ANGLE,RAINING,WET,DAYLIGHT,NO CONTROLS,NONE DETECTED,NONE DETECTED,21A2D781-EB9C-4578-A49F-EEE6B2B2D841,BICYCLIST,Cross/Enter not at Intersection,IN ROADWAY IMPROPERLY,OUTSIDE RIGHT OF WAY,NO PED. SIGNAL,MIXED CLOTHING,Yes,SUSPECTED MINOR INJURY,MC/BIKE HELMET,39.16996671,-77.20606495,"(39.16996671, -77.20606495)"
MCP2658001M,17007893,Montgomery County Police,Injury Crash,02/13/2017 04:45:00 PM,County,APRIL LA,Unknown,CUL DE SAC,,N/A,PEDESTRIAN,STRAIGHT MOVEMENT ANGLE,N/A,N/A,DAYLIGHT,N/A,,N/A,8305E55A-8674-42BD-B609-679E27D320F9,PEDESTRIAN,Playing,IN ROADWAY IMPROPERLY,AT INTERSECTION BUT NO CROSSWALK,N/A,N/A,Unknown,SUSPECTED SERIOUS INJURY,N/A,39.04603593,-76.97854042,"(39.04603593, -76.97854042)"
MCP29020016,16008347,Montgomery County Police,Injury Crash,02/19/2016 02:01:00 PM,,,,,MILESTONE PARKING LOT,,PEDESTRIAN,N/A,CLEAR,,DAYLIGHT,NO CONTROLS,N/A,NONE DETECTED,FFD702E0-A793-41B1-A7D2-34D9812E2CFD,PEDESTRIAN,Other,UNKNOWN,OTHER,NO PED. SIGNAL,MIXED CLOTHING,Yes,POSSIBLE INJURY,NONE,39.20264833,-77.24698333,"(39.20264833, -77.24698333)"
MCP2708001D,16045389,Montgomery County Police,Injury Crash,09/05/2016 04:13:00 PM,County,CARROLL AVE,Maryland (State),PINEY BRANCH RD,,N/A,BICYCLIST,SAME DIRECTION RIGHT TURN,CLEAR,DRY,DAYLIGHT,TRAFFIC SIGNAL,UNKNOWN,NONE DETECTED,C3A1DCBA-5FE5-480C-A249-CA8E10C6BD56,BICYCLIST,Walking/Cycling on Sidewalk,N/A,ON ROADWAY AT CROSSWALK,UNKNOWN,MIXED CLOTHING,Yes,POSSIBLE INJURY,NONE,38.99983,-76.99064,"(38.99983, -76.99064)"
MCP2436001H,16020303,Montgomery County Police,Injury Crash,04/25/2016 09:29:00 AM,,,,,PARKING LOT OF 2131 INDUSTRIAL PARKWAY (WHITE OAK MVA),,PEDESTRIAN,OTHER,CLEAR,,DAYLIGHT,NO CONTROLS,NONE DETECTED,NONE DETECTED,D3B56208-FE51-458E-BA82-140DCD94037B,PEDESTRIAN,Standing,OTHER,OTHER,N/A,MIXED CLOTHING,Unknown,POSSIBLE INJURY,NONE,39.055835,-76.970855,"(39.055835, -76.970855)"
MCP3027001C,170541992,Montgomery County Police,Injury Crash,11/10/2017 07:13:00 AM,,,,,8301 FENTON ST,,OTHER,OTHER,CLEAR,,DAYLIGHT,N/A,N/A,N/A,901E9F88-EADF-4E9A-98C8-FE9BB15BC478,OTHER,Getting off/on Vehicle,NO IMPROPER ACTIONS,OTHER,N/A,MIXED CLOTHING,No,SUSPECTED MINOR INJURY,NONE,38.99330667,-77.02398167,"(38.99330667, -77.02398167)"
HA23300007,15000703,Maryland-National Capital,Injury Crash,07/06/2015 10:11:00 AM,Maryland (State),UNIVERSITY BLVD W,Government,SLIGO CREEK PKWY,,N/A,PEDESTRIAN,OTHER,CLEAR,DRY,DAYLIGHT,TRAFFIC SIGNAL,NONE DETECTED,NONE DETECTED,43B919F3-198F-4AAB-B2D9-18797A218B3F,PEDESTRIAN,Other,OTHER,OTHER,OTHER,DARK CLOTHING,Yes,SUSPECTED MINOR INJURY,N/A,39.07366167,-77.00741167,"(39.07366167, -77.00741167)"
MCP1443000N,180020172,Montgomery County Police,Injury Crash,04/25/2018 12:05:00 AM,,,,,PARKING LOT NEAR 19388 MONTGOMERY VILLAGE AVENUE,,PEDESTRIAN,SINGLE VEHICLE,RAINING,,DARK LIGHTS ON,STOP SIGN,NONE DETECTED,NONE DETECTED,C9E50A3A-7B61-4613-B8BF-902394D29502,PEDESTRIAN,Cross/Enter at Intersection,NO IMPROPER ACTIONS,AT INTERSECTION BUT NO CROSSWALK,NO PED. SIGNAL,DARK CLOTHING,No,POSSIBLE INJURY,N/A,39.17360833,-77.20497333,"(39.17360833, -77.20497333)"
MCP24250064,16001880,Montgomery County Police,Injury Crash,01/11/2016 09:15:00 AM,County,CHERRY HILL RD,Other Public Roadway,CALVERTON BLVD,,N/A,PEDESTRIAN,OTHER,CLEAR,DRY,DAYLIGHT,TRAFFIC SIGNAL,NONE DETECTED,NONE DETECTED,5962B4CF-6E5E-4B01-82CD-678AB3297C8B,PEDESTRIAN,Cross/Enter at Intersection,DART DASH,AT INTERSECTION MARKED CROSSWALK,OBEYED PED. SIGNAL,MIXED CLOTHING,Unknown,SUSPECTED MINOR INJURY,NONE,39.05605333,-76.95397167,"(39.05605333, -76.95397167)"
MCP1573000Z,16054603,Montgomery County Police,Injury Crash,10/23/2016 06:39:00 PM,County,CONNECTICUT AVE,Maryland (State),GEORGIA AVE,,N/A,BICYCLIST,SINGLE VEHICLE,CLEAR,DRY,DUSK,PERSON,NONE DETECTED,NONE DETECTED,57CDE8DC-2768-41BA-B8B7-5D276D5F52BE,BICYCLIST,Cross/Enter at Intersection,NO IMPROPER ACTIONS,ON ROADWAY AT CROSSWALK,OBEYED PED. SIGNAL,MIXED CLOTHING,No,POSSIBLE INJURY,NONE,39.083855,-77.07752667,"(39.083855, -77.07752667)"
MCP21950009,15035166,Montgomery County Police,Injury Crash,02/22/2017 12:10:00 PM,County,E GUDE DR,Maryland (State),FREDERICK RD,,N/A,BICYCLIST,OTHER,CLEAR,DRY,DAYLIGHT,NO CONTROLS,NONE DETECTED,NONE DETECTED,0382707F-A1D8-41D5-B842-59380286DA85,BICYCLIST,Walking/Cycling on Sidewalk,NO IMPROPER ACTIONS,SIDEWALK,N/A,LIGHT CLOTHING,No,POSSIBLE INJURY,NONE,39.10954983,-77.18127283,"(39.10954983, -77.18127283)"
MCP2736002C,15022048,Montgomery County Police,Property Damage Crash,05/08/2015 11:17:00 PM,,,,,Cheltnham Parking Garage,,BICYCLIST,SAME DIRECTION SIDESWIPE,N/A,,DARK LIGHTS ON,N/A,N/A,N/A,E15DDF14-0510-4040-933D-FA86B875E9E5,BICYCLIST,Walking/Riding w/Traffic,OTHER,OTHER,N/A,UNKNOWN,,NO APPARENT INJURY,NONE,38.98834354,-77.09422946,"(38.98834354, -77.09422946)"
MCP3018002Y,180052587,Montgomery County Police,Injury Crash,10/20/2018 04:05:00 PM,,,,,DRIVEWAY OF 2827 ABBEY MANOR CR,,PEDESTRIAN,SINGLE VEHICLE,CLEAR,,DAYLIGHT,NO CONTROLS,NONE DETECTED,NONE DETECTED,EC4F9345-7DF5-4E97-9E23-903F0BABBB91,PEDESTRIAN,Other,INATTENTIVE,OTHER,N/A,MIXED CLOTHING,No,SUSPECTED MINOR INJURY,NONE,39.16578068,-77.0593187,"(39.16578068, -77.0593187)"
MCP2951000F,15032919,MONTGOMERY,Injury Crash,07/06/2015 05:37:00 AM,,,,,"2212 Glenmont Circle 
Silver Spring MD 20902
Parking Lot",,PEDESTRIAN,STRAIGHT MOVEMENT ANGLE,CLOUDY,,DARK LIGHTS ON,STOP SIGN,"N/A, NONE DETECTED",N/A,7C34C70B-6681-475D-A4A9-498AF8DD48EC,PEDESTRIAN,Getting off/on Vehicle,NO IMPROPER ACTIONS,SHOULDER,NO PED. SIGNAL,DARK CLOTHING,No,SUSPECTED MINOR INJURY,N/A,39.05815833,-77.048595,"(39.05815833, -77.048595)"
MCP2039001J,16018390,Montgomery County Police,Property Damage Crash,04/15/2016 06:12:00 AM,Maryland (State),CONNECTICUT AVE,County,KAYSON ST,,N/A,OTHER,STRAIGHT MOVEMENT ANGLE,CLEAR,DRY,DARK NO LIGHTS,STOP SIGN,N/A,N/A,3693B532-251E-4BEF-856F-C68D3FF4C778,OTHER,N/A,N/A,INSIDE BUILDING,N/A,N/A,No,NO APPARENT INJURY,N/A,39.06792499,-77.07523137,"(39.06792499, -77.07523137)"
MCP242500CG,180036614,Montgomery County Police,Injury Crash,07/24/2018 09:56:00 AM,Maryland (State),PINEY BRANCH RD,Unknown,CROSSOVER,,N/A,PEDESTRIAN,SINGLE VEHICLE,RAINING,WET,DAYLIGHT,NO CONTROLS,NONE DETECTED,NONE DETECTED,C8507D34-EDAB-4401-98B8-989A71D24346,PEDESTRIAN,Cross/Enter not at Intersection,DART DASH,ON ROADWAY NOT AT CROSSWALK,UNKNOWN,DARK CLOTHING,Yes,SUSPECTED MINOR INJURY,NONE,38.999105,-76.99759667,"(38.999105, -76.99759667)"
MCP28910040,170523155,Montgomery County Police,Injury Crash,08/05/2017 11:34:00 AM,Maryland (State),GEORGIA AVE,Maryland (State),FOREST GLEN RD,,N/A,PEDESTRIAN,SINGLE VEHICLE,CLEAR,DRY,DAYLIGHT,TRAFFIC SIGNAL,NONE DETECTED,NONE DETECTED,5A11D6D5-2A15-4381-B0E6-ECB4014CA598,PEDESTRIAN,Cross/Enter at Intersection,OTHER,AT INTERSECTION MARKED CROSSWALK,UNKNOWN,LIGHT CLOTHING,No,SUSPECTED SERIOUS INJURY,NONE,39.01587583,-77.0427145,"(39.01587583, -77.0427145)"
EJ7809000W,17007620,Gaithersburg Police Depar,Injury Crash,02/12/2017 03:34:00 AM,,,,,"117 E. DIAMOND AVE. GAITHERSBURG, MD. 20877 (CANCUN RESTAURANT / REAR PARKING LOT)",,PEDESTRIAN,SINGLE VEHICLE,CLEAR,,DARK LIGHTS ON,NO CONTROLS,ALCOHOL CONTRIBUTED,ALCOHOL PRESENT,238B93E8-B145-4560-8329-BA6A820EA1F8,PEDESTRIAN,Unknown,N/A,OTHER,N/A,LIGHT CLOTHING,No,SUSPECTED MINOR INJURY,N/A,39.14187307,-77.19475061,"(39.14187307, -77.19475061)"
MCP16040017,180005461,Montgomery County Police,Injury Crash,02/01/2018 08:50:00 AM,County,FLOWER HILL WAY,County,HONEYLOCUST CIR,,N/A,PEDESTRIAN,STRAIGHT MOVEMENT ANGLE,CLEAR,DRY,DAYLIGHT,PERSON,N/A,N/A,4BA994D9-5BBA-4C36-AD47-EC45E57435BE,PEDESTRIAN,Cross/Enter at Intersection,NO IMPROPER ACTIONS,DRIVEWAY ACCESS MARKED CROSSWALK,NO PED. SIGNAL,REFLECTIVE MATERIAL,No,POSSIBLE INJURY,OTHER,39.15781455,-77.17118204,"(39.15781455, -77.17118204)"
MCP2861002Y,170527855,Montgomery County Police,Injury Crash,08/30/2017 08:00:00 PM,County,DEMOCRACY BLVD,Unknown,SPUR TO ROCKLEDGE RD,,N/A,PEDESTRIAN,SINGLE VEHICLE,CLEAR,DRY,DARK LIGHTS ON,NO CONTROLS,NONE DETECTED,NONE DETECTED,8D72DB93-73D8-43DF-AF9B-09A58BC19A2D,PEDESTRIAN,Cross/Enter not at Intersection,NO IMPROPER ACTIONS,ON ROADWAY AT CROSSWALK,OBEYED PED. SIGNAL,LIGHT CLOTHING,No,SUSPECTED SERIOUS INJURY,NONE,39.02361833,-77.12876667,"(39.02361833, -77.12876667)"
MCP2878001F,15059542,MONTGOMERY,Property Damage Crash,11/21/2015 03:48:00 PM,,,,,"Parking Lot 12001 Sylark Rd. Clarksburg, MD 
Ovid Hazen Wells Park",,PEDESTRIAN,SINGLE VEHICLE,CLEAR,,DAYLIGHT,NO CONTROLS,NONE DETECTED,N/A,19406F68-AEA2-45C8-91E6-17C1EEB38603,PEDESTRIAN,Walking/Cycling on Sidewalk,NO IMPROPER ACTIONS,SIDEWALK,N/A,N/A,No,NO APPARENT INJURY,N/A,39.23923667,-77.25051167,"(39.23923667, -77.25051167)"
MCP3156000C,180041721,Montgomery County Police,Injury Crash,08/22/2018 05:39:00 AM,Maryland (State),PINEY BRANCH RD,County,DALE DR,,N/A,PEDESTRIAN,OTHER,CLEAR,DRY,DAWN,TRAFFIC SIGNAL,NONE DETECTED,NONE DETECTED,9C0E9226-04D0-4B42-95CA-FFB7B70E04A3,PEDESTRIAN,Cross/Enter at Intersection,DART DASH,ON ROADWAY AT CROSSWALK,NO PED. SIGNAL,DARK CLOTHING,Yes,SUSPECTED SERIOUS INJURY,N/A,38.99367,-77.009205,"(38.99367, -77.009205)"
MCP23650014,180047846,Montgomery County Police,Injury Crash,09/25/2018 08:49:00 AM,County,BRIGGS CHANEY RD,County,GATESHEAD MANOR WAY,,N/A,MACHINE OPERATOR/RIDER,STRAIGHT MOVEMENT ANGLE,RAINING,WET,DAYLIGHT,TRAFFIC SIGNAL,UNKNOWN,NONE DETECTED,8B00DF86-D7A4-4D5D-8875-522D80173C19,MACHINE OPERATOR/RIDER,Cross/Enter at Intersection,NO IMPROPER ACTIONS,ON ROADWAY AT CROSSWALK,OBEYED PED. SIGNAL,LIGHT CLOTHING,No,SUSPECTED MINOR INJURY,N/A,39.07741833,-76.94238833,"(39.07741833, -76.94238833)"
MCP2384000T,15008804,Montgomery County Police,Injury Crash,02/24/2015 06:45:00 PM,County,SANGAMORE RD,County,SENTINEL RD,,N/A,PEDESTRIAN,OTHER,CLEAR,DRY,DARK LIGHTS ON,STOP SIGN,UNKNOWN,NONE DETECTED,D8F82FF1-CCE2-4891-8992-EBF43F8F6B87,PEDESTRIAN,Cross/Enter at Intersection,NO IMPROPER ACTIONS,ON ROADWAY AT CROSSWALK,NO PED. SIGNAL,MIXED CLOTHING,,SUSPECTED MINOR INJURY,N/A,38.95055333,-77.12055167,"(38.95055333, -77.12055167)"
MCP2931003B,190012716,Montgomery County Police,Injury Crash,03/19/2019 06:25:00 PM,,,,,PARKING LOT OF 12266 ROCKVILLE PIKE,,PEDESTRIAN,OTHER,CLEAR,,DAYLIGHT,N/A,N/A,N/A,A3428237-E38D-4AA2-AB15-45843DAE64F8,PEDESTRIAN,Other,DART DASH,SIDEWALK,N/A,LIGHT CLOTHING,No,POSSIBLE INJURY,N/A,39.05720833,-77.12202833,"(39.05720833, -77.12202833)"
MCP3075001V,180056814,Montgomery County Police,Injury Crash,11/12/2018 06:24:00 PM,,,,,"STAPLES PARKING LOT,
 LOCATED AT 20906A FREDERICK RD, GERMANTOWN, MD",,PEDESTRIAN,SINGLE VEHICLE,RAINING,,DARK LIGHTS ON,N/A,NONE DETECTED,NONE DETECTED,A6882AE5-C3B1-466D-BD6C-01BA0A463C13,PEDESTRIAN,Cross/Enter not at Intersection,IN ROADWAY IMPROPERLY,ON ROADWAY NOT AT CROSSWALK,NO PED. SIGNAL,DARK CLOTHING,Yes,POSSIBLE INJURY,N/A,39.19905167,-77.24735,"(39.19905167, -77.24735)"
MCP2774001G,15057231,MONTGOMERY,Injury Crash,11/10/2015 05:34:00 AM,Maryland (State),EAST WEST HWY,Maryland (State),COLESVILLE RD,,N/A,PEDESTRIAN,N/A,RAINING,WET,DARK LIGHTS ON,TRAFFIC SIGNAL,NONE DETECTED,N/A,977A32E2-2588-4465-91E8-867BFFB7BD43,PEDESTRIAN,Cross/Enter at Intersection,NO IMPROPER ACTIONS,AT INTERSECTION MARKED CROSSWALK,OBEYED PED. SIGNAL,DARK CLOTHING,No,SUSPECTED MINOR INJURY,N/A,38.99418,-77.03288167,"(38.99418, -77.03288167)"
MCP2961002B,170540960,Montgomery County Police,Injury Crash,11/04/2017 06:00:00 PM,County,ANDREW ST,County,EDWIN ST,,N/A,PEDESTRIAN,SINGLE VEHICLE,RAINING,WET,DAYLIGHT,NO CONTROLS,NONE DETECTED,NONE DETECTED,845CC66F-63C2-459B-968E-4D50BFBA9248,PEDESTRIAN,Standing,N/A,ON ROADWAY NOT AT CROSSWALK,NO PED. SIGNAL,N/A,Unknown,POSSIBLE INJURY,NONE,39.05253077,-77.07013786,"(39.05253077, -77.07013786)"
MCP28130031,170501672,Montgomery County Police,Property Damage Crash,04/11/2017 08:30:00 PM,County,PRICE AVE,Maryland (State),GEORGIA AVE,,N/A,PEDESTRIAN,SINGLE VEHICLE,CLOUDY,DRY,DARK LIGHTS ON,STOP SIGN,N/A,N/A,12561E84-13FE-4BCD-BFBE-F870C9AF2C21,PEDESTRIAN,Cross/Enter at Intersection,NO IMPROPER ACTIONS,ON ROADWAY AT CROSSWALK,NO PED. SIGNAL,LIGHT CLOTHING,No,NO APPARENT INJURY,N/A,39.04013006,-77.05117196,"(39.04013006, -77.05117196)"
MCP2565005G,180031935,Montgomery County Police,Injury Crash,06/28/2018 08:00:00 PM,Maryland (State),BRADLEY BLVD,County,ARLINGTON RD,,N/A,PEDESTRIAN,SINGLE VEHICLE,N/A,DRY,DUSK,TRAFFIC SIGNAL,NONE DETECTED,NONE DETECTED,2C4EB5CE-CD7D-4D11-B8C1-D569EF3B6B18,PEDESTRIAN,Cross/Enter at Intersection,IN ROADWAY IMPROPERLY,ON ROADWAY NOT AT CROSSWALK,OBEYED PED. SIGNAL,LIGHT CLOTHING,Yes,POSSIBLE INJURY,NONE,38.97816333,-77.09871667,"(38.97816333, -77.09871667)"
MCP29670022,170507915,Montgomery County Police,Injury Crash,05/15/2017 04:52:00 PM,County,FALLS RD,Maryland (State),RIVER RD,,N/A,PEDESTRIAN,OTHER,CLEAR,DRY,DAYLIGHT,TRAFFIC SIGNAL,N/A,N/A,90E909D4-3E0C-4CEB-B18F-CE99C62BA612,PEDESTRIAN,Cross/Enter at Intersection,NO IMPROPER ACTIONS,ON ROADWAY AT CROSSWALK,OBEYED PED. SIGNAL,MIXED CLOTHING,No,SUSPECTED MINOR INJURY,NONE,39.01734833,-77.21019167,"(39.01734833, -77.21019167)"
MCP2966001F,16001609,Montgomery County Police,Injury Crash,01/09/2016 01:28:00 PM,,,,,CVS/KOREAN KORNER PARKING LOT-VEIRS MILL RD/RANDOLPH RD,,PEDESTRIAN,OTHER,RAINING,,DAYLIGHT,NO CONTROLS,NONE DETECTED,ALCOHOL CONTRIBUTED,1965E660-0C42-43E5-BF58-D8E80FD60ACE,PEDESTRIAN,Other,INATTENTIVE,OTHER,NO PED. SIGNAL,DARK CLOTHING,No,SUSPECTED MINOR INJURY,NONE,39.05744,-77.08330333,"(39.05744, -77.08330333)"
MCP26310006,15003514,Montgomery County Police,Injury Crash,01/22/2015 09:45:00 AM,County,ELM ST,County,ARLINGTON RD,,N/A,PEDESTRIAN,OTHER,CLOUDY,DRY,DAYLIGHT,TRAFFIC SIGNAL,NONE DETECTED,NONE DETECTED,76455FEE-27C2-4F75-B4F9-A0B9D5331FA2,PEDESTRIAN,Cross/Enter at Intersection,NO IMPROPER ACTIONS,AT INTERSECTION MARKED CROSSWALK,OBEYED PED. SIGNAL,LIGHT CLOTHING,,SUSPECTED MINOR INJURY,N/A,38.98193,-77.09826333,"(38.98193, -77.09826333)"
MCP2877002D,16016900,Montgomery County Police,Injury Crash,04/07/2016 07:30:00 AM,County,GRACE CHURCH RD,Maryland (State),GEORGIA AVE,,N/A,PEDESTRIAN,STRAIGHT MOVEMENT ANGLE,RAINING,WET,DAWN,NO CONTROLS,NONE DETECTED,NONE DETECTED,4F633922-8438-4AE7-9370-764EDEFCF9D4,PEDESTRIAN,Cross/Enter at Intersection,OTHER,AT INTERSECTION BUT NO CROSSWALK,NO PED. SIGNAL,MIXED CLOTHING,No,SUSPECTED MINOR INJURY,NONE,39.00518682,-77.03779578,"(39.00518682, -77.03779578)"