Report Number,Local Case Number,Agency Name,ACRS Report Type,Crash Date/Time,Route Type,Road Name,Cross-Street Type,Cross-Street Name,Off-Road Description,Municipality,Related Non-Motorist,Collision Type,Weather,Surface Condition,Light,Traffic Control,Driver Substance Abuse,Non-Motorist Substance Abuse,Person ID,Pedestrian Type,Pedestrian Movement,Pedestrian Actions,Pedestrian Location,Pedestrian Obeyed Traffic Signal,Pedestrian Visibility,At Fault,Injury Severity,Safety Equipment,Latitude,Longitude,Location
MCP2899001H,17012306,Montgomery County Police,Injury Crash,03/08/2017 10:20:00 PM,County,OLD COLUMBIA PIKE,Unknown,CARRIAGE HOUSE TERR,,N/A,PEDESTRIAN,OTHER,CLEAR,DRY,DARK LIGHTS ON,NO CONTROLS,NONE DETECTED,NONE DETECTED,0C430265-E6D9-47AF-86A0-51570F2CB14A,PEDESTRIAN,Cross/Enter not at Intersection,FAILURE TO YIELD RIGHT OF WAY,ON ROADWAY NOT AT CROSSWALK,NO PED. SIGNAL,DARK CLOTHING,Yes,SUSPECTED MINOR INJURY,NONE,39.04856833,-76.982025,"(39.04856833, -76.982025)"
MCP2969001P,16011970,MONTGOMERY,Injury Crash,03/10/2016 06:46:00 PM,,,,,"4701 SANGAMORE RD, CVS PARKING LOT",,PEDESTRIAN,OTHER,CLEAR,,DARK LIGHTS ON,NO CONTROLS,NONE DETECTED,NONE DETECTED,259D9CC1-9FF8-4388-AD58-5AAD6821F29D,PEDESTRIAN,Cross/Enter at Intersection,NO IMPROPER ACTIONS,OTHER,NO PED. SIGNAL,LIGHT CLOTHING,No,SUSPECTED MINOR INJURY,NONE,38.94955543,-77.11827278,"(38.94955543, -77.11827278)"
MCP1121001Q,16065527,Montgomery County Police,Injury Crash,12/21/2016 06:34:00 PM,County,FLOWER HILL WAY,Maryland (State),WOODFIELD RD,,N/A,PEDESTRIAN,OTHER,CLEAR,DRY,DARK LIGHTS ON,N/A,NONE DETECTED,NONE DETECTED,A9340A6D-CA45-4EB5-AA18-BC476D3653D2,PEDESTRIAN,Cross/Enter not at Intersection,IN ROADWAY IMPROPERLY,ON ROADWAY NOT AT CROSSWALK,N/A,MIXED CLOTHING,Yes,POSSIBLE INJURY,NONE,39.15577167,-77.16505333,"(39.15577167, -77.16505333)"
MCP2788001P,180065156,Montgomery County Police,Injury Crash,12/30/2018 01:00:00 AM,Maryland (State),VEIRS MILL RD,County,ENNALLS AVE,,N/A,PEDESTRIAN,OTHER,CLEAR,DRY,DARK LIGHTS ON,NO CONTROLS,UNKNOWN,NONE DETECTED,1DDC6E3B-04BC-409A-98DA-29FB9A3D7843,PEDESTRIAN,Cross/Enter at Intersection,NO IMPROPER ACTIONS,ON ROADWAY AT CROSSWALK,NO PED. SIGNAL,DARK CLOTHING,No,SUSPECTED MINOR INJURY,NONE,39.03937833,-77.054055,"(39.03937833, -77.054055)"
MCP2048000L,15041762,MONTGOMERY,Injury Crash,08/21/2015 08:15:00 PM,County,OLD COLUMBIA PIKE,Unknown,TREETOP LA,,N/A,PEDESTRIAN,OTHER,RAINING,WET,DARK LIGHTS ON,STOP SIGN,UNKNOWN,NONE DETECTED,869613E8-15D6-49FF-9972-32BDCB4A6DD8,PEDESTRIAN,Cross/Enter at Intersection,UNKNOWN,UNKNOWN,UNKNOWN,MIXED CLOTHING,Unknown,SUSPECTED MINOR INJURY,N/A,39.0591,-76.96922833,"(39.0591, -76.96922833)"
MCP2330000C,15009676,Montgomery County Police,Property Damage Crash,02/28/2015 10:07:00 PM,,,,,Parking lot of 11409-A Amherst Ave,,OTHER,SINGLE VEHICLE,CLEAR,,DARK NO LIGHTS,N/A,NONE DETECTED,N/A,FFD8F128-525D-4BB1-BE13-FAD298FBCA92,OTHER,N/A,NO IMPROPER ACTIONS,N/A,N/A,N/A,,NO APPARENT INJURY,N/A,39.04182333,-77.04783667,"(39.04182333, -77.04783667)"
MCP2048001F,170528029,Montgomery County Police,Injury Crash,08/31/2017 06:00:00 PM,County,RANDOLPH RD,County,BREGMAN RD,,N/A,BICYCLIST,OTHER,CLEAR,DRY,DAYLIGHT,NO CONTROLS,NONE DETECTED,NONE DETECTED,7FFBD7BF-7C87-443A-A1FA-2192C573AFAD,BICYCLIST,Cross/Enter at Intersection,FAILURE TO YIELD RIGHT OF WAY,OUTSIDE RIGHT OF WAY,NO PED. SIGNAL,DARK CLOTHING,Yes,SUSPECTED MINOR INJURY,N/A,39.07501833,-77.00487667,"(39.07501833, -77.00487667)"
MCP242500C9,180026891,Montgomery County Police,Injury Crash,06/01/2018 08:30:00 AM,,,,,PARKING LOT OF 11548 STEWART LANE,,PEDESTRIAN,OTHER,CLEAR,,DAYLIGHT,N/A,NONE DETECTED,NONE DETECTED,30E058C9-54F7-45A8-B171-03E17DED1D6B,PEDESTRIAN,Walking to/from school,DART DASH,OTHER,N/A,DARK CLOTHING,Yes,POSSIBLE INJURY,NONE,39.043395,-76.98542833,"(39.043395, -76.98542833)"
MCP1301000R,17002582,Montgomery County Police,Fatal Crash,01/15/2017 11:49:00 AM,Maryland (State),GEORGIA AVE,County,REEDIE DR,,N/A,PEDESTRIAN,SINGLE VEHICLE,CLEAR,DRY,DAYLIGHT,TRAFFIC SIGNAL,NONE DETECTED,UNKNOWN,27BE6DE6-1CE3-4F0C-9771-CB5A71C43983,PEDESTRIAN,Cross/Enter at Intersection,UNKNOWN,ON ROADWAY AT CROSSWALK,UNKNOWN,LIGHT CLOTHING,Unknown,FATAL INJURY,N/A,39.03868633,-77.05080584,"(39.03868633, -77.05080584)"
MCP2717009T,17010018,Montgomery County Police,Property Damage Crash,02/24/2017 03:00:00 PM,,,,,10201 OLD GEORGETOWN ROAD (WILDWOOD SHOPPING CENTER PARKING-LOT),,PEDESTRIAN,SINGLE VEHICLE,CLEAR,,DAYLIGHT,NO CONTROLS,UNKNOWN,NONE DETECTED,2A278E7E-53D4-404A-88FA-459CA0EB0D09,PEDESTRIAN,Cross/Enter at Intersection,NO IMPROPER ACTIONS,ON ROADWAY AT CROSSWALK,NO PED. SIGNAL,LIGHT CLOTHING,No,NO APPARENT INJURY,NONE,39.02411833,-77.12386717,"(39.02411833, -77.12386717)"
DD5630001F,190025366,Rockville Police Departme,Injury Crash,05/28/2019 03:33:00 PM,Municipality,MT VERNON PL,Municipality,FLEET ST,,ROCKVILLE,BICYCLIST,OTHER,CLEAR,DRY,DAYLIGHT,STOP SIGN,NONE DETECTED,NONE DETECTED,6C68E36B-D43A-424A-8918-7E6BDB12DC15,BICYCLIST,Cross/Enter at Intersection,NO IMPROPER ACTIONS,ON ROADWAY AT CROSSWALK,NO PED. SIGNAL,LIGHT CLOTHING,No,SUSPECTED MINOR INJURY,NONE,39.07788667,-77.14325167,"(39.07788667, -77.14325167)"
MCP2357000V,15015825,Montgomery County Police,Injury Crash,04/06/2015 10:25:00 AM,County,FLORA LA,County,PIN OAK DR,,N/A,PEDESTRIAN,OTHER,CLEAR,DRY,DAYLIGHT,N/A,NONE DETECTED,NONE DETECTED,6FB88B68-7007-498E-8374-80D678DF0ED3,PEDESTRIAN,Standing,N/A,OTHER,N/A,MIXED CLOTHING,,SUSPECTED SERIOUS INJURY,N/A,39.01227667,-77.03274833,"(39.01227667, -77.03274833)"
MCP2863001C,16057560,Montgomery County Police,Injury Crash,11/08/2016 08:23:00 AM,,,,,"PARKING LOT OF 20300 PLEASANT RIDGE DR ,MCG (NORTHGATE CHURCH)",,PEDESTRIAN,SINGLE VEHICLE,CLEAR,,DAYLIGHT,NO CONTROLS,NONE DETECTED,NONE DETECTED,55E233D9-9E9E-452D-9418-05A4919132F8,PEDESTRIAN,Walking to/from school,NO IMPROPER ACTIONS,OTHER,N/A,MIXED CLOTHING,No,POSSIBLE INJURY,N/A,39.19190167,-77.19156333,"(39.19190167, -77.19156333)"
MCP2977001F,16019630,Montgomery County Police,Injury Crash,04/21/2016 02:06:00 PM,,,,,PARKING LOT OF CENTRAL SQUARE SHOPPING CENTER 8555 PINEY BRANCH RD,,PEDESTRIAN,SINGLE VEHICLE,CLEAR,,DAYLIGHT,NO CONTROLS,N/A,N/A,414196DE-D091-4D9A-ABF8-FC2755E7C782,PEDESTRIAN,Other,NO IMPROPER ACTIONS,OTHER,NO PED. SIGNAL,DARK CLOTHING,No,POSSIBLE INJURY,N/A,38.99818942,-77.00109109,"(38.99818942, -77.00109109)"
MCP24920014,190018949,Montgomery County Police,Injury Crash,04/23/2019 07:30:00 AM,Maryland (State),GREAT SENECA HWY,County,MIDDLEBROOK RD,,N/A,PEDESTRIAN,OTHER,CLEAR,DRY,DAYLIGHT,TRAFFIC SIGNAL,NONE DETECTED,NONE DETECTED,01BDAC8E-A031-4488-B756-C53AEE4A001F,PEDESTRIAN,Cross/Enter at Intersection,FAILURE TO OBEY TRAFFIC SIGNS SIGNALS OR OFFICER,ON ROADWAY AT CROSSWALK,DISOBEYED PED. SIGNAL,DARK CLOTHING,Yes,POSSIBLE INJURY,NONE,39.17482667,-77.26058,"(39.17482667, -77.26058)"
DD5620003V,190016276,Rockville Police Departme,Injury Crash,04/08/2019 10:00:00 AM,Municipality,MARTHA CT,Municipality,MARTHA TERR,,ROCKVILLE,PEDESTRIAN,OTHER,CLEAR,DRY,DAYLIGHT,NO CONTROLS,NONE DETECTED,NONE DETECTED,C0E47B4D-AF82-41A3-AD29-CF13A87BE7EA,PEDESTRIAN,Getting off/on Vehicle,INATTENTIVE,OTHER,N/A,LIGHT CLOTHING,No,POSSIBLE INJURY,NONE,39.058306,-77.13367133,"(39.058306, -77.13367133)"
MCP1202003F,180039760,Montgomery County Police,Injury Crash,08/10/2018 12:28:00 PM,Maryland (State),BRADLEY LA,Maryland (State),WISCONSIN AVE,,N/A,BICYCLIST,SAME DIRECTION SIDESWIPE,CLEAR,DRY,DAYLIGHT,NO CONTROLS,UNKNOWN,NONE DETECTED,F5BF5B4A-D9DD-470A-B492-DAA08152B257,BICYCLIST,Walking/Riding w/Traffic,NO IMPROPER ACTIONS,IN BIKEWAY,N/A,N/A,No,SUSPECTED SERIOUS INJURY,MC/BIKE HELMET,38.97709667,-77.08568667,"(38.97709667, -77.08568667)"
MCP2656001D,16051276,Montgomery County Police,Injury Crash,10/05/2016 08:49:00 PM,County,ROBEY RD,County,BRIGGS CHANEY RD,,N/A,PEDESTRIAN,N/A,CLEAR,DRY,DARK LIGHTS ON,NO CONTROLS,NONE DETECTED,NONE DETECTED,4810D2C4-6988-4979-B94B-698CD2EACB40,PEDESTRIAN,Cross/Enter at Intersection,NO IMPROPER ACTIONS,MIDBLOCK MARKED CROSSWALK,NO PED. SIGNAL,LIGHT CLOTHING,No,POSSIBLE INJURY,N/A,39.07956333,-76.94503167,"(39.07956333, -76.94503167)"
MCP3174000S,190022434,Montgomery County Police,Injury Crash,05/12/2019 09:00:00 PM,County,WATKINS MILL RD,County,COLTFIELD CT,,N/A,PEDESTRIAN,SINGLE VEHICLE,RAINING,WET,DARK LIGHTS ON,N/A,N/A,ALCOHOL CONTRIBUTED,9835BC8E-524A-4DC9-A4B4-EAA458F14730,PEDESTRIAN,Cross/Enter not at Intersection,DART DASH,ON ROADWAY NOT AT CROSSWALK,NO PED. SIGNAL,DARK CLOTHING,Yes,SUSPECTED MINOR INJURY,NONE,39.16552667,-77.21045833,"(39.16552667, -77.21045833)"
MCP2436001Y,16041568,Montgomery County Police,Injury Crash,08/16/2016 02:20:00 PM,County,DOMER AVE,Maryland (State),FLOWER AVE,,N/A,PEDESTRIAN,SINGLE VEHICLE,CLEAR,DRY,DAYLIGHT,STOP SIGN,NONE DETECTED,NONE DETECTED,7C6E8DDA-2592-4391-AA72-1C2410EE7843,PEDESTRIAN,Cross/Enter at Intersection,NO IMPROPER ACTIONS,AT INTERSECTION BUT NO CROSSWALK,NO PED. SIGNAL,MIXED CLOTHING,No,SUSPECTED MINOR INJURY,NONE,38.99653333,-77.00288833,"(38.99653333, -77.00288833)"
MCP271700BM,170502817,Montgomery County Police,Property Damage Crash,04/18/2017 04:45:00 PM,,,,,4707 HIGHLAND AVENUE (MONTGOMERY COUNTY PUBLIC PARKING LOT),,PEDESTRIAN,SINGLE VEHICLE,CLEAR,,DAYLIGHT,NO CONTROLS,NONE DETECTED,NONE DETECTED,BED5F0AE-C8C9-404A-A7FE-90691CA3E33C,PEDESTRIAN,Standing,OTHER,OTHER,N/A,MIXED CLOTHING,No,NO APPARENT INJURY,NONE,38.991755,-77.09430183,"(38.991755, -77.09430183)"
MCP27980040,180016957,Montgomery County Police,Injury Crash,04/08/2018 12:32:00 AM,Maryland (State),S FREDERICK RD,Municipality,W DEER PARK RD,,GAITHERSBURG,PEDESTRIAN,OTHER,CLEAR,DRY,DARK LIGHTS ON,TRAFFIC SIGNAL,NONE DETECTED,NONE DETECTED,F523F66D-43BE-4449-AF8C-72EC485BF5E9,PEDESTRIAN,Cross/Enter not at Intersection,DART DASH,ON ROADWAY NOT AT CROSSWALK,NO PED. SIGNAL,MIXED CLOTHING,Yes,POSSIBLE INJURY,NONE,39.132195,-77.18935333,"(39.132195, -77.18935333)"
EJ78650013,170510092,Gaithersburg Police Depar,Injury Crash,05/26/2017 07:59:00 PM,Municipality,BUTTRY RD,Municipality,BRIARSTONE LA,,GAITHERSBURG,PEDESTRIAN,SINGLE VEHICLE,CLEAR,DRY,DAYLIGHT,NO CONTROLS,N/A,N/A,08A1AA00-4D91-4620-B2D1-680E2AAC0BC4,PEDESTRIAN,Playing,DART DASH,SHOULDER,NO PED. SIGNAL,MIXED CLOTHING,Yes,POSSIBLE INJURY,N/A,39.13337773,-77.20451921,"(39.13337773, -77.20451921)"
MCP0487000J,15035567,MONTGOMERY,Injury Crash,07/19/2015 12:23:00 PM,County,MIDCOUNTY HWY,County,WASHINGTON GROVE LA,,N/A,PEDESTRIAN,OTHER,CLEAR,DRY,DAYLIGHT,TRAFFIC SIGNAL,NONE DETECTED,NONE DETECTED,F89BD89E-5651-4C9A-BB98-73A3C854E4A2,PEDESTRIAN,Cross/Enter at Intersection,FAILURE TO YIELD RIGHT OF WAY,ON ROADWAY AT CROSSWALK,DISOBEYED PED. SIGNAL,MIXED CLOTHING,Yes,SUSPECTED MINOR INJURY,NONE,39.147685,-77.16892667,"(39.147685, -77.16892667)"
MCP2363000B,15008007,Montgomery County Police,Fatal Crash,02/18/2015 11:16:00 AM,County,CRESTHAVEN DR,County,DEVERE DR,,N/A,PEDESTRIAN,OTHER,CLEAR,DRY,DAYLIGHT,NO CONTROLS,ALCOHOL PRESENT,UNKNOWN,1D48AAD0-93CB-4FE6-9D0C-87EEE153A101,PEDESTRIAN,Standing,NO IMPROPER ACTIONS,CURB,N/A,N/A,No,FATAL INJURY,NONE,39.021585,-76.987954,"(39.021585, -76.987954)"
MCP29830017,16050660,Montgomery County Police,Injury Crash,10/02/2016 08:12:00 PM,County,SECOND AVE,Maryland (State),16TH ST,,N/A,PEDESTRIAN,SINGLE VEHICLE,CLEAR,DRY,DARK LIGHTS ON,TRAFFIC SIGNAL,NONE DETECTED,NONE DETECTED,A077AE84-43B2-45A2-ACCF-E47045E21B65,PEDESTRIAN,Cross/Enter at Intersection,NO IMPROPER ACTIONS,AT INTERSECTION MARKED CROSSWALK,OBEYED PED. SIGNAL,MIXED CLOTHING,No,SUSPECTED MINOR INJURY,NONE,39.00325254,-77.04018831,"(39.00325254, -77.04018831)"
MCP10640087,180054932,Montgomery County Police,Injury Crash,11/02/2018 07:22:00 AM,County,SECOND AVE,County,LUZERNE AVE,,N/A,PEDESTRIAN,OTHER,CLOUDY,DRY,DARK LIGHTS ON,STOP SIGN,N/A,N/A,D4DF902E-EE66-46BB-86C6-2DCA187296EA,PEDESTRIAN,Cross/Enter at Intersection,NO IMPROPER ACTIONS,ON ROADWAY AT CROSSWALK,N/A,DARK CLOTHING,No,SUSPECTED SERIOUS INJURY,N/A,39.00658333,-77.04286,"(39.00658333, -77.04286)"
MCP2947000J,15027847,Montgomery County Police,Injury Crash,06/09/2015 07:38:00 AM,County,FRANKFORT DR,County,MARIANNA DR,,N/A,PEDESTRIAN,SINGLE VEHICLE,CLEAR,DRY,DAYLIGHT,STOP SIGN,NONE DETECTED,NONE DETECTED,59389F67-7F8E-44BC-ABA9-DB9F4D3BC9E8,PEDESTRIAN,Cross/Enter at Intersection,NO IMPROPER ACTIONS,ON ROADWAY AT CROSSWALK,NO PED. SIGNAL,LIGHT CLOTHING,,POSSIBLE INJURY,N/A,39.08461293,-77.08991647,"(39.08461293, -77.08991647)"
MCP2987001H,17000541,Montgomery County Police,Injury Crash,01/04/2017 07:00:00 AM,Maryland (State),PINEY BRANCH RD,Other Public Roadway,CARROLL AVE,,N/A,PEDESTRIAN,OTHER,CLEAR,DRY,OTHER,OTHER,UNKNOWN,NONE DETECTED,1752C0D3-37E6-45EA-BA80-0D28FF93DEE6,PEDESTRIAN,Cross/Enter at Intersection,NO IMPROPER ACTIONS,ON ROADWAY AT CROSSWALK,NO PED. SIGNAL,MIXED CLOTHING,No,SUSPECTED MINOR INJURY,NONE,39.00118899,-76.98752046,"(39.00118899, -76.98752046)"
MCP2298005W,15040401,MONTGOMERY,Property Damage Crash,08/13/2015 04:24:00 PM,County,REXMORE DR,County,LOCBURY DR,,N/A,BICYCLIST,OTHER,CLEAR,DRY,DAYLIGHT,NO CONTROLS,NONE DETECTED,NONE DETECTED,40F8BD2E-EAAB-486F-A9CB-BBDF6562C9FD,BICYCLIST,Walking/Riding against Traffic,FAILURE TO YIELD RIGHT OF WAY,OUTSIDE RIGHT OF WAY,DISOBEYED PED. SIGNAL,MIXED CLOTHING,Yes,NO APPARENT INJURY,NONE,39.18472631,-77.26615906,"(39.18472631, -77.26615906)"
MCP10220043,16007223,Montgomery County Police,Injury Crash,02/12/2016 08:55:00 AM,,,,,"PARKING LOT- HI-TECH BUILDING MONTGOMERY COLLEGE-GERMANTOWN
20200 OBSERVATION DR
GERMANTOWN, MD",,PEDESTRIAN,SINGLE VEHICLE,CLEAR,,DAYLIGHT,NO CONTROLS,NONE DETECTED,NONE DETECTED,B104F531-5EAA-4F1C-A491-E9F1BCC8CF25,PEDESTRIAN,Walking to/from school,NO IMPROPER ACTIONS,OTHER,NO PED. SIGNAL,LIGHT CLOTHING,No,POSSIBLE INJURY,NONE,39.18599167,-77.24507333,"(39.18599167, -77.24507333)"
MCP2919001Z,16046694,Montgomery County Police,Injury Crash,09/12/2016 09:50:00 AM,Maryland (State),GEORGIA AVE,County,LINDELL ST,,N/A,PEDESTRIAN,OTHER,CLEAR,DRY,DAYLIGHT,STOP SIGN,NONE DETECTED,NONE DETECTED,9D9A48BE-08BA-4FB4-ABB5-E314B87652DF,PEDESTRIAN,Cross/Enter at Intersection,NO IMPROPER ACTIONS,AT INTERSECTION BUT NO CROSSWALK,NO PED. SIGNAL,N/A,No,POSSIBLE INJURY,N/A,38.98545667,-77.02731,"(38.98545667, -77.02731)"
MCP3095001B,19001970,Montgomery County Police,Injury Crash,01/12/2019 06:26:00 PM,,,,,11700 OLD COMBIA PIKE CRASHED INTO BUILDING,,PEDESTRIAN,OTHER,SNOW,,OTHER,N/A,N/A,N/A,1071846E-1977-4ED2-93FB-B7BD7294CA49,PEDESTRIAN,Standing,NO IMPROPER ACTIONS,OTHER,N/A,N/A,No,SUSPECTED MINOR INJURY,N/A,39.04954667,-76.981065,"(39.04954667, -76.981065)"
MCP2847001W,170507160,Montgomery County Police,Injury Crash,05/11/2017 02:20:00 AM,County,CONNECTICUT AVE,Unknown,ROAD END - GATE,,N/A,OTHER,SINGLE VEHICLE,CLEAR,DRY,DARK LIGHTS ON,NO CONTROLS,,N/A,683EABA1-22F7-446A-9986-9AF970829AF4,OTHER,Other,OTHER,OTHER,N/A,N/A,Yes,SUSPECTED MINOR INJURY,N/A,39.093625,-77.06889,"(39.093625, -77.06889)"
MCP26890010,15041061,MONTGOMERY,Injury Crash,08/17/2015 10:25:00 AM,Maryland (State),ROCKVILLE PIKE,Municipality,TALBOTT ST,,ROCKVILLE,BICYCLIST,STRAIGHT MOVEMENT ANGLE,CLEAR,DRY,DAYLIGHT,NO CONTROLS,NONE DETECTED,NONE DETECTED,BAFFA8C7-DF9F-4639-8BDF-7B8CBFCF422B,BICYCLIST,Walking/Cycling on Sidewalk,NO IMPROPER ACTIONS,SIDEWALK,NO PED. SIGNAL,LIGHT CLOTHING,No,SUSPECTED MINOR INJURY,NONE,39.07171185,-77.13299274,"(39.07171185, -77.13299274)"
MCP3010001V,17007867,Montgomery County Police,Injury Crash,02/13/2017 03:03:00 PM,,,,,11790 PARKLAWN DR PARKING LOT,,PEDESTRIAN,OTHER,CLEAR,,DAYLIGHT,NO CONTROLS,N/A,N/A,2A706F29-852B-4FC8-AE3B-7EC141DAE009,PEDESTRIAN,Standing,NO IMPROPER ACTIONS,OTHER,NO PED. SIGNAL,N/A,Unknown,SUSPECTED MINOR INJURY,NONE,39.048465,-77.102195,"(39.048465, -77.102195)"
MCP242500B3,170526216,Montgomery County Police,Injury Crash,08/22/2017 01:47:00 PM,US (State),COLUMBIA PIKE,Unknown,BEGIN BRIDGE,,N/A,PEDESTRIAN,SINGLE VEHICLE,N/A,DRY,DAYLIGHT,NO CONTROLS,NONE DETECTED,NONE DETECTED,B669AB88-B7D9-4C8D-8A3C-0413F795826B,PEDESTRIAN,Other Working,NO IMPROPER ACTIONS,OUTSIDE RIGHT OF WAY,N/A,REFLECTIVE MATERIAL,No,SUSPECTED SERIOUS INJURY,REFLECTIVE CLOTHING,39.132875,-76.91826833,"(39.132875, -76.91826833)"
MCP2736002V,15041699,MONTGOMERY,Property Damage Crash,08/20/2015 03:20:00 PM,County,WESTBARD AVE,County,RIDGEFIELD RD,,N/A,BICYCLIST,STRAIGHT MOVEMENT ANGLE,CLEAR,DRY,DAYLIGHT,TRAFFIC SIGNAL,UNKNOWN,NONE DETECTED,A2C31B97-5FDF-475E-814A-B6E6B4B7EC99,BICYCLIST,Cross/Enter at Intersection,NO IMPROPER ACTIONS,AT INTERSECTION MARKED CROSSWALK,OBEYED PED. SIGNAL,LIGHT CLOTHING,No,NO APPARENT INJURY,MC/BIKE HELMET,38.96544833,-77.10710833,"(38.96544833, -77.10710833)"
MCP2927001G,16054074,Montgomery County Police,Injury Crash,10/20/2016 03:40:00 PM,US (State),COLESVILLE RD,County,FENTON ST,,N/A,PEDESTRIAN,N/A,CLEAR,DRY,DAYLIGHT,TRAFFIC SIGNAL,UNKNOWN,NONE DETECTED,DD33AF84-CC80-44F9-AA76-0CC430808F50,PEDESTRIAN,Cross/Enter at Intersection,NO IMPROPER ACTIONS,ON ROADWAY AT CROSSWALK,OBEYED PED. SIGNAL,MIXED CLOTHING,No,POSSIBLE INJURY,NONE,38.99769122,-77.02699184,"(38.99769122, -77.02699184)"
MCP3150000G,180032133,Montgomery County Police,Injury Crash,06/29/2018 06:30:00 PM,County,FOREST GLEN RD,Government,SLIGO CREEK PKWY,,N/A,BICYCLIST,STRAIGHT MOVEMENT ANGLE,CLEAR,DRY,DAYLIGHT,OTHER,N/A,N/A,F87DE2F1-B113-43B7-BAF2-BB294985E735,BICYCLIST,Other,IN ROADWAY IMPROPERLY,OTHER,OTHER,DARK CLOTHING,Yes,SUSPECTED MINOR INJURY,NONE,39.01599108,-77.03529596,"(39.01599108, -77.03529596)"
MCP2923004F,180043454,Montgomery County Police,Injury Crash,08/31/2018 01:17:00 PM,Maryland (State),VEIRS MILL RD,County,GALT AVE,,N/A,PEDESTRIAN,OTHER,RAINING,WET,DAYLIGHT,NO CONTROLS,NONE DETECTED,UNKNOWN,1F050FE1-BA39-4FC4-AF2A-720229A62BEA,PEDESTRIAN,Cross/Enter not at Intersection,IN ROADWAY IMPROPERLY,ON ROADWAY NOT AT CROSSWALK,NO PED. SIGNAL,MIXED CLOTHING,Yes,SUSPECTED SERIOUS INJURY,NONE,39.04122534,-77.05762066,"(39.04122534, -77.05762066)"
MCP2959000W,15035001,MONTGOMERY,Injury Crash,07/16/2015 04:23:00 PM,,,,,"Occured in the 7-11 Parking lot at11445 AMHERST AVE, WHEATON, MARYLAND, 20902.",,PEDESTRIAN,SINGLE VEHICLE,CLEAR,,DAYLIGHT,NO CONTROLS,NONE DETECTED,ALCOHOL PRESENT,BD4AAB0A-A547-40B1-A59A-1B3F951F9566,PEDESTRIAN,Other,FAILURE TO YIELD RIGHT OF WAY,OTHER,NO PED. SIGNAL,MIXED CLOTHING,Unknown,SUSPECTED MINOR INJURY,NONE,39.04295285,-77.04758048,"(39.04295285, -77.04758048)"
DD56100029,17000269,Rockville Police Departme,Injury Crash,01/02/2017 06:02:00 PM,Municipality,BROADWOOD DR,Maryland (State),VEIRS MILL RD,,N/A,PEDESTRIAN,SINGLE VEHICLE,RAINING,WET,DARK LIGHTS ON,TRAFFIC SIGNAL,N/A,N/A,23274701-58FA-4A5C-89E4-7C69F891C217,PEDESTRIAN,Cross/Enter at Intersection,NO IMPROPER ACTIONS,ON ROADWAY AT CROSSWALK,OBEYED PED. SIGNAL,DARK CLOTHING,No,POSSIBLE INJURY,NONE,39.077227,-77.1239875,"(39.077227, -77.1239875)"
MCP137800GZ,170507982,Montgomery County Police,Injury Crash,05/15/2017 08:51:00 PM,Maryland (State),FREDERICK RD,Municipality,MARYLAND AVE,,GAITHERSBURG,BICYCLIST,SINGLE VEHICLE,CLEAR,DRY,DARK LIGHTS ON,NO CONTROLS,NONE DETECTED,NONE DETECTED,38A18412-C2FF-42A7-861B-495EA098428E,BICYCLIST,Cross/Enter not at Intersection,IN ROADWAY IMPROPERLY,ON ROADWAY NOT AT CROSSWALK,NO PED. SIGNAL,DARK CLOTHING,Yes,SUSPECTED SERIOUS INJURY,NONE,39.14518272,-77.20309764,"(39.14518272, -77.20309764)"
MCP137800BL,16039644,Montgomery County Police,Injury Crash,08/05/2016 01:12:00 PM,Ramp,RAMP 6 FR MD 117 EB TO IS 270 SB,Maryland (State),W DIAMOND AVE,,N/A,BICYCLIST,STRAIGHT MOVEMENT ANGLE,CLOUDY,DRY,DAYLIGHT,NO CONTROLS,NONE DETECTED,NONE DETECTED,44DCEDE5-EBA1-4D3B-B023-870AB4E2F811,BICYCLIST,Cross/Enter at Intersection,OTHER,ON ROADWAY AT CROSSWALK,NO PED. SIGNAL,DARK CLOTHING,Yes,POSSIBLE INJURY,NONE,39.14056456,-77.21473575,"(39.14056456, -77.21473575)"
MCP11280043,15051173,MONTGOMERY,Injury Crash,10/09/2015 07:28:00 AM,Maryland (State),WISCONSIN AVE,County,ELM ST,,N/A,BICYCLIST,OTHER,CLOUDY,WET,DAWN,TRAFFIC SIGNAL,NONE DETECTED,NONE DETECTED,04EABA0B-B9A8-4C7C-ADA9-737ABF0E747F,BICYCLIST,Cross/Enter at Intersection,NO IMPROPER ACTIONS,ON ROADWAY AT CROSSWALK,OBEYED PED. SIGNAL,LIGHT CLOTHING,No,SUSPECTED MINOR INJURY,NONE,38.98281167,-77.09328167,"(38.98281167, -77.09328167)"
MCP29710036,170538587,Montgomery County Police,Injury Crash,10/24/2017 05:52:00 PM,County,FORSYTHIA TERR,County,FORSYTHIA LA,,N/A,PEDESTRIAN,SINGLE VEHICLE,CLEAR,DRY,DAYLIGHT,NO CONTROLS,,NONE DETECTED,079B69DC-DB92-4B06-BE3F-89F6192BCDCD,PEDESTRIAN,Standing,NO IMPROPER ACTIONS,OTHER,N/A,N/A,No,SUSPECTED MINOR INJURY,NONE,39.09914777,-76.94162786,"(39.09914777, -76.94162786)"