Report Number,Local Case Number,Agency Name,ACRS Report Type,Crash Date/Time,Route Type,Road Name,Cross-Street Type,Cross-Street Name,Off-Road Description,Municipality,Related Non-Motorist,Collision Type,Weather,Surface Condition,Light,Traffic Control,Driver Substance Abuse,Non-Motorist Substance Abuse,Person ID,Pedestrian Type,Pedestrian Movement,Pedestrian Actions,Pedestrian Location,Pedestrian Obeyed Traffic Signal,Pedestrian Visibility,At Fault,Injury Severity,Safety Equipment,Latitude,Longitude,Location
MCP2298006W,15057385,MONTGOMERY,Injury Crash,11/10/2015 05:26:00 PM,County,FATHER HURLEY BLVD,County,HOPKINS RD,,N/A,PEDESTRIAN,OTHER,SEVERE WINDS,WET,DUSK,TRAFFIC SIGNAL,NONE DETECTED,NONE DETECTED,6B82E6C9-C3A2-4E42-833A-07F8D101064C,PEDESTRIAN,Cross/Enter at Intersection,FAILURE TO OBEY TRAFFIC SIGNS SIGNALS OR OFFICER,AT INTERSECTION MARKED CROSSWALK,DISOBEYED PED. SIGNAL,LIGHT CLOTHING,Yes,SUSPECTED MINOR INJURY,NONE,39.16919019,-77.28293896,"(39.16919019, -77.28293896)"
MCP2046003V,15021033,Montgomery County Police,Injury Crash,05/04/2015 07:40:00 AM,County,FOREST GLEN RD,Unknown,STRUC #M0225 SLIGO CREEK,,N/A,BICYCLIST,STRAIGHT MOVEMENT ANGLE,CLEAR,DRY,DAYLIGHT,NO CONTROLS,NONE DETECTED,NONE DETECTED,8C20657B-7B10-42FC-A6AC-2C2714E36177,BICYCLIST,Cross/Enter not at Intersection,NO IMPROPER ACTIONS,ON ROADWAY AT CROSSWALK,NO PED. SIGNAL,MIXED CLOTHING,,SUSPECTED MINOR INJURY,MC/BIKE HELMET,39.01626667,-77.03280167,"(39.01626667, -77.03280167)"
DD5583003D,170539999,Rockville Police Departme,Injury Crash,10/31/2017 02:45:00 PM,Maryland (State),ROCKVILLE PIKE,Municipality,RICHARD MONTGOMERY DR,,ROCKVILLE,PEDESTRIAN,SINGLE VEHICLE,CLEAR,DRY,DAYLIGHT,TRAFFIC SIGNAL,UNKNOWN,NONE DETECTED,2B8EF060-2650-4557-A106-05513B07DFE2,PEDESTRIAN,Cross/Enter at Intersection,NO IMPROPER ACTIONS,AT INTERSECTION MARKED CROSSWALK,OBEYED PED. SIGNAL,LIGHT CLOTHING,No,SUSPECTED MINOR INJURY,N/A,39.08033071,-77.14409441,"(39.08033071, -77.14409441)"
MCP3089001J,180031265,Montgomery County Police,Injury Crash,06/25/2018 12:11:00 PM,US (State),COLESVILLE RD,County,SPRING ST,,N/A,BICYCLIST,SINGLE VEHICLE,CLEAR,N/A,DAYLIGHT,N/A,N/A,N/A,98B9364D-5511-41AD-901E-8167F7D45A9A,BICYCLIST,Walking/Riding w/Traffic,IN ROADWAY IMPROPERLY,ON ROADWAY NOT AT CROSSWALK,NO PED. SIGNAL,DARK CLOTHING,Yes,SUSPECTED MINOR INJURY,NONE,38.99911167,-77.02601,"(38.99911167, -77.02601)"
DD5603006M,180065302,Rockville Police Departme,Injury Crash,12/31/2018 09:15:00 AM,Municipality,TWINBROOK PKWY,Municipality,CHAPMAN AVE,,ROCKVILLE,PEDESTRIAN,OTHER,RAINING,WET,DAYLIGHT,TRAFFIC SIGNAL,NONE DETECTED,ALCOHOL CONTRIBUTED,C1AE560F-A108-4FA2-A4C4-32C6818A2A50,PEDESTRIAN,Cross/Enter at Intersection,FAILURE TO OBEY TRAFFIC SIGNS SIGNALS OR OFFICER,AT INTERSECTION MARKED CROSSWALK,DISOBEYED PED. SIGNAL,LIGHT CLOTHING,Yes,SUSPECTED MINOR INJURY,NONE,39.058575,-77.11794167,"(39.058575, -77.11794167)"
MCP2191000J,15009871,MONTGOMERY,Injury Crash,08/26/2015 01:38:00 PM,County,HILLMEAD RD,County,FERNWOOD RD,,N/A,PEDESTRIAN,OTHER,N/A,DRY,DAYLIGHT,NO CONTROLS,NONE DETECTED,NONE DETECTED,002AEA9C-1FA3-4ACD-A473-14D342634F15,PEDESTRIAN,Standing,NO IMPROPER ACTIONS,ON ROADWAY NOT AT CROSSWALK,N/A,N/A,No,POSSIBLE INJURY,N/A,39.00507167,-77.13367833,"(39.00507167, -77.13367833)"
MCP26100014,170547922,Montgomery County Police,Injury Crash,12/11/2017 03:17:00 PM,County,MUDDY BRANCH RD,County,HARMONY HALL RD,,N/A,PEDESTRIAN,OTHER,CLEAR,DRY,DAYLIGHT,NO CONTROLS,NONE DETECTED,NONE DETECTED,D5A607F3-FA72-4E77-BC4C-ADA59367C476,PEDESTRIAN,Cross/Enter not at Intersection,DART DASH,ON ROADWAY NOT AT CROSSWALK,NO PED. SIGNAL,DARK CLOTHING,Yes,SUSPECTED MINOR INJURY,NONE,39.13700833,-77.20542833,"(39.13700833, -77.20542833)"
MCP22430006,15051085,MONTGOMERY,Injury Crash,10/08/2015 06:37:00 PM,County,KENNEBEC AVE,Maryland (State),FLOWER AVE,,N/A,PEDESTRIAN,OTHER,CLEAR,DRY,DAWN,STOP SIGN,UNKNOWN,NONE DETECTED,7DEC106D-64A3-4D5A-95AE-2CF5CBA2D7F8,PEDESTRIAN,Cross/Enter at Intersection,NO IMPROPER ACTIONS,ON ROADWAY AT CROSSWALK,NO PED. SIGNAL,MIXED CLOTHING,No,POSSIBLE INJURY,N/A,38.9896111,-77.00151086,"(38.9896111, -77.00151086)"
MCP3094000N,180023448,Montgomery County Police,Injury Crash,05/12/2018 09:48:00 PM,Maryland (State),S FREDERICK RD,Municipality,ROSEMONT DR,,GAITHERSBURG,PEDESTRIAN,OTHER,CLEAR,DRY,DARK LIGHTS ON,NO CONTROLS,N/A,ALCOHOL CONTRIBUTED,E26B2767-2865-4023-ABB8-B3355FCBB2A4,PEDESTRIAN,Cross/Enter not at Intersection,IN ROADWAY IMPROPERLY,MEDIAN,N/A,MIXED CLOTHING,Yes,POSSIBLE INJURY,NONE,39.12851224,-77.1858108,"(39.12851224, -77.1858108)"
MCP10200043,190011413,Montgomery County Police,Injury Crash,03/12/2019 10:55:00 AM,,,,,PARKING LOT OF HOME DEPOT AT 21010 FREDERIC RD,,PEDESTRIAN,OTHER,CLEAR,,DAYLIGHT,NO CONTROLS,NONE DETECTED,NONE DETECTED,45CD6444-B5CA-4172-8903-A4E870B9A2D9,PEDESTRIAN,Other,NO IMPROPER ACTIONS,OTHER,NO PED. SIGNAL,MIXED CLOTHING,No,POSSIBLE INJURY,N/A,39.20134233,-77.2485545,"(39.20134233, -77.2485545)"
MCP2976002M,170517191,Montgomery County Police,Injury Crash,07/04/2017 11:13:00 AM,Maryland (State),GEORGIA AVE,County,FENWICK LA,,N/A,PEDESTRIAN,SINGLE VEHICLE,N/A,DRY,DARK LIGHTS ON,NO CONTROLS,NONE DETECTED,N/A,43E53763-101B-4553-B1DB-9A49B178EEC5,PEDESTRIAN,Cross/Enter at Intersection,NO IMPROPER ACTIONS,ON ROADWAY AT CROSSWALK,NO PED. SIGNAL,LIGHT CLOTHING,No,SUSPECTED SERIOUS INJURY,N/A,38.99820818,-77.03061819,"(38.99820818, -77.03061819)"
MCP2695000S,16037465,Montgomery County Police,Injury Crash,07/25/2016 12:02:00 PM,County,CALVERTON BLVD,County,PALERMO DR,,N/A,BICYCLIST,STRAIGHT MOVEMENT ANGLE,CLEAR,DRY,DAYLIGHT,OTHER,N/A,N/A,7D52E0F4-03FA-4D03-9499-0DEB2A96A805,BICYCLIST,Cross/Enter at Intersection,INATTENTIVE,ON ROADWAY AT CROSSWALK,N/A,MIXED CLOTHING,Yes,SUSPECTED MINOR INJURY,NONE,39.05640073,-76.94581747,"(39.05640073, -76.94581747)"
MCP1389001Z,180050324,Montgomery County Police,Injury Crash,10/08/2018 04:27:00 PM,Maryland (State),MIDCOUNTY HWY,County,MONTGOMERY VILLAGE AVE,,N/A,PEDESTRIAN,SINGLE VEHICLE,CLEAR,DRY,DAYLIGHT,TRAFFIC SIGNAL,NONE DETECTED,NONE DETECTED,A8C5A7B7-4A22-43DB-A1BB-A54BD22ABF9A,PEDESTRIAN,Cross/Enter not at Intersection,DART DASH,ON ROADWAY NOT AT CROSSWALK,DISOBEYED PED. SIGNAL,MIXED CLOTHING,Yes,SUSPECTED MINOR INJURY,NONE,39.16002667,-77.201465,"(39.16002667, -77.201465)"
MCP3099000M,180022296,Montgomery County Police,Injury Crash,05/06/2018 05:30:00 PM,County,STALEYBRIDGE RD,County,ST JOHNSBURY LA,,N/A,PEDESTRIAN,HEAD ON,CLEAR,DRY,DAYLIGHT,NO CONTROLS,NONE DETECTED,N/A,0F3A4713-BC79-4AAB-888F-71D51B703418,PEDESTRIAN,Other,NO IMPROPER ACTIONS,OTHER,N/A,MIXED CLOTHING,No,SUSPECTED SERIOUS INJURY,N/A,39.16911833,-77.24176167,"(39.16911833, -77.24176167)"
MCP2192001F,15051944,MONTGOMERY,Injury Crash,10/13/2015 01:44:00 PM,US (State),GEORGIA AVE,County,KING ST,,N/A,PEDESTRIAN,OTHER,CLEAR,DRY,DAYLIGHT,N/A,NONE DETECTED,N/A,A3ACB0B2-0234-489D-9CE6-29182B421064,PEDESTRIAN,Cross/Enter not at Intersection,INATTENTIVE,OUTSIDE RIGHT OF WAY,N/A,MIXED CLOTHING,Yes,POSSIBLE INJURY,N/A,38.98628167,-77.02696833,"(38.98628167, -77.02696833)"
DD56200006,16058258,Rockville Police Departme,Injury Crash,11/11/2016 07:52:00 PM,Maryland (State),E JEFFERSON ST,Municipality,MONROE ST,,ROCKVILLE,PEDESTRIAN,OTHER,CLEAR,DRY,DARK LIGHTS ON,TRAFFIC SIGNAL,NONE DETECTED,NONE DETECTED,FB9464D0-DDA4-4E56-8A4B-A49E60D700C3,PEDESTRIAN,Cross/Enter at Intersection,NO IMPROPER ACTIONS,AT INTERSECTION MARKED CROSSWALK,OBEYED PED. SIGNAL,DARK CLOTHING,No,SUSPECTED MINOR INJURY,NONE,39.08189382,-77.14920402,"(39.08189382, -77.14920402)"
MCP2717001F,15029647,Montgomery County Police,Injury Crash,06/18/2015 01:18:00 AM,US (State),COLUMBIA PIKE,County,STEWART LA,,N/A,PEDESTRIAN,OTHER,RAINING,WET,DARK NO LIGHTS,NO CONTROLS,NONE DETECTED,ALCOHOL PRESENT,5D1468B5-C307-4909-8A3D-2C5FA5F93C20,PEDESTRIAN,Unknown,UNKNOWN,ON ROADWAY NOT AT CROSSWALK,NO PED. SIGNAL,MIXED CLOTHING,,SUSPECTED MINOR INJURY,NONE,39.04839167,-76.98383333,"(39.04839167, -76.98383333)"
MCP24920009,15020994,Montgomery County Police,Injury Crash,05/03/2015 10:06:00 PM,Maryland (State),FREDERICK RD,Other Public Roadway,MAGNOLIA DR,,N/A,PEDESTRIAN,OTHER,CLEAR,DRY,DARK NO LIGHTS,NO CONTROLS,NONE DETECTED,UNKNOWN,38FD4162-7386-49B3-99B6-D916A01318CE,PEDESTRIAN,Cross/Enter not at Intersection,UNKNOWN,ON ROADWAY NOT AT CROSSWALK,NO PED. SIGNAL,DARK CLOTHING,,SUSPECTED SERIOUS INJURY,N/A,39.17761156,-77.23842904,"(39.17761156, -77.23842904)"
MCP3052000D,170529640,Montgomery County Police,Injury Crash,09/09/2017 11:11:00 PM,County,CONTOUR RD,County,LOST KNIFE RD,,N/A,PEDESTRIAN,SINGLE VEHICLE,N/A,DRY,DARK NO LIGHTS,WARNING SIGN,NONE DETECTED,NONE DETECTED,CA1DCA77-1D4A-4D13-BA0E-DCAA232A1086,PEDESTRIAN,Cross/Enter at Intersection,INATTENTIVE,ON ROADWAY AT CROSSWALK,OBEYED PED. SIGNAL,DARK CLOTHING,No,POSSIBLE INJURY,NONE,39.15557976,-77.20001914,"(39.15557976, -77.20001914)"
MCP27080043,180064590,Montgomery County Police,Injury Crash,12/26/2018 05:00:00 PM,Maryland (State),PINEY BRANCH RD,County,FLOWER AVE,,N/A,PEDESTRIAN,HEAD ON LEFT TURN,CLEAR,DRY,DUSK,TRAFFIC SIGNAL,NONE DETECTED,NONE DETECTED,0F06F111-E7C9-4CA0-B271-2EC1F5E2BAC5,PEDESTRIAN,Cross/Enter at Intersection,N/A,AT INTERSECTION MARKED CROSSWALK,OBEYED PED. SIGNAL,MIXED CLOTHING,No,SUSPECTED MINOR INJURY,NONE,38.99819333,-77.00348,"(38.99819333, -77.00348)"
MCP2719001Y,170532901,Montgomery County Police,Injury Crash,09/24/2017 06:30:00 PM,County,SHOREFIELD RD,Maryland (State),GEORGIA AVE,,N/A,PEDESTRIAN,OTHER,CLEAR,DRY,DUSK,OTHER,NONE DETECTED,NONE DETECTED,2FCF8946-174B-4DD9-AB56-75B444752902,PEDESTRIAN,Cross/Enter at Intersection,NO IMPROPER ACTIONS,ON ROADWAY AT CROSSWALK,OBEYED PED. SIGNAL,LIGHT CLOTHING,No,SUSPECTED SERIOUS INJURY,NONE,39.05288333,-77.0515,"(39.05288333, -77.0515)"
MCP229800L8,180053322,Montgomery County Police,Injury Crash,10/24/2018 05:33:00 PM,,,,,PARKING LOT OF 22222 DAVIS MILL RD,,"MACHINE OPERATOR/RIDER, OTHER",OTHER,CLEAR,,DAYLIGHT,NO CONTROLS,,N/A,57E3A9C4-7B2F-4C50-B653-90237F691B94,OTHER,Other,OTHER,OTHER,N/A,N/A,No,POSSIBLE INJURY,N/A,39.221495,-77.2227965,"(39.221495, -77.2227965)"
MCP3113001G,190021751,Montgomery County Police,Injury Crash,05/08/2019 05:43:00 PM,,ROBEY ROAD,,BRIGGS CHANEY ROAD,,N/A,PEDESTRIAN,OTHER,N/A,DRY,DAYLIGHT,STOP SIGN,N/A,N/A,F3A682F1-120B-42B7-8898-44C5A0B11850,PEDESTRIAN,Cross/Enter at Intersection,NO IMPROPER ACTIONS,AT INTERSECTION MARKED CROSSWALK,NO PED. SIGNAL,MIXED CLOTHING,No,POSSIBLE INJURY,NONE,39.0794614,-76.94510359,"(39.0794614, -76.94510359)"
MCP2094004W,15021686,Montgomery County Police,Injury Crash,05/07/2015 10:20:00 AM,,,,,"PARKING LOT OF
 11820 PARKLAWN DR",,OTHER,SINGLE VEHICLE,CLEAR,,DAYLIGHT,N/A,NONE DETECTED,NONE DETECTED,FC0D5857-6BE3-4D08-9B8E-7D839395D0FB,OTHER,N/A,OTHER,INSIDE BUILDING,N/A,N/A,,POSSIBLE INJURY,N/A,39.27647167,-77.21262167,"(39.27647167, -77.21262167)"
MCP2531000H,16019244,Montgomery County Police,Property Damage Crash,04/19/2016 05:40:00 PM,County,MEDICAL CENTER DR,Maryland (State),KEY WEST AVE,,N/A,BICYCLIST,STRAIGHT MOVEMENT ANGLE,CLEAR,DRY,DAYLIGHT,TRAFFIC SIGNAL,N/A,N/A,8A8CE7D5-A5EB-495E-B6E0-3C22F2810EA9,BICYCLIST,Cross/Enter at Intersection,FAILURE TO OBEY TRAFFIC SIGNS SIGNALS OR OFFICER,AT INTERSECTION MARKED CROSSWALK,DISOBEYED PED. SIGNAL,LIGHT CLOTHING,Yes,NO APPARENT INJURY,NONE,39.10509333,-77.19660167,"(39.10509333, -77.19660167)"
MCP9133000F,15050126,MONTGOMERY,Injury Crash,10/03/2015 01:13:00 PM,,,,,Parking Lot of 20510 Frederick Rd,,PEDESTRIAN,SINGLE VEHICLE,CLEAR,,DAYLIGHT,N/A,NONE DETECTED,NONE DETECTED,BC2E8A54-C863-4F62-885A-88C02352AA63,PEDESTRIAN,Standing,NO IMPROPER ACTIONS,OTHER,N/A,N/A,No,SUSPECTED MINOR INJURY,NONE,39.19242167,-77.24277333,"(39.19242167, -77.24277333)"
MCP2789005L,190007068,Montgomery County Police,Property Damage Crash,02/13/2019 04:20:00 PM,,,,,PARKING LOT OF FLORA SINGER ELEMENTARY SCHOOL,,PEDESTRIAN,SINGLE VEHICLE,CLEAR,,DAYLIGHT,PERSON,UNKNOWN,N/A,B3F3ECAA-D4A2-48B0-9613-D424BFAD98BB,PEDESTRIAN,Other Working,NO IMPROPER ACTIONS,OTHER,OTHER,LIGHT CLOTHING,No,NO APPARENT INJURY,N/A,39.00571,-77.03852167,"(39.00571, -77.03852167)"
MCP2016002K,180003811,Montgomery County Police,Injury Crash,01/23/2018 11:12:00 AM,Maryland (State),ROCKVILLE PIKE,Unknown,ENT TO FEDERAL PLAZA S.C.,,N/A,PEDESTRIAN,OTHER,CLEAR,DRY,DAYLIGHT,TRAFFIC SIGNAL,N/A,N/A,DF80F6BE-CBCF-482B-8C4D-5CFF5792D210,PEDESTRIAN,Cross/Enter at Intersection,NO IMPROPER ACTIONS,AT INTERSECTION MARKED CROSSWALK,OBEYED PED. SIGNAL,N/A,No,SUSPECTED MINOR INJURY,N/A,39.057675,-77.12007333,"(39.057675, -77.12007333)"
MCP2970001Q,16033110,Montgomery County Police,Injury Crash,06/30/2016 01:34:00 PM,Maryland (State),UNIVERSITY BLVD W,County,DRUMM AVE,,N/A,PEDESTRIAN,SINGLE VEHICLE,CLEAR,DRY,DAYLIGHT,YIELD SIGN,N/A,N/A,27E55E3F-BAFE-410B-B967-D5CD24AC1A1A,PEDESTRIAN,Cross/Enter at Intersection,NO IMPROPER ACTIONS,ON ROADWAY AT CROSSWALK,NO PED. SIGNAL,LIGHT CLOTHING,No,NO APPARENT INJURY,N/A,39.03668,-77.06152,"(39.03668, -77.06152)"
MCP2203003L,180057062,Montgomery County Police,Injury Crash,11/14/2018 06:12:00 AM,Maryland (State),VEIRS MILL RD,County,CENTERHILL ST,,N/A,PEDESTRIAN,STRAIGHT MOVEMENT ANGLE,CLEAR,DRY,DARK NO LIGHTS,NO CONTROLS,UNKNOWN,NONE DETECTED,016CD83F-DC56-448A-9842-55EEFE49F413,PEDESTRIAN,Cross/Enter not at Intersection,IN ROADWAY IMPROPERLY,ON ROADWAY NOT AT CROSSWALK,NO PED. SIGNAL,DARK CLOTHING,Yes,POSSIBLE INJURY,N/A,39.05034667,-77.072875,"(39.05034667, -77.072875)"
MCP2767001G,15056017,MONTGOMERY,Injury Crash,11/03/2015 04:38:00 PM,,,,,"In parking lot in front of 11240 Georgia Avenue, Wheaton MD 20902",,PEDESTRIAN,SINGLE VEHICLE,CLEAR,,DAYLIGHT,NO CONTROLS,NONE DETECTED,NONE DETECTED,23AFD6CC-11A4-4EBE-BC82-126892C93966,PEDESTRIAN,Standing,NO IMPROPER ACTIONS,OTHER,N/A,LIGHT CLOTHING,No,SUSPECTED SERIOUS INJURY,N/A,39.03979833,-77.05151,"(39.03979833, -77.05151)"
MCP2960003G,180053659,Montgomery County Police,Injury Crash,10/26/2018 01:15:00 PM,,NORTH LEISURE WORLD BLVD,,TWIN BRANCHES DR,,N/A,BICYCLIST,OTHER,N/A,DRY,DAYLIGHT,NO CONTROLS,N/A,N/A,C82ADA61-5B83-43DD-B086-B0674F1807E6,BICYCLIST,Walking/Riding w/Traffic,NO IMPROPER ACTIONS,ON ROADWAY NOT AT CROSSWALK,NO PED. SIGNAL,MIXED CLOTHING,No,SUSPECTED SERIOUS INJURY,MC/BIKE HELMET,39.10860833,-77.071785,"(39.10860833, -77.071785)"
MCP2664003X,170549210,Montgomery County Police,Injury Crash,12/18/2017 07:40:00 AM,County,VALLEYWOOD DR,Maryland (State),VEIRS MILL RD,,N/A,PEDESTRIAN,SINGLE VEHICLE,CLEAR,WET,DAYLIGHT,STOP SIGN,NONE DETECTED,NONE DETECTED,5FB785DC-9B76-4AE3-83D3-961D8AC14FB2,PEDESTRIAN,Cross/Enter at Intersection,NO IMPROPER ACTIONS,ON ROADWAY AT CROSSWALK,NO PED. SIGNAL,LIGHT CLOTHING,No,POSSIBLE INJURY,NONE,39.049585,-77.07058333,"(39.049585, -77.07058333)"
MCP2801001Z,170511679,Montgomery County Police,Injury Crash,06/04/2017 02:51:00 AM,County,SILVER SPRING AVE,County,MAYOR LA,,N/A,PEDESTRIAN,OTHER,CLEAR,DRY,DARK LIGHTS ON,NO CONTROLS,ALCOHOL PRESENT,N/A,E7AB3D13-89C9-4034-8AB3-2D89B3C4D4C6,PEDESTRIAN,N/A,NO IMPROPER ACTIONS,N/A,N/A,OTHER,No,POSSIBLE INJURY,NONE,38.99164581,-77.02596992,"(38.99164581, -77.02596992)"
MCP3187000C,190015298,Montgomery County Police,Injury Crash,04/03/2019 05:12:00 PM,County,REEDIE DR,Maryland (State),GEORGIA AVE,,N/A,PEDESTRIAN,OTHER,CLEAR,DRY,DAYLIGHT,TRAFFIC SIGNAL,N/A,N/A,3361E4B0-CCB2-4C78-BE18-E669B30DCD3A,PEDESTRIAN,Cross/Enter at Intersection,N/A,ON ROADWAY AT CROSSWALK,OBEYED PED. SIGNAL,MIXED CLOTHING,No,SUSPECTED SERIOUS INJURY,NONE,39.03858355,-77.05104015,"(39.03858355, -77.05104015)"
DD5508001V,16020395,Rockville Police Departme,Injury Crash,04/25/2016 04:40:00 PM,,,,,PARKING LOT OF 1700 CHAPMAN AVE (TWINBROOK METRO),,PEDESTRIAN,N/A,CLEAR,,DAYLIGHT,NO CONTROLS,NONE DETECTED,NONE DETECTED,725290D0-BE9B-456A-9674-1B00184C231D,PEDESTRIAN,Other,NO IMPROPER ACTIONS,ON ROADWAY AT CROSSWALK,NO PED. SIGNAL,LIGHT CLOTHING,No,POSSIBLE INJURY,N/A,39.06263333,-77.11968167,"(39.06263333, -77.11968167)"
MCP24250048,15002228,Montgomery County Police,Injury Crash,01/14/2015 06:48:00 PM,County,LOCKWOOD DR,County,OAK LEAF DR,,N/A,PEDESTRIAN,OTHER,CLEAR,DRY,DARK LIGHTS ON,OTHER,NONE DETECTED,NONE DETECTED,90EA26F2-A8DB-49B0-B741-3FCCF45AE76C,PEDESTRIAN,Cross/Enter at Intersection,NO IMPROPER ACTIONS,ON ROADWAY AT CROSSWALK,NO PED. SIGNAL,DARK CLOTHING,,SUSPECTED MINOR INJURY,NONE,39.03840333,-76.994445,"(39.03840333, -76.994445)"
MCP3073000R,170547006,Montgomery County Police,Injury Crash,12/06/2017 05:56:00 PM,County,GLENALLAN AVE,Maryland (State),GEORGIA AVE,,N/A,PEDESTRIAN,OTHER,CLEAR,DRY,DARK LIGHTS ON,TRAFFIC SIGNAL,UNKNOWN,UNKNOWN,7D395E48-27AF-40B8-B84B-58340D8764CC,PEDESTRIAN,Cross/Enter at Intersection,UNKNOWN,AT INTERSECTION MARKED CROSSWALK,OBEYED PED. SIGNAL,MIXED CLOTHING,No,SUSPECTED MINOR INJURY,NONE,39.06279167,-77.05495333,"(39.06279167, -77.05495333)"
MCP2813002R,17004807,Montgomery County Police,Injury Crash,01/27/2017 07:23:00 PM,County,EISNER ST,County,EDGEWOOD AVE,,N/A,PEDESTRIAN,SINGLE VEHICLE,CLEAR,DRY,DARK NO LIGHTS,NO CONTROLS,N/A,N/A,43F46101-0A07-4A54-85F7-1D6880D0F899,PEDESTRIAN,Cross/Enter at Intersection,NO IMPROPER ACTIONS,AT INTERSECTION BUT NO CROSSWALK,NO PED. SIGNAL,MIXED CLOTHING,No,POSSIBLE INJURY,N/A,39.03024167,-77.02002833,"(39.03024167, -77.02002833)"
DD56030040,170514300,Rockville Police Departme,Injury Crash,06/17/2017 05:15:00 PM,,,,,"PARKING LOT OF 1471 ROCKVILLE PIKE, ROCKVILLE, MD",,PEDESTRIAN,OTHER,CLEAR,,DAYLIGHT,STOP SIGN,UNKNOWN,NONE DETECTED,9D5EA762-73C3-4B7A-9621-A0107377AAF6,PEDESTRIAN,Other,OTHER,OTHER,NO PED. SIGNAL,LIGHT CLOTHING,No,SUSPECTED MINOR INJURY,N/A,39.06536,-77.12735167,"(39.06536, -77.12735167)"
MCP2385000P,16012022,MONTGOMERY,Injury Crash,03/10/2016 11:03:00 PM,Other Public Roadway,ARORA HILLS DR,County,NEWCUT RD,,N/A,OTHER CONVEYANCE,SINGLE VEHICLE,CLEAR,DRY,DARK LIGHTS ON,NO CONTROLS,ALCOHOL CONTRIBUTED,NONE DETECTED,9326F160-AFE5-44E3-B944-F53A648C8C4B,OTHER CONVEYANCE,Cross/Enter at Intersection,NO IMPROPER ACTIONS,AT INTERSECTION BUT NO CROSSWALK,NO PED. SIGNAL,LIGHT CLOTHING,No,POSSIBLE INJURY,NONE,39.23046833,-77.248095,"(39.23046833, -77.248095)"
MCP2987002Q,170547567,Montgomery County Police,Injury Crash,12/09/2017 11:48:00 AM,Maryland (State),NEW HAMPSHIRE AVE,County,POWDER MILL RD,,N/A,PEDESTRIAN,OTHER,SNOW,WET,DAYLIGHT,TRAFFIC SIGNAL,NONE DETECTED,NONE DETECTED,0C25A266-2A41-4B76-97F1-03CB5B53E9B2,PEDESTRIAN,Cross/Enter at Intersection,FAILURE TO OBEY TRAFFIC SIGNS SIGNALS OR OFFICER,UNKNOWN,DISOBEYED PED. SIGNAL,MIXED CLOTHING,Yes,POSSIBLE INJURY,NONE,39.02230322,-76.97738037,"(39.02230322, -76.97738037)"
MCP31610017,190015699,Montgomery County Police,Injury Crash,04/04/2019 05:28:00 PM,County,SUMMIT AVE,County,BROOKFIELD DR,,N/A,PEDESTRIAN,N/A,CLEAR,DRY,DAYLIGHT,OTHER,NONE DETECTED,NONE DETECTED,3A15C653-09DE-4228-B61D-63A32A7CE8CC,PEDESTRIAN,Unknown,UNKNOWN,ON ROADWAY AT CROSSWALK,UNKNOWN,UNKNOWN,Unknown,POSSIBLE INJURY,NONE,39.02618667,-77.08048167,"(39.02618667, -77.08048167)"
MCP28270014,15025555,Montgomery County Police,Injury Crash,05/27/2015 04:53:00 PM,County,QUEEN ELIZABETH DR,County,ROLLING ACRES WAY,,N/A,BICYCLIST,STRAIGHT MOVEMENT ANGLE,RAINING,WET,DAYLIGHT,STOP SIGN,N/A,NONE DETECTED,57A567FE-19A2-461D-985D-7C8ECD871644,BICYCLIST,Cross/Enter at Intersection,FAILURE TO OBEY TRAFFIC SIGNS SIGNALS OR OFFICER,ON ROADWAY NOT AT CROSSWALK,N/A,N/A,,SUSPECTED MINOR INJURY,MC/BIKE HELMET,39.16139,-77.07441833,"(39.16139, -77.07441833)"
MCP27590012,16009327,MONTGOMERY,Injury Crash,02/24/2016 09:25:00 PM,,,,,"PARKING LOT OF 1290 EAST WEST HWY, SILVER SPRING MD 20910",,PEDESTRIAN,OTHER,RAINING,,DARK LIGHTS ON,N/A,N/A,N/A,4FE341A2-9143-4931-8214-201BEFE0C29C,PEDESTRIAN,Other,UNKNOWN,ON ROADWAY AT CROSSWALK,NO PED. SIGNAL,MIXED CLOTHING,No,POSSIBLE INJURY,N/A,38.99217115,-77.03228116,"(38.99217115, -77.03228116)"
MCP2395000G,16058910,Montgomery County Police,Property Damage Crash,11/15/2016 06:06:00 PM,County,WASCHE RD,County,W HUNTER RD,,N/A,OTHER,SINGLE VEHICLE,CLEAR,DRY,DARK NO LIGHTS,N/A,NONE DETECTED,N/A,BFA01931-03CF-452C-834B-3217F73507EA,OTHER,N/A,N/A,N/A,N/A,N/A,No,NO APPARENT INJURY,N/A,39.170425,-77.44684833,"(39.170425, -77.44684833)"
EJ7869000M,170537256,Gaithersburg Police Depar,Injury Crash,10/17/2017 08:50:00 PM,Maryland (State),MONTGOMERY VILLAGE AVE,Municipality,RUSSELL AVE,,GAITHERSBURG,PEDESTRIAN,OTHER,N/A,DRY,DARK LIGHTS ON,NO CONTROLS,UNKNOWN,ILLEGAL DRUG PRESENT,185022BE-6CCE-4D1B-B0E1-911B24B69540,PEDESTRIAN,Walking/Riding w/Traffic,IN ROADWAY IMPROPERLY,ON ROADWAY NOT AT CROSSWALK,NO PED. SIGNAL,UNKNOWN,Yes,SUSPECTED SERIOUS INJURY,NONE,39.15514766,-77.20848151,"(39.15514766, -77.20848151)"
MCP3190000K,190019001,Montgomery County Police,Injury Crash,04/23/2019 01:30:00 PM,County,EDNOR RD,County,TWIN RIDGE CT,,N/A,PEDESTRIAN,SINGLE VEHICLE,N/A,DRY,DAYLIGHT,OTHER,N/A,N/A,494823E1-2A20-4CF2-8BD8-03018BAD3547,PEDESTRIAN,Getting off/on Vehicle,NO IMPROPER ACTIONS,ON ROADWAY NOT AT CROSSWALK,N/A,UNKNOWN,No,SUSPECTED MINOR INJURY,N/A,39.1405835,-76.97369,"(39.1405835, -76.97369)"