Report Number,Local Case Number,Agency Name,ACRS Report Type,Crash Date/Time,Route Type,Road Name,Cross-Street Type,Cross-Street Name,Off-Road Description,Municipality,Related Non-Motorist,Collision Type,Weather,Surface Condition,Light,Traffic Control,Driver Substance Abuse,Non-Motorist Substance Abuse,Person ID,Pedestrian Type,Pedestrian Movement,Pedestrian Actions,Pedestrian Location,Pedestrian Obeyed Traffic Signal,Pedestrian Visibility,At Fault,Injury Severity,Safety Equipment,Latitude,Longitude,Location
MCP2853002X,17004972,Montgomery County Police,Injury Crash,01/28/2017 07:09:00 PM,,,,,10113 NEW HAMPSHIRE AVE. PARKING LOT,,PEDESTRIAN,N/A,CLEAR,,DARK LIGHTS ON,NO CONTROLS,N/A,N/A,B5AB336A-4500-4E9F-8E76-7344656947FD,PEDESTRIAN,Other,IN ROADWAY IMPROPERLY,ON ROADWAY NOT AT CROSSWALK,NO PED. SIGNAL,DARK CLOTHING,Yes,SUSPECTED MINOR INJURY,N/A,39.02111232,-76.97536066,"(39.02111232, -76.97536066)"
MCP2906001T,180034306,Montgomery County Police,Injury Crash,07/11/2018 05:19:00 PM,Maryland (State),KEY WEST AVE,Unknown,ENT TO BUSINESS,,N/A,BICYCLIST,STRAIGHT MOVEMENT ANGLE,CLEAR,DRY,DAYLIGHT,STOP SIGN,NONE DETECTED,N/A,5F187B8B-CC71-4064-BC9A-19853D1999CB,BICYCLIST,Cross/Enter at Intersection,N/A,ON ROADWAY AT CROSSWALK,N/A,LIGHT CLOTHING,No,SUSPECTED MINOR INJURY,MC/BIKE HELMET,39.104765,-77.19506,"(39.104765, -77.19506)"
MCP1220002F,15036528,MONTGOMERY,Injury Crash,07/24/2015 11:46:00 AM,County,HASTINGS DR,US (State),COLESVILLE RD,,N/A,BICYCLIST,OTHER,CLEAR,DRY,DAYLIGHT,YIELD SIGN,NONE DETECTED,NONE DETECTED,88D082CF-8847-4897-9E3B-E6019FFCF58A,BICYCLIST,Walking/Cycling on Sidewalk,IN ROADWAY IMPROPERLY,ON ROADWAY AT CROSSWALK,NO PED. SIGNAL,LIGHT CLOTHING,Yes,SUSPECTED MINOR INJURY,MC/BIKE HELMET,39.01347357,-77.01646686,"(39.01347357, -77.01646686)"
MCP14380083,190011434,Montgomery County Police,Injury Crash,03/12/2019 12:35:00 PM,,,,,BURGER KING PARKING LOT 16004 SHADY GROVE ROAD,,PEDESTRIAN,SINGLE VEHICLE,CLEAR,,DAYLIGHT,N/A,NONE DETECTED,NONE DETECTED,76CEB3F4-1A93-4B16-9D4B-3C1377B440DE,PEDESTRIAN,Other,OTHER,OTHER,N/A,N/A,No,POSSIBLE INJURY,N/A,39.11990667,-77.181965,"(39.11990667, -77.181965)"
MCP21910023,180029917,Montgomery County Police,Injury Crash,06/17/2018 01:09:00 PM,Maryland (State),CONNECTICUT AVE,Maryland (State),UNIVERSITY BLVD W,,N/A,BICYCLIST,SAME DIR REAR END,N/A,DRY,N/A,N/A,NONE DETECTED,NONE DETECTED,92B4FF49-0829-44F4-890C-23F754EA4AA7,BICYCLIST,Walking/Riding w/Traffic,NO IMPROPER ACTIONS,OTHER,OTHER,MIXED CLOTHING,No,POSSIBLE INJURY,MC/BIKE HELMET,39.03075433,-77.07500633,"(39.03075433, -77.07500633)"
MCP9311000R,16047305,Montgomery County Police,Injury Crash,09/15/2016 09:31:00 AM,,,,,"PARKING LOT OF 10400 FERNWOOD ROAD, BETHESDA, MD 20817 (MARRIOTT CORP BUILDING)",,PEDESTRIAN,SINGLE VEHICLE,CLOUDY,,DAYLIGHT,NO CONTROLS,NONE DETECTED,NONE DETECTED,768D53E6-EAB1-4916-8113-10459AC1ED64,PEDESTRIAN,Other,NO IMPROPER ACTIONS,ON ROADWAY AT CROSSWALK,NO PED. SIGNAL,MIXED CLOTHING,No,SUSPECTED MINOR INJURY,N/A,39.02551333,-77.14379333,"(39.02551333, -77.14379333)"
MCP2891007S,190015784,Montgomery County Police,Injury Crash,04/05/2019 06:20:00 AM,Maryland (State),BURLINGTON AVE,US (State),GEORGIA AVE,,N/A,PEDESTRIAN,SINGLE VEHICLE,RAINING,WET,DARK LIGHTS ON,TRAFFIC SIGNAL,NONE DETECTED,NONE DETECTED,5FFC6858-3C3B-487D-A302-77D45DFCD950,PEDESTRIAN,Cross/Enter at Intersection,NO IMPROPER ACTIONS,ON ROADWAY AT CROSSWALK,OBEYED PED. SIGNAL,DARK CLOTHING,No,POSSIBLE INJURY,NONE,38.98728667,-77.02627833,"(38.98728667, -77.02627833)"
MCP2967001J,16040037,Montgomery County Police,Injury Crash,08/07/2016 04:46:00 PM,County,GROSVENOR LA,Maryland (State),ROCKVILLE PIKE,,N/A,BICYCLIST,HEAD ON,CLEAR,DRY,DAYLIGHT,TRAFFIC SIGNAL,N/A,N/A,F733B27E-F2AD-41D6-88C4-B4285CD43513,BICYCLIST,Walking/Riding against Traffic,IN ROADWAY IMPROPERLY,ON ROADWAY NOT AT CROSSWALK,N/A,MIXED CLOTHING,Yes,POSSIBLE INJURY,MC/BIKE HELMET,39.022385,-77.10254167,"(39.022385, -77.10254167)"
MCP27220030,180037639,Montgomery County Police,Injury Crash,07/29/2018 08:38:00 PM,,,,,"PARKING LOT OF 14101 GEORGIA AVE SILVER SPRING, MD",,BICYCLIST,SINGLE VEHICLE,CLEAR,,DARK LIGHTS ON,NO CONTROLS,N/A,N/A,D5F26865-3F28-48A2-9B3C-490BE063E1D4,BICYCLIST,Cross/Enter at Intersection,NO IMPROPER ACTIONS,SIDEWALK,NO PED. SIGNAL,DARK CLOTHING,No,POSSIBLE INJURY,NONE,39.08536833,-77.07825,"(39.08536833, -77.07825)"
MCP2663000C,170535544,Montgomery County Police,Injury Crash,10/08/2017 10:26:00 PM,Maryland (State),EAST WEST HWY,Other Public Roadway,ROSEMARY HILLS RD,,N/A,PEDESTRIAN,SINGLE VEHICLE,RAINING,WET,DARK LIGHTS ON,TRAFFIC SIGNAL,NONE DETECTED,NONE DETECTED,3185EB49-1650-4291-AC91-E11A06402128,PEDESTRIAN,Walking/Riding w/Traffic,NO IMPROPER ACTIONS,ON ROADWAY AT CROSSWALK,OBEYED PED. SIGNAL,UNKNOWN,No,POSSIBLE INJURY,N/A,38.99520167,-77.04244167,"(38.99520167, -77.04244167)"
DD56100023,16055305,Rockville Police Departme,Injury Crash,10/27/2016 02:02:00 PM,Municipality,GRANDIN AVE,Municipality,WOODLAND RD,,ROCKVILLE,OTHER,SINGLE VEHICLE,RAINING,WET,DAYLIGHT,NO CONTROLS,N/A,N/A,106F4321-F327-4D4D-B13C-46A78E48C2D3,OTHER,N/A,N/A,N/A,N/A,N/A,No,NO APPARENT INJURY,N/A,39.08715617,-77.14474717,"(39.08715617, -77.14474717)"
HA24510004,19000402,Maryland-National Capital,Injury Crash,02/17/2019 06:30:00 PM,Government,BEACH DR,Unknown,CROSSOVER TO GV 48 - NO NAME,,N/A,BICYCLIST,ANGLE MEETS LEFT HEAD ON,RAINING,WET,DARK LIGHTS ON,STOP SIGN,N/A,N/A,A582DE2D-2D52-4661-9E5A-8610D4A8338A,BICYCLIST,Walking/Riding against Traffic,WRONG WAY RIDING OR WALKING,OTHER,N/A,HEAD LIGHT AND REFLECTORS,Yes,SUSPECTED SERIOUS INJURY,MC/BIKE HELMET,38.99944503,-77.03036728,"(38.99944503, -77.03036728)"
MCP2687001X,170501117,Montgomery County Police,Injury Crash,04/08/2017 05:44:00 PM,,,,,"7400 ARLINGTON RD 
BETHESDA MD 20814
BETHESDA LIBRARY PARKING LOT",,PEDESTRIAN,OTHER,CLEAR,,DAYLIGHT,NO CONTROLS,NONE DETECTED,NONE DETECTED,457EFAFE-B14B-49AE-8272-868999A42290,PEDESTRIAN,Other,NO IMPROPER ACTIONS,OTHER,NO PED. SIGNAL,LIGHT CLOTHING,No,POSSIBLE INJURY,NONE,38.98384125,-77.09859878,"(38.98384125, -77.09859878)"
MCP29310036,180061594,Montgomery County Police,Injury Crash,12/09/2018 08:24:00 PM,,,,,PARKING LOT OF 2210 VEIRS MILL RD,,PEDESTRIAN,N/A,CLEAR,,DARK NO LIGHTS,N/A,UNKNOWN,N/A,D8C135A1-3072-400F-BC4D-3375C2CE11F1,PEDESTRIAN,Other,IN ROADWAY IMPROPERLY,OTHER,N/A,DARK CLOTHING,Yes,POSSIBLE INJURY,N/A,39.07514162,-77.11436649,"(39.07514162, -77.11436649)"
MCP10480023,16021115,Montgomery County Police,Property Damage Crash,04/29/2016 12:30:00 PM,County,SHADY GROVE RD,County,TRAVILLE  GATEWAY DR,,N/A,PEDESTRIAN,SINGLE VEHICLE,CLEAR,DRY,DAYLIGHT,NO CONTROLS,NONE DETECTED,NONE DETECTED,898A0534-FE0D-43F3-AA6C-AD68DA886D14,PEDESTRIAN,Cross/Enter at Intersection,NO IMPROPER ACTIONS,ON ROADWAY AT CROSSWALK,NO PED. SIGNAL,LIGHT CLOTHING,No,NO APPARENT INJURY,NONE,39.09212429,-77.20683396,"(39.09212429, -77.20683396)"
MCP229800LW,180061068,Montgomery County Police,Injury Crash,12/06/2018 05:43:00 PM,Maryland (State),FREDERICK RD,Unknown,ENT TO FOX CHAPEL CENTER,,N/A,PEDESTRIAN,OTHER,CLOUDY,DRY,DARK LIGHTS ON,TRAFFIC SIGNAL,NONE DETECTED,NONE DETECTED,270C43B8-0A84-498E-AE61-5B51B0C51963,PEDESTRIAN,Cross/Enter at Intersection,NO IMPROPER ACTIONS,ON ROADWAY AT CROSSWALK,OBEYED PED. SIGNAL,MIXED CLOTHING,No,POSSIBLE INJURY,NONE,39.17849817,-77.238437,"(39.17849817, -77.238437)"
MCP2656000Z,15057405,MONTGOMERY,Injury Crash,11/10/2015 06:25:00 PM,Maryland (State),OLD COLUMBIA PIKE,Unknown,ENT TO BUSINESS,,N/A,PEDESTRIAN,OTHER,RAINING,WET,DARK NO LIGHTS,TRAFFIC SIGNAL,NONE DETECTED,NONE DETECTED,C8A3F647-7FF8-4E3F-9999-28A550AA105A,PEDESTRIAN,Cross/Enter at Intersection,NO IMPROPER ACTIONS,ON ROADWAY AT CROSSWALK,OBEYED PED. SIGNAL,DARK CLOTHING,No,POSSIBLE INJURY,N/A,39.11253333,-76.932735,"(39.11253333, -76.932735)"
MCP1563001J,15043293,MONTGOMERY,Injury Crash,08/28/2015 08:31:00 PM,,,,,parking lot of 9601 Cedar Ln,,BICYCLIST,OTHER,CLEAR,,DARK LIGHTS ON,N/A,NONE DETECTED,NONE DETECTED,D5E49F9C-070C-4F83-B617-3DFC364AD8B0,BICYCLIST,Other,UNKNOWN,N/A,N/A,DARK CLOTHING,Unknown,SUSPECTED MINOR INJURY,MC/BIKE HELMET,39.01379167,-77.08903167,"(39.01379167, -77.08903167)"
MCP2757001P,170536392,Montgomery County Police,Property Damage Crash,10/13/2017 05:44:00 AM,County,KINGSWELL DR,County,LIVINGSTON ST,,N/A,PEDESTRIAN,SINGLE VEHICLE,N/A,N/A,DARK LIGHTS ON,NO CONTROLS,NONE DETECTED,NONE DETECTED,55BCA61C-5267-41A3-B9A5-B15963311238,PEDESTRIAN,Standing,OTHER,SHOULDER,N/A,DARK CLOTHING,No,NO APPARENT INJURY,N/A,39.05451784,-77.05814302,"(39.05451784, -77.05814302)"
MCP29770051,180001585,Montgomery County Police,Injury Crash,01/10/2019 12:55:00 PM,,,,,"PARKING LOT OF GIANT FOOD 8750 ARLISS ST SILVER SPRING, MD",,PEDESTRIAN,OTHER,CLEAR,,DAYLIGHT,NO CONTROLS,N/A,N/A,377B26F8-FF6E-4F93-B83B-FE1A588698A4,PEDESTRIAN,Other,NO IMPROPER ACTIONS,OTHER,NO PED. SIGNAL,DARK CLOTHING,No,SUSPECTED MINOR INJURY,NONE,38.99994667,-77.00263333,"(38.99994667, -77.00263333)"
MCP25260013,170503188,Montgomery County Police,Injury Crash,04/20/2017 05:25:00 PM,Maryland (State),FISHER AVE,Unknown,ENT TO POOLESVILLE PLAZA,,N/A,BICYCLIST,HEAD ON LEFT TURN,CLEAR,DRY,DAYLIGHT,NO CONTROLS,NONE DETECTED,N/A,2D0C3F77-9FBE-4900-8C5E-181E957D01EE,BICYCLIST,Cross/Enter at Intersection,NO IMPROPER ACTIONS,AT INTERSECTION BUT NO CROSSWALK,N/A,LIGHT CLOTHING,No,POSSIBLE INJURY,MC/BIKE HELMET,39.1440719,-77.40945339,"(39.1440719, -77.40945339)"
MCP29390022,170538862,Montgomery County Police,Injury Crash,10/25/2017 09:10:00 PM,County,BURNT WOODS DR,County,WATERS LANDING DR,,N/A,PEDESTRIAN,SAME DIR REAR END,CLEAR,DRY,DARK LIGHTS ON,STOP SIGN,,N/A,D174BC8C-E29E-4376-AFC2-453AEF390373,PEDESTRIAN,Getting off/on Vehicle,OTHER,ON ROADWAY AT CROSSWALK,NO PED. SIGNAL,N/A,Yes,SUSPECTED MINOR INJURY,NONE,39.19633249,-77.27894649,"(39.19633249, -77.27894649)"
MCP242500BJ,170545293,Montgomery County Police,Injury Crash,11/28/2017 07:23:00 AM,Maryland (State),GEORGIA AVE,County,BELVEDERE BLVD,,N/A,PEDESTRIAN,OTHER,CLEAR,DRY,DAYLIGHT,NO CONTROLS,NONE DETECTED,NONE DETECTED,B436A305-1BF1-4C2E-BC3A-F47161228315,PEDESTRIAN,Cross/Enter at Intersection,DART DASH,AT INTERSECTION BUT NO CROSSWALK,NO PED. SIGNAL,LIGHT CLOTHING,Yes,SUSPECTED MINOR INJURY,NONE,39.019555,-77.044105,"(39.019555, -77.044105)"
MCP3109001T,180063578,Montgomery County Police,Injury Crash,12/20/2018 12:05:00 PM,County,WAYNE AVE,County,FENTON ST,,N/A,PEDESTRIAN,SINGLE VEHICLE,CLOUDY,WET,DAYLIGHT,TRAFFIC SIGNAL,NONE DETECTED,NONE DETECTED,11F93A90-257F-414D-A0EC-3DCCB589FCAD,PEDESTRIAN,Cross/Enter at Intersection,UNKNOWN,ON ROADWAY AT CROSSWALK,UNKNOWN,DARK CLOTHING,Unknown,SUSPECTED MINOR INJURY,NONE,38.99513617,-77.02476733,"(38.99513617, -77.02476733)"
MCP27850028,17002220,Montgomery County Police,Injury Crash,01/13/2017 12:14:00 PM,Maryland (State),INTERCOUNTY CONNECTOR,Ramp,RAMP 2 FR MD 200 WB TO BRIGGS CHANEY RD,,N/A,PEDESTRIAN,OTHER,CLEAR,DRY,DAYLIGHT,TRAFFIC SIGNAL,N/A,N/A,C8A2915E-91B2-46F0-96B7-519ADA5BDBE8,PEDESTRIAN,Cross/Enter at Intersection,NO IMPROPER ACTIONS,ON ROADWAY AT CROSSWALK,OBEYED PED. SIGNAL,MIXED CLOTHING,No,POSSIBLE INJURY,N/A,39.07437721,-76.93990588,"(39.07437721, -76.93990588)"
DD5508000L,15000253,Rockville Police Departme,Injury Crash,01/02/2015 11:51:00 AM,,,,,Parking Lot of 14939 Shady Grove Rd,,PEDESTRIAN,SINGLE VEHICLE,CLEAR,,DAYLIGHT,NO CONTROLS,NONE DETECTED,UNKNOWN,23EB05DF-B752-4D50-95A1-3E5A0371D899,PEDESTRIAN,Cross/Enter not at Intersection,IN ROADWAY IMPROPERLY,ON ROADWAY NOT AT CROSSWALK,NO PED. SIGNAL,MIXED CLOTHING,,POSSIBLE INJURY,NONE,39.09749501,-77.19245195,"(39.09749501, -77.19245195)"
MCP91130017,16011299,MONTGOMERY,Injury Crash,03/07/2016 01:24:00 PM,County,RANDOLPH RD,County,SELFRIDGE RD,,N/A,PEDESTRIAN,OTHER,CLEAR,DRY,DAYLIGHT,TRAFFIC SIGNAL,NONE DETECTED,UNKNOWN,BDFA5AC1-C20D-437A-890E-23B1D95570B6,PEDESTRIAN,Cross/Enter at Intersection,OTHER,ON ROADWAY AT CROSSWALK,DISOBEYED PED. SIGNAL,UNKNOWN,Yes,SUSPECTED MINOR INJURY,N/A,39.05523167,-77.08356667,"(39.05523167, -77.08356667)"
MCP0704000P,16014748,MONTGOMERY,Injury Crash,03/25/2016 05:04:00 PM,County,WAVERLY ST,Maryland (State),MONTGOMERY AVE,,N/A,PEDESTRIAN,SINGLE VEHICLE,CLEAR,DRY,DAYLIGHT,TRAFFIC SIGNAL,NONE DETECTED,NONE DETECTED,D7BB9408-34FB-4200-909B-81691383A704,PEDESTRIAN,Cross/Enter at Intersection,NO IMPROPER ACTIONS,ON ROADWAY AT CROSSWALK,OBEYED PED. SIGNAL,DARK CLOTHING,No,SUSPECTED MINOR INJURY,N/A,38.98379833,-77.093055,"(38.98379833, -77.093055)"
MCP2686001P,17003354,Montgomery County Police,Injury Crash,01/19/2017 06:30:00 PM,Municipality,KENTLANDS BLVD,Maryland (State),GREAT SENECA HWY,,N/A,PEDESTRIAN,N/A,CLEAR,DRY,DARK LIGHTS ON,TRAFFIC SIGNAL,N/A,N/A,CE9D8448-6961-460A-B077-3C506913F50B,PEDESTRIAN,Cross/Enter at Intersection,NO IMPROPER ACTIONS,AT INTERSECTION MARKED CROSSWALK,OBEYED PED. SIGNAL,DARK CLOTHING,No,POSSIBLE INJURY,N/A,39.12357982,-77.23163232,"(39.12357982, -77.23163232)"
MCP0704000J,15018940,Montgomery County Police,Property Damage Crash,04/24/2015 05:45:00 PM,Maryland (State),OLD GEORGETOWN RD,County,CORDELL AVE,,N/A,BICYCLIST,SINGLE VEHICLE,CLEAR,DRY,DAYLIGHT,NO CONTROLS,NONE DETECTED,NONE DETECTED,32AF35D0-4143-42EB-8D02-D82E3B4C23B9,BICYCLIST,Walking/Riding w/Traffic,NO IMPROPER ACTIONS,OTHER,N/A,LIGHT CLOTHING,,NO APPARENT INJURY,MC/BIKE HELMET,38.98662833,-77.09057333,"(38.98662833, -77.09057333)"
MCP2967003B,180046530,Montgomery County Police,Injury Crash,09/17/2018 07:47:00 PM,Maryland (State),WISCONSIN AVE,County,WILLARD AVE,,N/A,BICYCLIST,OTHER,RAINING,WET,DARK LIGHTS ON,TRAFFIC SIGNAL,NONE DETECTED,NONE DETECTED,FDA1DC04-53A2-4CBF-B8B2-11E103582E75,BICYCLIST,Cross/Enter at Intersection,NO IMPROPER ACTIONS,AT INTERSECTION MARKED CROSSWALK,OBEYED PED. SIGNAL,LIGHT CLOTHING,No,POSSIBLE INJURY,MC/BIKE HELMET,38.96162667,-77.08648667,"(38.96162667, -77.08648667)"
MCP28820025,170529585,Montgomery County Police,Injury Crash,09/09/2017 12:30:00 PM,Municipality,SCHOOL DR,County,MUDDY BRANCH RD,,N/A,PEDESTRIAN,SINGLE VEHICLE,CLEAR,DRY,DAYLIGHT,STOP SIGN,UNKNOWN,NONE DETECTED,6E8CB83B-A39D-4DF6-AFA2-3EBFFF49FCC1,PEDESTRIAN,Cross/Enter at Intersection,NO IMPROPER ACTIONS,AT INTERSECTION MARKED CROSSWALK,NO PED. SIGNAL,REFLECTIVE MATERIAL,No,SUSPECTED MINOR INJURY,REFLECTIVE CLOTHING,39.11765599,-77.21704245,"(39.11765599, -77.21704245)"
MCP2347001Z,180048866,Montgomery County Police,Injury Crash,09/30/2018 02:51:00 PM,,CHERRY HILL ROAD,,PROSPERITY DRIVE,,N/A,BICYCLIST,SAME DIRECTION LEFT TURN,CLEAR,DRY,DAYLIGHT,NO CONTROLS,NONE DETECTED,NONE DETECTED,4299F155-AD13-448E-A478-93BBF258F56D,BICYCLIST,Other,OTHER,ON ROADWAY NOT AT CROSSWALK,OTHER,UNKNOWN,Yes,SUSPECTED MINOR INJURY,MC/BIKE HELMET,39.06115333,-76.95790333,"(39.06115333, -76.95790333)"
MCP30760009,170524497,Montgomery County Police,Injury Crash,08/12/2017 01:50:00 PM,,,,,"SAFEWAY PARKING LOT
116 UNIVERSITY BLVD W",,PEDESTRIAN,SINGLE VEHICLE,CLEAR,,DAYLIGHT,N/A,NONE DETECTED,N/A,86AB30DF-F4FD-4D09-BEE9-0F0C42C196E5,PEDESTRIAN,N/A,NO IMPROPER ACTIONS,OTHER,NO PED. SIGNAL,LIGHT CLOTHING,No,POSSIBLE INJURY,N/A,39.02088309,-77.01513514,"(39.02088309, -77.01513514)"
MCP0539001Y,15061690,MONTGOMERY,Injury Crash,12/03/2015 08:28:00 AM,County,BEL PRE RD,County,GRAND PRE RD,,N/A,PEDESTRIAN,SINGLE VEHICLE,CLEAR,DRY,DAYLIGHT,NO CONTROLS,NONE DETECTED,NONE DETECTED,992B7C72-4677-4D02-9E91-DFF48F738A56,PEDESTRIAN,Other,NO IMPROPER ACTIONS,ON ROADWAY AT CROSSWALK,NO PED. SIGNAL,MIXED CLOTHING,No,SUSPECTED SERIOUS INJURY,NONE,39.09335667,-77.07518167,"(39.09335667, -77.07518167)"
MCP3050000C,17007929,Montgomery County Police,Injury Crash,02/13/2017 07:00:00 PM,Other Public Roadway,GLENMONT CIR #1,Other Public Roadway,GLENMONT CIR #2,,N/A,PEDESTRIAN,SINGLE VEHICLE,OTHER,DRY,DARK LIGHTS ON,NO CONTROLS,NONE DETECTED,NONE DETECTED,F7531DBE-B5E8-4670-85B6-3417AA1C3E26,PEDESTRIAN,Other,NO IMPROPER ACTIONS,OTHER,NO PED. SIGNAL,MIXED CLOTHING,No,NO APPARENT INJURY,N/A,39.05893754,-77.04736322,"(39.05893754, -77.04736322)"
MCP2348003H,180003730,Montgomery County Police,Injury Crash,01/22/2018 05:36:00 PM,County,RANDOLPH RD,County,LIVINGSTON ST,,N/A,PEDESTRIAN,SINGLE VEHICLE,CLEAR,DRY,DARK LIGHTS ON,NO CONTROLS,NONE DETECTED,UNKNOWN,D491837F-4066-46AC-822C-29DE03673908,PEDESTRIAN,Cross/Enter at Intersection,NO IMPROPER ACTIONS,ON ROADWAY AT CROSSWALK,NO PED. SIGNAL,DARK CLOTHING,No,SUSPECTED SERIOUS INJURY,NONE,39.05841833,-77.05581167,"(39.05841833, -77.05581167)"
MCP2552000X,16029030,Montgomery County Police,Injury Crash,06/09/2016 04:42:00 PM,,,,,"PARKING LOT OF 12321 PARKLAWN DRIVE, ROCKVILLE, MD 20852",,PEDESTRIAN,OTHER,CLEAR,,DAYLIGHT,N/A,UNKNOWN,N/A,1AFCEF25-F233-4C41-975B-6E1AF1A3DC91,PEDESTRIAN,Other Working,NO IMPROPER ACTIONS,OTHER,N/A,DARK CLOTHING,No,SUSPECTED MINOR INJURY,N/A,39.059955,-77.11130667,"(39.059955, -77.11130667)"
MCP2675000N,15010679,Montgomery County Police,Injury Crash,03/08/2015 03:30:00 AM,,,,,"11219 Grandview Ave
Montgomery County Public Parking Lot 13",,PEDESTRIAN,N/A,CLEAR,,DARK LIGHTS ON,NO CONTROLS,ALCOHOL PRESENT,ALCOHOL PRESENT,283C0567-8779-4A7F-B0A5-740102130239,PEDESTRIAN,Standing,NO IMPROPER ACTIONS,OTHER,N/A,MIXED CLOTHING,,SUSPECTED SERIOUS INJURY,N/A,39.0396,-77.05226833,"(39.0396, -77.05226833)"
DD55950015,15014635,Rockville Police Departme,Property Damage Crash,03/30/2015 05:09:00 PM,,,,,The parking lot exit located at 1450 Rockville Pike,,"OTHER, OTHER CONVEYANCE",SINGLE VEHICLE,SEVERE WINDS,,DAYLIGHT,N/A,N/A,N/A,2495EB1D-0004-4983-B84E-5B1D55170EC9,OTHER,N/A,N/A,N/A,N/A,N/A,,NO APPARENT INJURY,N/A,39.06661406,-77.12771416,"(39.06661406, -77.12771416)"
DD55020020,16005276,Rockville Police Departme,Injury Crash,02/01/2016 05:39:00 PM,Maryland (State),ROCKVILLE PIKE,Municipality,MONROE PL,,ROCKVILLE,PEDESTRIAN,HEAD ON LEFT TURN,RAINING,WET,DARK LIGHTS ON,N/A,NONE DETECTED,NONE DETECTED,816206EC-DB7E-44F6-9FA6-8429380B4D90,PEDESTRIAN,Cross/Enter not at Intersection,IN ROADWAY IMPROPERLY,ON ROADWAY NOT AT CROSSWALK,UNKNOWN,MIXED CLOTHING,Yes,SUSPECTED MINOR INJURY,NONE,39.08291333,-77.14681,"(39.08291333, -77.14681)"
MCP27540014,17002303,Montgomery County Police,Injury Crash,01/13/2017 05:52:00 PM,Maryland (State),PINEY BRANCH RD,County,ARLISS ST,,N/A,PEDESTRIAN,N/A,CLEAR,DRY,DARK LIGHTS ON,TRAFFIC SIGNAL,NONE DETECTED,UNKNOWN,25A70BF7-306C-4C3C-A26D-17305B2C5444,PEDESTRIAN,Cross/Enter at Intersection,DART DASH,ON ROADWAY AT CROSSWALK,DISOBEYED PED. SIGNAL,UNKNOWN,Yes,SUSPECTED MINOR INJURY,UNKNOWN,38.99844582,-77.00106025,"(38.99844582, -77.00106025)"
EJ78640018,180008060,Gaithersburg Police Depar,Injury Crash,02/15/2018 08:42:00 PM,Municipality,MARKET ST E,Municipality,LEANING OAK ST,,GAITHERSBURG,BICYCLIST,SINGLE VEHICLE,N/A,N/A,DARK LIGHTS ON,STOP SIGN,N/A,N/A,3C4B6754-69D6-4321-95C8-75C780C0BE27,BICYCLIST,Cross/Enter at Intersection,FAILURE TO OBEY TRAFFIC SIGNS SIGNALS OR OFFICER,ON ROADWAY NOT AT CROSSWALK,DISOBEYED PED. SIGNAL,MIXED CLOTHING,Yes,SUSPECTED MINOR INJURY,NONE,38.99778,-77.10976667,"(38.99778, -77.10976667)"
MCP2695000T,16042284,Montgomery County Police,Injury Crash,08/20/2016 12:40:00 PM,Maryland (State),NEW HAMPSHIRE AVE,County,ADELPHI RD,,N/A,PEDESTRIAN,OTHER,CLEAR,DRY,DAYLIGHT,TRAFFIC SIGNAL,N/A,N/A,7060BB8F-8823-4688-90BA-F920971E4602,PEDESTRIAN,Cross/Enter at Intersection,NO IMPROPER ACTIONS,ON ROADWAY AT CROSSWALK,OBEYED PED. SIGNAL,N/A,No,POSSIBLE INJURY,N/A,39.01136446,-76.97909832,"(39.01136446, -76.97909832)"
MCP2398001N,170512886,Montgomery County Police,Injury Crash,06/10/2017 12:46:00 PM,Maryland (State),CLOPPER RD,County,PARKRIDGE DR,,N/A,PEDESTRIAN,STRAIGHT MOVEMENT ANGLE,CLEAR,DRY,DAYLIGHT,NO CONTROLS,NONE DETECTED,NONE DETECTED,55BCE39B-EE0A-4E9A-820F-A587F71498B0,PEDESTRIAN,Cross/Enter at Intersection,IN ROADWAY IMPROPERLY,ON ROADWAY NOT AT CROSSWALK,NO PED. SIGNAL,MIXED CLOTHING,Yes,SUSPECTED MINOR INJURY,NONE,39.1485,-77.239515,"(39.1485, -77.239515)"
MCP9134000G,16060824,Montgomery County Police,Injury Crash,11/26/2016 10:57:00 PM,County,WAYNE AVE,US (State),GEORGIA AVE,,N/A,PEDESTRIAN,OTHER,CLEAR,DRY,DARK LIGHTS ON,TRAFFIC SIGNAL,NONE DETECTED,ALCOHOL PRESENT,A8332BA4-EACB-4534-A1EF-AFFBFE2487BF,PEDESTRIAN,Cross/Enter at Intersection,IN ROADWAY IMPROPERLY,ON ROADWAY AT CROSSWALK,DISOBEYED PED. SIGNAL,DARK CLOTHING,Yes,SUSPECTED MINOR INJURY,NONE,38.99450833,-77.02728667,"(38.99450833, -77.02728667)"
MCP3090000P,180021951,Montgomery County Police,Injury Crash,05/04/2018 05:05:00 PM,County,MONTGOMERY VILLAGE AVE,County,WHETSTONE DR,,N/A,PEDESTRIAN,SINGLE VEHICLE,CLEAR,DRY,DAYLIGHT,STOP SIGN,NONE DETECTED,NONE DETECTED,7587154F-A422-4267-9785-C55171463515,PEDESTRIAN,Cross/Enter at Intersection,NO IMPROPER ACTIONS,ON ROADWAY AT CROSSWALK,NO PED. SIGNAL,DARK CLOTHING,No,POSSIBLE INJURY,N/A,39.171165,-77.20352667,"(39.171165, -77.20352667)"