Report Number,Local Case Number,Agency Name,ACRS Report Type,Crash Date/Time,Route Type,Road Name,Cross-Street Type,Cross-Street Name,Off-Road Description,Municipality,Related Non-Motorist,Collision Type,Weather,Surface Condition,Light,Traffic Control,Driver Substance Abuse,Non-Motorist Substance Abuse,Person ID,Pedestrian Type,Pedestrian Movement,Pedestrian Actions,Pedestrian Location,Pedestrian Obeyed Traffic Signal,Pedestrian Visibility,At Fault,Injury Severity,Safety Equipment,Latitude,Longitude,Location
DD56130001,15024434,Rockville Police Departme,Injury Crash,05/21/2015 03:07:00 PM,Municipality,ROLLINS AVE,Municipality,E JEFFERSON ST,,ROCKVILLE,PEDESTRIAN,STRAIGHT MOVEMENT ANGLE,CLOUDY,WET,DAYLIGHT,TRAFFIC SIGNAL,NONE DETECTED,NONE DETECTED,56B49EAB-114D-4594-96E9-32A468511BA4,PEDESTRIAN,Cross/Enter not at Intersection,IN ROADWAY IMPROPERLY,OUTSIDE RIGHT OF WAY,DISOBEYED PED. SIGNAL,N/A,,SUSPECTED MINOR INJURY,N/A,39.08372833,-77.153265,"(39.08372833, -77.153265)"
MCP29730025,16049321,Montgomery County Police,Injury Crash,09/25/2016 12:27:00 PM,County,FALCON ST,County,CALDWELL ST,,N/A,PEDESTRIAN,N/A,CLEAR,DRY,DAYLIGHT,NO CONTROLS,NONE DETECTED,N/A,7297DF94-800E-4964-AD31-B7E6CC4E80CD,PEDESTRIAN,Playing,DART DASH,ON ROADWAY NOT AT CROSSWALK,NO PED. SIGNAL,MIXED CLOTHING,Yes,POSSIBLE INJURY,NONE,39.06687021,-77.09160894,"(39.06687021, -77.09160894)"
MCP2493000Q,15061008,MONTGOMERY,Injury Crash,11/29/2015 07:54:00 PM,Maryland (State),FREDERICK RD,County,MIDDLEBROOK RD,,N/A,PEDESTRIAN,OTHER,CLEAR,DRY,DARK NO LIGHTS,NO CONTROLS,NONE DETECTED,UNKNOWN,6A65C822-90FF-403A-8C3A-52BA7AECD544,PEDESTRIAN,Cross/Enter not at Intersection,IN ROADWAY IMPROPERLY,ON ROADWAY NOT AT CROSSWALK,NO PED. SIGNAL,DARK CLOTHING,Yes,SUSPECTED SERIOUS INJURY,N/A,39.178895,-77.23851,"(39.178895, -77.23851)"
MCP3099000C,180015076,Montgomery County Police,Injury Crash,03/27/2018 08:45:00 PM,,,,,PARKING LOT IN FRONT OF GIANT FOOD LOCATED AT 20944 FREDERICK RD GERMANTOWN MD 20876,,PEDESTRIAN,OTHER,CLEAR,,OTHER,NO CONTROLS,,NONE DETECTED,F3B88AAE-F3D6-4496-BF36-9901F1BFE23B,PEDESTRIAN,Standing,NO IMPROPER ACTIONS,OTHER,N/A,N/A,No,SUSPECTED MINOR INJURY,N/A,39.20291222,-77.24689543,"(39.20291222, -77.24689543)"
MCP2954002Y,17008657,Montgomery County Police,Injury Crash,02/17/2017 03:12:00 PM,,,,,10801 LOCKWOOD DR IN THE PARKING LOT TO THE REAR NEAR THE ENTRANCE,,PEDESTRIAN,SINGLE VEHICLE,CLEAR,,DAYLIGHT,NO CONTROLS,UNKNOWN,NONE DETECTED,8B95DAC6-2678-4587-A9F8-C0BBD10C7A6C,PEDESTRIAN,Other,N/A,ON ROADWAY AT CROSSWALK,N/A,DARK CLOTHING,No,POSSIBLE INJURY,N/A,39.03250899,-77.00229138,"(39.03250899, -77.00229138)"
MCP28000023,15028015,Montgomery County Police,Injury Crash,06/09/2015 05:45:00 PM,Maryland (State),OLD GEORGETOWN RD,County,ALTA VISTA RD,,N/A,BICYCLIST,OTHER,CLEAR,DRY,DAYLIGHT,NO CONTROLS,UNKNOWN,NONE DETECTED,522C1BD4-65E5-488F-BDDF-A8771DCA07FE,BICYCLIST,Cross/Enter at Intersection,NO IMPROPER ACTIONS,ON ROADWAY AT CROSSWALK,NO PED. SIGNAL,MIXED CLOTHING,,SUSPECTED MINOR INJURY,MC/BIKE HELMET,39.00713667,-77.11219,"(39.00713667, -77.11219)"
MCP93100004,16043509,Montgomery County Police,Property Damage Crash,08/26/2016 08:30:00 PM,County,CONNECTICUT AVE,County,BEL PRE RD,,N/A,PEDESTRIAN,OTHER,CLEAR,DRY,DARK LIGHTS ON,TRAFFIC SIGNAL,NONE DETECTED,NONE DETECTED,C34C652D-50F7-41FA-9A4D-DAA0BF307DC9,PEDESTRIAN,Cross/Enter at Intersection,UNKNOWN,ON ROADWAY AT CROSSWALK,UNKNOWN,MIXED CLOTHING,No,NO APPARENT INJURY,NONE,39.09172833,-77.070555,"(39.09172833, -77.070555)"
MCP2963001Q,180031057,Montgomery County Police,Injury Crash,06/24/2018 12:13:00 AM,US (State),GEORGIA AVE,County,SILVER SPRING AVE,,N/A,PEDESTRIAN,SINGLE VEHICLE,N/A,DRY,DARK LIGHTS ON,TRAFFIC SIGNAL,NONE DETECTED,NONE DETECTED,AE0921DB-C87B-417E-B037-F2862CBF90F1,PEDESTRIAN,Cross/Enter at Intersection,NO IMPROPER ACTIONS,ON ROADWAY AT CROSSWALK,OBEYED PED. SIGNAL,MIXED CLOTHING,No,NO APPARENT INJURY,NONE,38.99150833,-77.02672833,"(38.99150833, -77.02672833)"
MCP21160070,170527771,Montgomery County Police,Injury Crash,08/30/2017 02:11:00 PM,County,SOUTHLAWN LA,County,E GUDE DR,,N/A,PEDESTRIAN,OPPOSITE DIRECTION SIDESWIPE,CLEAR,DRY,DAYLIGHT,PERSON,NONE DETECTED,NONE DETECTED,72FD1ED6-0D3E-421F-BF25-2BF1D1517A36,PEDESTRIAN,Unknown,NO IMPROPER ACTIONS,UNKNOWN,N/A,REFLECTIVE MATERIAL,Yes,POSSIBLE INJURY,REFLECTIVE CLOTHING,39.09872,-77.13647333,"(39.09872, -77.13647333)"
MCP2425008Y,17014637,Montgomery County Police,Injury Crash,03/22/2017 12:41:00 PM,,,,,PARKING LOT OF 25 E WAYNE AVE,,PEDESTRIAN,SINGLE VEHICLE,CLEAR,,DAYLIGHT,NO CONTROLS,NONE DETECTED,NONE DETECTED,3201A54E-8723-4229-A6F5-7E428B8FC881,PEDESTRIAN,Other,OTHER,OTHER,N/A,MIXED CLOTHING,Unknown,SUSPECTED MINOR INJURY,N/A,38.99928667,-77.00916333,"(38.99928667, -77.00916333)"
MCP2777004Z,180062705,Montgomery County Police,Injury Crash,12/15/2018 05:40:00 PM,County,WOODMONT AVE,County,HAMPDEN LA,,N/A,PEDESTRIAN,OTHER,RAINING,WET,DARK LIGHTS ON,TRAFFIC SIGNAL,NONE DETECTED,NONE DETECTED,127ED9F2-9A58-4C6E-BA9D-83C78C196CDE,PEDESTRIAN,Cross/Enter at Intersection,NO IMPROPER ACTIONS,ON ROADWAY AT CROSSWALK,OBEYED PED. SIGNAL,DARK CLOTHING,No,POSSIBLE INJURY,NONE,38.98231333,-77.09590833,"(38.98231333, -77.09590833)"
MCP2422001F,16038233,Montgomery County Police,Injury Crash,07/28/2016 05:42:00 PM,Maryland (State),WOODFIELD RD,County,AIRPARK RD,,N/A,BICYCLIST,OTHER,RAINING,WET,DAYLIGHT,YIELD SIGN,N/A,NONE DETECTED,C9E7C8D3-5EB2-4F34-9AD8-789DBFF3176D,BICYCLIST,Cross/Enter at Intersection,NO IMPROPER ACTIONS,AT INTERSECTION MARKED CROSSWALK,N/A,REFLECTIVE MATERIAL,No,SUSPECTED MINOR INJURY,N/A,39.168425,-77.155045,"(39.168425, -77.155045)"
MCP2767002L,17015632,Montgomery County Police,Injury Crash,03/27/2017 04:54:00 PM,,,,,"ON SIDEWALK NEXT TO 11302 GRANDVIEW AVE., WHEATON MD",,BICYCLIST,STRAIGHT MOVEMENT ANGLE,CLEAR,,DAYLIGHT,NO CONTROLS,NONE DETECTED,NONE DETECTED,D564E588-93E3-476A-AC80-C5D831912787,BICYCLIST,Walking/Cycling on Sidewalk,NO IMPROPER ACTIONS,SIDEWALK,N/A,MIXED CLOTHING,No,POSSIBLE INJURY,NONE,39.04020402,-77.05283895,"(39.04020402, -77.05283895)"
MCP30110021,170550221,Montgomery County Police,Injury Crash,12/22/2017 05:49:00 PM,Maryland (State),OLD GEORGETOWN RD,County,BEECH AVE,,N/A,PEDESTRIAN,SINGLE VEHICLE,RAINING,WET,DARK LIGHTS ON,TRAFFIC SIGNAL,NONE DETECTED,NONE DETECTED,E847391A-5087-485E-BE33-1D227D6CB979,PEDESTRIAN,Cross/Enter at Intersection,FAILURE TO OBEY TRAFFIC SIGNS SIGNALS OR OFFICER,ON ROADWAY AT CROSSWALK,DISOBEYED PED. SIGNAL,MIXED CLOTHING,Yes,SUSPECTED MINOR INJURY,NONE,39.00971833,-77.11476667,"(39.00971833, -77.11476667)"
MCP2951002B,170516494,Montgomery County Police,Injury Crash,06/29/2017 07:20:00 PM,Maryland (State),GEORGIA AVE,Unknown,LOTTE PLAZA,,N/A,BICYCLIST,SINGLE VEHICLE,CLEAR,DRY,DAYLIGHT,STOP SIGN,NONE DETECTED,NONE DETECTED,D423F8B6-EADD-45F2-8C5F-8D7266F96947,BICYCLIST,Walking/Cycling on Sidewalk,NO IMPROPER ACTIONS,CURB,N/A,MIXED CLOTHING,No,POSSIBLE INJURY,NONE,39.07996167,-77.07373383,"(39.07996167, -77.07373383)"
MCP13780084,15051294,MONTGOMERY,Injury Crash,10/09/2015 05:47:00 PM,Maryland (State),FREDERICK RD,Municipality,CHRISTOPHER AVE,,GAITHERSBURG,BICYCLIST,SINGLE VEHICLE,CLOUDY,DRY,DAYLIGHT,NO CONTROLS,NONE DETECTED,NONE DETECTED,1252C8A6-4CD9-4A27-9A7B-E8927B23BDEC,BICYCLIST,Walking/Cycling on Sidewalk,WRONG WAY RIDING OR WALKING,ON ROADWAY NOT AT CROSSWALK,NO PED. SIGNAL,MIXED CLOTHING,Yes,SUSPECTED MINOR INJURY,NONE,39.15746722,-77.21754134,"(39.15746722, -77.21754134)"
MCP3021003Y,190002414,Montgomery County Police,Injury Crash,01/16/2019 06:20:00 AM,Maryland (State),NEW HAMPSHIRE AVE,County,VENICE DR,,N/A,PEDESTRIAN,SINGLE VEHICLE,CLEAR,DRY,DARK LIGHTS ON,TRAFFIC SIGNAL,NONE DETECTED,NONE DETECTED,50D37285-9A55-4B86-89EA-124F38F85ACD,PEDESTRIAN,Cross/Enter at Intersection,FAILURE TO OBEY TRAFFIC SIGNS SIGNALS OR OFFICER,ON ROADWAY AT CROSSWALK,DISOBEYED PED. SIGNAL,MIXED CLOTHING,Yes,SUSPECTED MINOR INJURY,NONE,39.061495,-76.998745,"(39.061495, -76.998745)"
MCP2348002Z,170529727,Montgomery County Police,Injury Crash,09/10/2017 02:46:00 PM,,,,,PARKING LOT OF 2201 RANDOLPH RD,,PEDESTRIAN,SINGLE VEHICLE,CLEAR,,DAYLIGHT,NO CONTROLS,NONE DETECTED,NONE DETECTED,80B97B78-5A47-49EE-8DBF-D46FFA064ABF,PEDESTRIAN,Other,NO IMPROPER ACTIONS,OTHER,NO PED. SIGNAL,MIXED CLOTHING,No,SUSPECTED MINOR INJURY,N/A,39.05990167,-77.04767167,"(39.05990167, -77.04767167)"
MCP2962002Y,180050267,Montgomery County Police,Injury Crash,10/08/2018 10:17:00 AM,,,,,INTERSECTION OF CHATTERLY WAY AND CHATTERLY CT.,,PEDESTRIAN,OTHER,CLOUDY,,DAYLIGHT,N/A,UNKNOWN,NONE DETECTED,9F70A6C6-FBE8-4545-9005-60CA87542C6C,PEDESTRIAN,Getting off/on Vehicle,NO IMPROPER ACTIONS,OTHER,N/A,LIGHT CLOTHING,No,POSSIBLE INJURY,N/A,39.15249377,-77.28965524,"(39.15249377, -77.28965524)"
MCP2831001B,16037694,Montgomery County Police,Injury Crash,07/25/2016 02:10:00 PM,County,RICKENBACKER DR,Maryland (State),WOODFIELD RD,,N/A,PEDESTRIAN,N/A,CLEAR,DRY,DAYLIGHT,TRAFFIC SIGNAL,UNKNOWN,N/A,F056BD6E-90E2-44E9-AB6A-5D02F47444F3,PEDESTRIAN,Cross/Enter at Intersection,NO IMPROPER ACTIONS,ON ROADWAY AT CROSSWALK,OBEYED PED. SIGNAL,LIGHT CLOTHING,No,SUSPECTED MINOR INJURY,NONE,39.17230934,-77.15269089,"(39.17230934, -77.15269089)"
MCP9130003S,170523644,Montgomery County Police,Injury Crash,08/08/2017 01:27:00 PM,Maryland (State),PINEY BRANCH RD,Maryland (State),UNIVERSITY BLVD E,,N/A,PEDESTRIAN,SINGLE VEHICLE,CLEAR,DRY,DAYLIGHT,TRAFFIC SIGNAL,NONE DETECTED,ALCOHOL CONTRIBUTED,232053AC-D1AB-4494-9FCE-785A29B1458F,PEDESTRIAN,Cross/Enter at Intersection,DART DASH,ON ROADWAY AT CROSSWALK,UNKNOWN,DARK CLOTHING,Yes,SUSPECTED MINOR INJURY,NONE,38.99965066,-76.99515939,"(38.99965066, -76.99515939)"
MCP2800001W,15013639,Montgomery County Police,Injury Crash,03/24/2015 05:15:00 PM,Maryland (State),OLD GEORGETOWN RD,County,LONE OAK DR,,N/A,PEDESTRIAN,OTHER,CLEAR,DRY,DAYLIGHT,TRAFFIC SIGNAL,UNKNOWN,NONE DETECTED,15E82374-5782-4ED3-8534-F85C1186A9F8,PEDESTRIAN,Cross/Enter at Intersection,NO IMPROPER ACTIONS,ON ROADWAY AT CROSSWALK,OBEYED PED. SIGNAL,MIXED CLOTHING,,POSSIBLE INJURY,N/A,39.02067667,-77.122255,"(39.02067667, -77.122255)"
MCP9318000N,180039836,Montgomery County Police,Property Damage Crash,08/10/2018 08:45:00 PM,,,,,"VEH CRASH INTO 3952 ANGELTON CT, BURTONSVILLE MD",,OTHER,SINGLE VEHICLE,CLEAR,,DARK LIGHTS ON,N/A,NONE DETECTED,NONE DETECTED,152CEA60-DC49-4E53-A996-A84107E8899E,OTHER,N/A,N/A,OTHER,N/A,N/A,No,NO APPARENT INJURY,N/A,39.08890333,-76.93335,"(39.08890333, -76.93335)"
MCP2971003X,180025399,Montgomery County Police,Injury Crash,05/23/2018 10:24:00 PM,County,BRIGGS CHANEY RD,County,ASTON MANOR DR,,N/A,BICYCLIST,SAME DIR REAR END,CLEAR,DRY,DARK LIGHTS ON,N/A,ALCOHOL PRESENT,NONE DETECTED,689D924C-B5CD-4F15-AEA4-22919CB5D5C4,BICYCLIST,Walking/Riding w/Traffic,NO IMPROPER ACTIONS,ON ROADWAY NOT AT CROSSWALK,N/A,DARK CLOTHING,No,SUSPECTED SERIOUS INJURY,NONE,39.07495167,-76.940635,"(39.07495167, -76.940635)"
MCP3131000N,180054048,Montgomery County Police,Injury Crash,10/28/2018 07:16:00 PM,County,WESTLAKE DR,Other Public Roadway,LAKEVIEW DR,,N/A,PEDESTRIAN,SINGLE VEHICLE,RAINING,WET,DARK LIGHTS ON,OTHER,NONE DETECTED,NONE DETECTED,9F310458-E964-4D68-A567-7182CC26AF92,PEDESTRIAN,Cross/Enter at Intersection,NO IMPROPER ACTIONS,ON ROADWAY AT CROSSWALK,OBEYED PED. SIGNAL,DARK CLOTHING,No,SUSPECTED SERIOUS INJURY,NONE,39.026475,-77.14827333,"(39.026475, -77.14827333)"
EJ78260041,190005219,Gaithersburg Police Depar,Injury Crash,02/02/2019 08:46:00 AM,Municipality,SIOUX LA,Municipality,BAYRIDGE DR,,GAITHERSBURG,PEDESTRIAN,OTHER,CLEAR,WET,DAYLIGHT,N/A,N/A,N/A,31980DA3-0C23-49C7-BB5A-DC7DCAC20C41,PEDESTRIAN,Cross/Enter at Intersection,NO IMPROPER ACTIONS,AT INTERSECTION BUT NO CROSSWALK,NO PED. SIGNAL,DARK CLOTHING,No,POSSIBLE INJURY,NONE,39.13107333,-77.23439667,"(39.13107333, -77.23439667)"
DD5595001T,15051821,ROCKVILLE,Injury Crash,10/12/2015 08:55:00 PM,Maryland (State),FREDERICK RD,Municipality,KING FARM BLVD,,ROCKVILLE,PEDESTRIAN,OTHER,CLEAR,DRY,DARK LIGHTS ON,TRAFFIC SIGNAL,NONE DETECTED,UNKNOWN,68D9FCF7-05F4-4139-BE3C-68901E63958E,PEDESTRIAN,Cross/Enter not at Intersection,DART DASH,ON ROADWAY NOT AT CROSSWALK,DISOBEYED PED. SIGNAL,MIXED CLOTHING,Yes,POSSIBLE INJURY,N/A,39.11727569,-77.16902018,"(39.11727569, -77.16902018)"
MCP2966001M,16007142,Montgomery County Police,Injury Crash,02/11/2016 06:21:00 PM,County,RANDOLPH RD,County,JUDSON RD,,N/A,BICYCLIST,SINGLE VEHICLE,N/A,DRY,DARK LIGHTS ON,STOP SIGN,NONE DETECTED,NONE DETECTED,0D107868-FE02-4CDC-9AE2-AC30322DDB6D,BICYCLIST,Cross/Enter at Intersection,N/A,SIDEWALK,NO PED. SIGNAL,DARK CLOTHING,No,SUSPECTED MINOR INJURY,NONE,39.05746333,-77.05223,"(39.05746333, -77.05223)"
MCP2353004H,170539725,Montgomery County Police,Property Damage Crash,10/30/2017 06:43:00 AM,County,EDGEMOOR LA,County,WOODMONT AVE,,N/A,BICYCLIST,SINGLE VEHICLE,CLOUDY,DRY,DARK LIGHTS ON,TRAFFIC SIGNAL,NONE DETECTED,NONE DETECTED,E3715729-95B2-4DE5-A119-26EAED05703B,BICYCLIST,Cross/Enter at Intersection,NO IMPROPER ACTIONS,ON ROADWAY AT CROSSWALK,PED. SIGNAL MALFUNCTION,HEAD LIGHT AND REFLECTORS,No,NO APPARENT INJURY,MC/BIKE HELMET,38.98479302,-77.09673062,"(38.98479302, -77.09673062)"
MCP26010009,15056452,MONTGOMERY,Injury Crash,11/05/2015 08:48:00 PM,Maryland (State),EAST WEST HWY,Unknown,ENT TO SHOPPING CENTER,,N/A,PEDESTRIAN,OTHER,FOGGY,WET,DARK LIGHTS ON,TRAFFIC SIGNAL,N/A,NONE DETECTED,45C1F4C9-29EA-45C1-91B9-0ADB27248E10,PEDESTRIAN,Cross/Enter at Intersection,FAILURE TO OBEY TRAFFIC SIGNS SIGNALS OR OFFICER,ON ROADWAY AT CROSSWALK,DISOBEYED PED. SIGNAL,DARK CLOTHING,Yes,SUSPECTED MINOR INJURY,N/A,38.99282158,-77.03160524,"(38.99282158, -77.03160524)"
MCP13660047,16005363,Montgomery County Police,Injury Crash,02/02/2016 06:00:00 AM,County,E GUDE DR,Unknown,CALHOUN DR,,N/A,PEDESTRIAN,SINGLE VEHICLE,OTHER,WET,DARK LIGHTS ON,FLASHING TRAFFIC SIGNAL,UNKNOWN,UNKNOWN,D030AB20-3EE9-4B99-A72E-A447B33A65CF,PEDESTRIAN,Unknown,UNKNOWN,UNKNOWN,N/A,DARK CLOTHING,Unknown,SUSPECTED SERIOUS INJURY,NONE,39.10575012,-77.14524508,"(39.10575012, -77.14524508)"
MCP2961000P,15051482,MONTGOMERY,Injury Crash,10/10/2015 05:53:00 PM,,,,,Lower parking garage located at 11160 Veirs Mill Road (in front of Ruby Tusdays),,PEDESTRIAN,OTHER,CLEAR,,DAYLIGHT,NO CONTROLS,NONE DETECTED,NONE DETECTED,892E886E-3ABB-4B77-9F64-A8EE3FB58125,PEDESTRIAN,Walking/Riding w/Traffic,UNKNOWN,N/A,N/A,MIXED CLOTHING,Unknown,SUSPECTED MINOR INJURY,NONE,39.03732799,-77.0552516,"(39.03732799, -77.0552516)"
MCP20080038,17005817,Montgomery County Police,Injury Crash,02/02/2017 04:38:00 PM,County,SEVEN LOCKS RD,County,CHARRED OAK DR,,N/A,PEDESTRIAN,OTHER,CLEAR,DRY,DAYLIGHT,NO CONTROLS,NONE DETECTED,NONE DETECTED,54A22FE4-1C96-4553-A34A-C9F03930CCE3,PEDESTRIAN,Cross/Enter at Intersection,DART DASH,AT INTERSECTION BUT NO CROSSWALK,NO PED. SIGNAL,MIXED CLOTHING,Yes,SUSPECTED MINOR INJURY,NONE,39.00313167,-77.15984333,"(39.00313167, -77.15984333)"
MCP1379003Y,15021552,Montgomery County Police,Injury Crash,05/06/2015 02:15:00 PM,County,EXECUTIVE BLVD,Maryland (State),OLD GEORGETOWN RD,,N/A,PEDESTRIAN,OTHER,CLEAR,DRY,DAYLIGHT,NO CONTROLS,NONE DETECTED,NONE DETECTED,04158147-305A-49D3-9D0E-5C671AA610F9,PEDESTRIAN,Other Working,NO IMPROPER ACTIONS,ON ROADWAY NOT AT CROSSWALK,N/A,MIXED CLOTHING,,SUSPECTED SERIOUS INJURY,UNKNOWN,39.04871833,-77.123845,"(39.04871833, -77.123845)"
MCP2934001B,16003635,Montgomery County Police,Injury Crash,01/20/2016 02:41:00 PM,,,,,"PARKING LOT IN FRONT OF THE GLEN ECHO PHARMACY LOCATED AT 7309 MACARTHUR BLVD. BETHESDA, MD 20816",,PEDESTRIAN,OTHER,CLOUDY,,DAYLIGHT,NO CONTROLS,NONE DETECTED,NONE DETECTED,F985BF29-BA16-4694-A84E-B12F78FC962C,PEDESTRIAN,Standing,N/A,OTHER,NO PED. SIGNAL,DARK CLOTHING,No,POSSIBLE INJURY,N/A,38.9693442,-77.13890433,"(38.9693442, -77.13890433)"
MCP23570016,15045896,MONTGOMERY,Injury Crash,09/11/2015 09:14:00 AM,,,,,PARKING LOT OF 9331 GEORGIA AVE,,PEDESTRIAN,SINGLE VEHICLE,CLEAR,,DAYLIGHT,N/A,N/A,N/A,EC70655A-C0AE-41DA-AB7D-A5C707325801,PEDESTRIAN,Other,UNKNOWN,OTHER,N/A,MIXED CLOTHING,Unknown,SUSPECTED MINOR INJURY,N/A,39.00839,-77.03974167,"(39.00839, -77.03974167)"
MCP31190010,180048683,Montgomery County Police,Injury Crash,09/29/2018 12:49:00 PM,County,CROSS COUNTRY LA,County,STRAWBERRY KNOLL RD,,N/A,PEDESTRIAN,SINGLE VEHICLE,CLEAR,DRY,DAYLIGHT,NO CONTROLS,NONE DETECTED,NONE DETECTED,CFE9B1CB-5E05-4237-A76D-5077D3D7D3B7,PEDESTRIAN,Other,IN ROADWAY IMPROPERLY,ON ROADWAY NOT AT CROSSWALK,N/A,DARK CLOTHING,Yes,SUSPECTED MINOR INJURY,NONE,39.1623846,-77.18265876,"(39.1623846, -77.18265876)"
MCP2788000Z,16049262,Montgomery County Police,Injury Crash,09/25/2016 02:51:00 AM,Maryland (State),GEORGIA AVE,County,PRICE AVE,,N/A,PEDESTRIAN,SINGLE VEHICLE,CLEAR,DRY,DARK LIGHTS ON,WARNING SIGN,NONE DETECTED,ALCOHOL PRESENT,78AE1651-C2A8-484A-8BED-2A2C761F83CE,PEDESTRIAN,Cross/Enter at Intersection,INATTENTIVE,ON ROADWAY AT CROSSWALK,NO PED. SIGNAL,DARK CLOTHING,No,POSSIBLE INJURY,N/A,39.03997,-77.05110667,"(39.03997, -77.05110667)"
MCP94240022,190004073,Montgomery County Police,Injury Crash,01/26/2019 12:40:00 AM,,,,,PARKING LOT OF 9801 BETHESDA CHURCH ROAD,,PEDESTRIAN,SINGLE VEHICLE,CLEAR,,DARK LIGHTS ON,N/A,NONE DETECTED,NONE DETECTED,DB1295CF-1299-4DD4-88C6-65D9CF01B7DD,PEDESTRIAN,Unknown,N/A,OTHER,NO PED. SIGNAL,DARK CLOTHING,Unknown,SUSPECTED MINOR INJURY,NONE,39.28356667,-77.20274667,"(39.28356667, -77.20274667)"
MCP3138000F,180050688,Montgomery County Police,Injury Crash,10/04/2018 05:00:00 PM,,,,,MACY'S PARKING LOT @ WHEATON PLAZA,,PEDESTRIAN,OTHER,UNKNOWN,,UNKNOWN,N/A,UNKNOWN,UNKNOWN,9819D366-266D-426C-8B54-227D1B8AD523,PEDESTRIAN,Other,NO IMPROPER ACTIONS,OTHER,N/A,UNKNOWN,No,POSSIBLE INJURY,UNKNOWN,39.03756997,-77.05633537,"(39.03756997, -77.05633537)"
MCP9301000S,15066413,Montgomery County Police,Injury Crash,12/27/2015 01:11:00 PM,Municipality,BOOTH ST,Municipality,MIDTOWN RD,,GAITHERSBURG,PEDESTRIAN,SINGLE VEHICLE,N/A,N/A,DAYLIGHT,STOP SIGN,NONE DETECTED,NONE DETECTED,014563E6-4450-4FF0-A855-1B157E536DFB,PEDESTRIAN,Cross/Enter at Intersection,UNKNOWN,AT INTERSECTION MARKED CROSSWALK,NO PED. SIGNAL,LIGHT CLOTHING,Unknown,SUSPECTED MINOR INJURY,NONE,39.15428833,-77.21278,"(39.15428833, -77.21278)"
MCP2351002Y,190021686,Montgomery County Police,Injury Crash,05/08/2019 10:31:00 AM,County,ESWORTHY RD,County,QUERY MILL RD,,N/A,BICYCLIST,OTHER,CLOUDY,DRY,DAYLIGHT,NO CONTROLS,NONE DETECTED,UNKNOWN,7B365C03-C613-4233-86F7-49C4B45D43F9,BICYCLIST,Walking/Riding w/Traffic,UNKNOWN,UNKNOWN,N/A,UNKNOWN,Unknown,SUSPECTED SERIOUS INJURY,MC/BIKE HELMET,39.07374667,-77.28665333,"(39.07374667, -77.28665333)"
MCP2968001Z,180007389,Montgomery County Police,Injury Crash,02/12/2018 05:21:00 PM,County,STONEBRIDGE VIEW DR,County,QUIETWOOD DR,,N/A,PEDESTRIAN,SINGLE VEHICLE,CLEAR,DRY,DAYLIGHT,NO CONTROLS,N/A,N/A,ECAF65C6-93AC-4DED-94E8-5371C9483137,PEDESTRIAN,Cross/Enter at Intersection,NO IMPROPER ACTIONS,ON ROADWAY AT CROSSWALK,NO PED. SIGNAL,MIXED CLOTHING,No,SUSPECTED MINOR INJURY,N/A,39.091215,-77.21548833,"(39.091215, -77.21548833)"
MCP1022009Q,180042151,Montgomery County Police,Injury Crash,08/24/2018 08:43:00 AM,County,WANEGARDEN DR,County,WISTERIA DR,,N/A,BICYCLIST,SINGLE VEHICLE,CLEAR,DRY,DAYLIGHT,STOP SIGN,NONE DETECTED,NONE DETECTED,24B81EAA-0874-4A36-95CC-D71BD10DF8C5,BICYCLIST,Walking/Riding w/Traffic,NO IMPROPER ACTIONS,ON ROADWAY NOT AT CROSSWALK,N/A,LIGHT CLOTHING,No,SUSPECTED MINOR INJURY,NONE,39.18197833,-77.28993667,"(39.18197833, -77.28993667)"
DD5611005T,190012007,Rockville Police Departme,Injury Crash,03/15/2019 03:27:00 PM,Municipality,WOOTTON PKWY,Maryland (State),ROCKVILLE PIKE,,N/A,PEDESTRIAN,SINGLE VEHICLE,CLEAR,DRY,DAYLIGHT,NO CONTROLS,NONE DETECTED,NONE DETECTED,44FC3DEC-67AD-49A3-A93E-D77D7A6B1E5B,PEDESTRIAN,Cross/Enter at Intersection,OTHER,ON ROADWAY NOT AT CROSSWALK,NO PED. SIGNAL,DARK CLOTHING,Yes,SUSPECTED MINOR INJURY,NONE,39.07621498,-77.14015397,"(39.07621498, -77.14015397)"
MCP2516001Z,180034952,Montgomery County Police,Injury Crash,07/14/2018 10:30:00 AM,County,FIELDS RD,Municipality,WASHINGTONIAN BLVD,,GAITHERSBURG,BICYCLIST,OTHER,CLEAR,DRY,DAYLIGHT,TRAFFIC SIGNAL,N/A,N/A,8C6C8049-76C6-4854-8D59-A73285835D0E,BICYCLIST,Cross/Enter at Intersection,N/A,ON ROADWAY AT CROSSWALK,OBEYED PED. SIGNAL,LIGHT CLOTHING,No,SUSPECTED MINOR INJURY,NONE,39.11168588,-77.19284892,"(39.11168588, -77.19284892)"