Report Number,Local Case Number,Agency Name,ACRS Report Type,Crash Date/Time,Route Type,Road Name,Cross-Street Type,Cross-Street Name,Off-Road Description,Municipality,Related Non-Motorist,Collision Type,Weather,Surface Condition,Light,Traffic Control,Driver Substance Abuse,Non-Motorist Substance Abuse,Person ID,Pedestrian Type,Pedestrian Movement,Pedestrian Actions,Pedestrian Location,Pedestrian Obeyed Traffic Signal,Pedestrian Visibility,At Fault,Injury Severity,Safety Equipment,Latitude,Longitude,Location
MCP271700N6,190017812,Montgomery County Police,Injury Crash,04/16/2019 03:25:00 PM,,,,,4823 RUGBY AVENUE (MCP BETHESDA DISTRICT STATION),,OTHER,OTHER,CLEAR,,DAYLIGHT,NO CONTROLS,NONE DETECTED,NONE DETECTED,14D633F9-5491-4AB8-9E2C-19A1FC8A113C,OTHER,Other,OTHER,SIDEWALK,NO PED. SIGNAL,MIXED CLOTHING,No,SUSPECTED MINOR INJURY,NONE,38.9910735,-77.09770717,"(38.9910735, -77.09770717)"
MCP1220004H,16059430,Montgomery County Police,Injury Crash,11/18/2016 02:33:00 PM,,,,,"9500 GEORGIA AVE (DRIVEWAY)
SILVER SPRING, MD 20910",,PEDESTRIAN,SINGLE VEHICLE,CLEAR,,DAYLIGHT,N/A,,NONE DETECTED,5938C8FF-57B6-470C-8C09-6D81EA018D01,PEDESTRIAN,Standing,NO IMPROPER ACTIONS,OTHER,N/A,LIGHT CLOTHING,No,POSSIBLE INJURY,NONE,39.01030833,-77.04112167,"(39.01030833, -77.04112167)"
MCP9130002M,16041699,Montgomery County Police,Injury Crash,08/17/2016 08:39:00 AM,County,FOREST GLEN RD,Government,SLIGO CREEK PKWY,,N/A,BICYCLIST,SINGLE VEHICLE,CLEAR,DRY,DAYLIGHT,TRAFFIC SIGNAL,NONE DETECTED,NONE DETECTED,6DC14489-E1F4-4DEC-9B42-6A6A0452CBB4,BICYCLIST,Cross/Enter at Intersection,NO IMPROPER ACTIONS,ON ROADWAY AT CROSSWALK,NO PED. SIGNAL,MIXED CLOTHING,No,SUSPECTED MINOR INJURY,NONE,39.01609333,-77.032545,"(39.01609333, -77.032545)"
DD5611000W,16000618,Rockville Police Departme,Injury Crash,01/04/2016 05:36:00 PM,Municipality,N WASHINGTON ST,Municipality,MARTINS LA,,ROCKVILLE,PEDESTRIAN,SINGLE VEHICLE,CLEAR,DRY,DARK LIGHTS ON,TRAFFIC SIGNAL,NONE DETECTED,UNKNOWN,A99096BC-2EC4-42DE-BC5C-84F3F75C07E4,PEDESTRIAN,Cross/Enter at Intersection,DART DASH,ON ROADWAY NOT AT CROSSWALK,NO PED. SIGNAL,DARK CLOTHING,Yes,POSSIBLE INJURY,NONE,39.09080965,-77.15365648,"(39.09080965, -77.15365648)"
MCP27480016,190018590,Montgomery County Police,Injury Crash,04/20/2019 09:52:00 PM,Maryland (State),OLD GEORGETOWN RD,Maryland (State),ROCKVILLE PIKE,,N/A,PEDESTRIAN,SINGLE VEHICLE,CLEAR,N/A,DARK LIGHTS ON,N/A,N/A,NONE DETECTED,1B3F0161-4558-4290-8F09-989002CACA9C,PEDESTRIAN,Cross/Enter not at Intersection,IN ROADWAY IMPROPERLY,ON ROADWAY NOT AT CROSSWALK,N/A,DARK CLOTHING,Yes,SUSPECTED SERIOUS INJURY,N/A,39.04508167,-77.1204155,"(39.04508167, -77.1204155)"
MCP2290000J,17012018,Montgomery County Police,Injury Crash,03/07/2017 02:05:00 PM,County,CRABBS BRANCH WAY,County,INDIANOLA DR,,N/A,PEDESTRIAN,SINGLE VEHICLE,CLEAR,DRY,DAYLIGHT,TRAFFIC SIGNAL,NONE DETECTED,NONE DETECTED,54677785-90AA-4647-8F2A-C237DA8DA9B3,PEDESTRIAN,Cross/Enter at Intersection,NO IMPROPER ACTIONS,ON ROADWAY AT CROSSWALK,OBEYED PED. SIGNAL,MIXED CLOTHING,No,POSSIBLE INJURY,NONE,39.11474513,-77.15701059,"(39.11474513, -77.15701059)"
MCP13050010,16045730,Montgomery County Police,Property Damage Crash,09/07/2016 09:18:00 AM,,,,,PRIVATE PROPERTY OF 17807 BOWIE MILL RD,,OTHER,SINGLE VEHICLE,N/A,,DAYLIGHT,NO CONTROLS,NONE DETECTED,N/A,DFD60ED1-F305-4490-ACB7-3CC3E630D6C5,OTHER,N/A,NO IMPROPER ACTIONS,INSIDE BUILDING,N/A,N/A,No,NO APPARENT INJURY,N/A,39.1485255,-77.11275816,"(39.1485255, -77.11275816)"
MCP1220006C,180005659,Montgomery County Police,Injury Crash,02/02/2018 09:00:00 AM,County,CARROLL LA,County,SILVER SPRING AVE,,N/A,PEDESTRIAN,SINGLE VEHICLE,CLEAR,DRY,DAYLIGHT,N/A,NONE DETECTED,NONE DETECTED,538333A6-FA5D-4374-9AD9-B1EFFC964C1B,PEDESTRIAN,Cross/Enter at Intersection,NO IMPROPER ACTIONS,AT INTERSECTION BUT NO CROSSWALK,NO PED. SIGNAL,LIGHT CLOTHING,No,POSSIBLE INJURY,N/A,38.99186833,-77.01642,"(38.99186833, -77.01642)"
MCP28820023,170525535,Montgomery County Police,Injury Crash,08/18/2017 02:55:00 PM,,,,,PARKING LOT IN FRONT OF 19552 CRYSTAL ROCK DRIVE,,BICYCLIST,SINGLE VEHICLE,CLEAR,,DAYLIGHT,N/A,NONE DETECTED,NONE DETECTED,30CB36A0-91F0-4487-950C-4A059417B60C,BICYCLIST,Playing,INATTENTIVE,OTHER,N/A,MIXED CLOTHING,Yes,SUSPECTED MINOR INJURY,NONE,39.17810167,-77.26309833,"(39.17810167, -77.26309833)"
MCP2930001G,190016985,Montgomery County Police,Injury Crash,04/11/2019 10:49:00 PM,County,GLENALLAN AVE,County,RANDOLPH RD,,N/A,PEDESTRIAN,OTHER,CLEAR,DRY,DARK NO LIGHTS,TRAFFIC SIGNAL,NONE DETECTED,NONE DETECTED,35D8AE52-F1D9-4D0D-8241-D3DCEEEE0520,PEDESTRIAN,Cross/Enter at Intersection,UNKNOWN,ON ROADWAY AT CROSSWALK,OBEYED PED. SIGNAL,MIXED CLOTHING,No,SUSPECTED SERIOUS INJURY,N/A,39.06075333,-77.04502833,"(39.06075333, -77.04502833)"
MCP15190041,220036336,Montgomery County Police,Injury Crash,08/23/2022 08:47:00 AM,Maryland (State),GREAT SENECA HWY,County,MATENY RD,,N/A,BICYCLIST,SINGLE VEHICLE,CLEAR,DRY,DAYLIGHT,TRAFFIC SIGNAL,NONE DETECTED,NONE DETECTED,513257FD-2883-4CC5-B82F-A7393676CAD0,BICYCLIST,Cross/Enter at Intersection,NO IMPROPER ACTIONS,ON ROADWAY AT CROSSWALK,OBEYED PED. SIGNAL,MIXED CLOTHING,No,SUSPECTED MINOR INJURY,MC/BIKE HELMET,39.14615,-77.27454,"(39.14615, -77.27454)"
MCP3256001H,220037565,Montgomery County Police,Injury Crash,08/30/2022 04:04:00 PM,County,FALLING CREEK RD,County,OLD COLUMBIA PIKE,,N/A,BICYCLIST,SAME DIR REAR END,RAINING,WET,DAYLIGHT,NO CONTROLS,UNKNOWN,NONE DETECTED,FD415982-639E-4431-9CD1-02287F73CB3E,BICYCLIST,Walking/Riding w/Traffic,NO IMPROPER ACTIONS,AT INTERSECTION BUT NO CROSSWALK,NO PED. SIGNAL,MIXED CLOTHING,No,SUSPECTED MINOR INJURY,NONE,39.045525,-76.99053333,"(39.045525, -76.99053333)"
MCP3134003N,220036963,Montgomery County Police,Injury Crash,08/26/2022 07:48:00 PM,Maryland (State),UNIVERSITY BLVD E,County,E WAYNE AVE,,N/A,BICYCLIST,OTHER,CLEAR,DRY,DUSK,TRAFFIC SIGNAL,N/A,N/A,CAD59D50-BD84-404C-BD7D-2E5870A2F312,BICYCLIST,Cross/Enter at Intersection,NO IMPROPER ACTIONS,ON ROADWAY AT CROSSWALK,UNKNOWN,UNKNOWN,No,POSSIBLE INJURY,NONE,39.006144,-76.997678,"(39.006144, -76.997678)"
MCP2456006P,220033646,Montgomery County Police,Injury Crash,08/05/2022 01:45:00 PM,County,GLENVIEW AVE,County,DOMER AVE,,N/A,PEDESTRIAN,OTHER,CLEAR,DRY,DAYLIGHT,STOP SIGN,NONE DETECTED,NONE DETECTED,8C8DB942-0E25-46F6-A6EC-C34259A416DC,PEDESTRIAN,Cross/Enter at Intersection,UNKNOWN,AT INTERSECTION BUT NO CROSSWALK,NO PED. SIGNAL,MIXED CLOTHING,No,SUSPECTED MINOR INJURY,N/A,38.99680667,-77.00039,"(38.99680667, -77.00039)"
MCP3272001L,220037313,Montgomery County Police,Injury Crash,08/29/2022 10:30:00 AM,County,CRESTHAVEN DR,County,ROYAL RD,,N/A,PEDESTRIAN,HEAD ON,CLEAR,DRY,DAYLIGHT,NO CONTROLS,NONE DETECTED,NONE DETECTED,D0751F5A-7C8C-4B5D-A76D-991ED8084E19,PEDESTRIAN,Other Working,NO IMPROPER ACTIONS,OTHER,OTHER,MIXED CLOTHING,No,SUSPECTED MINOR INJURY,NONE,39.0275,-76.98692,"(39.0275, -76.98692)"
EJ7844001B,220037076,Gaithersburg Police Depar,Property Damage Crash,08/27/2022 03:40:00 PM,County,MUDDY BRANCH RD,Municipality,SCHOOL DR,,GAITHERSBURG,BICYCLIST,STRAIGHT MOVEMENT ANGLE,CLEAR,DRY,DAYLIGHT,N/A,NONE DETECTED,NONE DETECTED,E23E0C2B-D9C9-4365-BB38-D72923A44820,BICYCLIST,Walking/Cycling on Sidewalk,FAILURE TO YIELD RIGHT OF WAY,SIDEWALK,NO PED. SIGNAL,LIGHT CLOTHING,Yes,NO APPARENT INJURY,NONE,39.120622,-77.216776,"(39.120622, -77.216776)"
MCP209400K9,220037173,Montgomery County Police,Injury Crash,08/28/2022 09:17:00 AM,County,OAKLYN DR,County,POTOMAC STATION LA,,N/A,BICYCLIST,HEAD ON LEFT TURN,CLEAR,DRY,DAYLIGHT,NO CONTROLS,NONE DETECTED,NONE DETECTED,C52C2D0D-7F2A-4C69-86E3-D4F763FE187F,BICYCLIST,Walking/Riding w/Traffic,NO IMPROPER ACTIONS,ON ROADWAY NOT AT CROSSWALK,N/A,MIXED CLOTHING,No,SUSPECTED SERIOUS INJURY,MC/BIKE HELMET,39.00102,-77.21083,"(39.00102, -77.21083)"
EJ7876004W,220036918,Gaithersburg Police Depar,Injury Crash,08/27/2022 03:30:00 PM,Municipality,BUREAU DR,Unknown,CROSSOVER,,N/A,OTHER PEDALCYCLIST,OTHER,CLEAR,DRY,DAYLIGHT,STOP SIGN,NONE DETECTED,NONE DETECTED,B9C6594B-71AD-4CC5-905B-0A95F7367D1D,OTHER PEDALCYCLIST,Cross/Enter at Intersection,NO IMPROPER ACTIONS,ON ROADWAY AT CROSSWALK,NO PED. SIGNAL,MIXED CLOTHING,No,SUSPECTED MINOR INJURY,MC/BIKE HELMET,39.14314953,-77.21732241,"(39.14314953, -77.21732241)"
MCP2001001S,220027189,Montgomery County Police,Fatal Crash,06/24/2022 04:30:00 AM,Maryland (State),GEORGIA AVE,County,ROSSMOOR BLVD,,N/A,PEDESTRIAN,SINGLE VEHICLE,CLEAR,DRY,DARK NO LIGHTS,NO CONTROLS,NONE DETECTED,N/A,47FBE4D0-CEC8-4C4C-900A-7D45E68A1A18,PEDESTRIAN,Cross/Enter not at Intersection,IN ROADWAY IMPROPERLY,ON ROADWAY NOT AT CROSSWALK,NO PED. SIGNAL,DARK CLOTHING,Yes,FATAL INJURY,N/A,39.09968167,-77.07761667,"(39.09968167, -77.07761667)"
MCP30260080,220037494,Montgomery County Police,Property Damage Crash,08/30/2022 09:21:00 AM,Maryland (State),EAST WEST HWY,Maryland (State),16TH ST,,N/A,OTHER,SINGLE VEHICLE,CLEAR,DRY,DAYLIGHT,TRAFFIC SIGNAL,NONE DETECTED,NONE DETECTED,B735FD92-39E3-4C60-BD06-0077AF806DF8,OTHER,N/A,N/A,INSIDE BUILDING,OTHER,N/A,No,NO APPARENT INJURY,N/A,38.99676112,-77.03980417,"(38.99676112, -77.03980417)"
MCP2335001Q,220031928,Montgomery County Police,Injury Crash,07/24/2022 11:00:00 PM,County,NEEDLE DR,County,STRINGTOWN RD,,N/A,PEDESTRIAN,SINGLE VEHICLE,CLEAR,DRY,DARK NO LIGHTS,NO CONTROLS,N/A,NONE DETECTED,35423570-E129-434F-8BDB-442BFEDA3082,PEDESTRIAN,Standing,UNKNOWN,OTHER,OTHER,LIGHT CLOTHING,No,SUSPECTED SERIOUS INJURY,N/A,39.22153777,-77.24664433,"(39.22153777, -77.24664433)"
MCP3239002D,220036543,Montgomery County Police,Injury Crash,08/24/2022 10:59:00 AM,Maryland (State),NEW HAMPSHIRE AVE,County,LOCKWOOD DR,,N/A,PEDESTRIAN,SINGLE VEHICLE,CLEAR,DRY,DAYLIGHT,TRAFFIC SIGNAL,NONE DETECTED,NONE DETECTED,39D95549-5256-4226-B319-5E195EF6C1E2,PEDESTRIAN,Cross/Enter at Intersection,DART DASH,ON ROADWAY AT CROSSWALK,DISOBEYED PED. SIGNAL,LIGHT CLOTHING,Yes,POSSIBLE INJURY,NONE,39.05603763,-76.95429638,"(39.05603763, -76.95429638)"
MCP15950022,220027156,Montgomery County Police,Injury Crash,08/28/2022 03:07:00 AM,Maryland (State),GEORGIA AVE,County,ENNALLS AVE,,N/A,PEDESTRIAN,OTHER,CLEAR,DRY,DARK LIGHTS ON,NO CONTROLS,UNKNOWN,ALCOHOL CONTRIBUTED,25EB92E1-A49D-47BA-81F7-8B4496424914,PEDESTRIAN,Cross/Enter not at Intersection,NO IMPROPER ACTIONS,ON ROADWAY NOT AT CROSSWALK,NO PED. SIGNAL,DARK CLOTHING,Yes,POSSIBLE INJURY,NONE,39.0393508,-77.054306,"(39.0393508, -77.054306)"
MCP9318002B,220036779,Montgomery County Police,Injury Crash,08/30/2022 04:40:00 PM,,,,,PARKING LOT OF 10131 COLESVILLE RD,,PEDESTRIAN,OTHER,CLEAR,,DAYLIGHT,N/A,NONE DETECTED,NONE DETECTED,D431999F-EFBF-4F9A-88B4-CAC5B420F5D3,PEDESTRIAN,Other,NO IMPROPER ACTIONS,OTHER,N/A,MIXED CLOTHING,No,POSSIBLE INJURY,N/A,39.0204235,-77.00826271,"(39.0204235, -77.00826271)"
EJ7888002S,220037298,Gaithersburg Police Depar,Injury Crash,08/29/2022 07:35:00 AM,Maryland (State),CLOPPER RD,Unknown,SULLNICK WAY,,N/A,PEDESTRIAN,OTHER,CLEAR,DRY,DAYLIGHT,STOP SIGN,NONE DETECTED,NONE DETECTED,A7A000A5-D8A6-463D-97FF-8821C045061B,PEDESTRIAN,Cross/Enter at Intersection,NO IMPROPER ACTIONS,ON ROADWAY AT CROSSWALK,NO PED. SIGNAL,DARK CLOTHING,No,SUSPECTED MINOR INJURY,NONE,39.14816825,-77.2369545,"(39.14816825, -77.2369545)"
MCP2739004B,220037088,Montgomery County Police,Injury Crash,08/27/2022 04:00:00 PM,,,,,PARKING LOT OF 13615 GEORGIA AVE SILVER SPRING MD 20906,,OTHER CONVEYANCE,STRAIGHT MOVEMENT ANGLE,CLEAR,,DAYLIGHT,NO CONTROLS,NONE DETECTED,NONE DETECTED,83B56F7C-0F95-4DB3-9DDC-13B8A50DB723,OTHER CONVEYANCE,Cross/Enter at Intersection,NO IMPROPER ACTIONS,DRIVEWAY ACCESS MARKED CROSSWALK,NO PED. SIGNAL,DARK CLOTHING,No,POSSIBLE INJURY,NONE,39.04453194,-76.9900027,"(39.04453194, -76.9900027)"
MCP23610022,220037562,Montgomery County Police,Injury Crash,08/30/2022 03:53:00 PM,County,WALKERS CHOICE RD,County,MONTGOMERY VILLAGE AVE,,N/A,PEDESTRIAN,OTHER,RAINING,WET,DAYLIGHT,STOP SIGN,NONE DETECTED,NONE DETECTED,D92A5E59-E94F-4704-819E-510AEA5592AC,PEDESTRIAN,Approach/Leaving Schoolbus,NO IMPROPER ACTIONS,IN SCHOOL BUS ZONE,OBEYED PED. SIGNAL,MIXED CLOTHING,No,SUSPECTED SERIOUS INJURY,NONE,39.161571,-77.20324,"(39.161571, -77.20324)"
MCP30190054,220035166,Montgomery County Police,Injury Crash,08/15/2022 03:30:00 PM,Maryland (State),OLD GEORGETOWN RD,County,FAIRMONT AVE,,N/A,PEDESTRIAN,SINGLE VEHICLE,CLEAR,DRY,DAYLIGHT,NO CONTROLS,N/A,N/A,8C98EC9A-7D2D-4BD2-B935-42414F42DFD0,PEDESTRIAN,Cross/Enter at Intersection,NO IMPROPER ACTIONS,ON ROADWAY AT CROSSWALK,NO PED. SIGNAL,LIGHT CLOTHING,No,POSSIBLE INJURY,NONE,38.98747245,-77.09797725,"(38.98747245, -77.09797725)"
MCP30260083,220037721,Montgomery County Police,Injury Crash,08/31/2022 03:01:00 PM,Maryland (State),WISCONSIN AVE,Municipality,S PARK AVE,,FRIENDSHIP HEIGHTS,PEDESTRIAN,SINGLE VEHICLE,CLEAR,DRY,DAYLIGHT,NO CONTROLS,UNKNOWN,NONE DETECTED,729FB251-2109-4E8C-A1EF-F1DC4ACFD707,PEDESTRIAN,Cross/Enter not at Intersection,NO IMPROPER ACTIONS,OTHER,OTHER,REFLECTIVE MATERIAL,No,POSSIBLE INJURY,NONE,38.96451874,-77.0878088,"(38.96451874, -77.0878088)"
MCP3331000B,220037205,Montgomery County Police,Injury Crash,08/28/2022 01:21:00 PM,Maryland (State),UNIVERSITY BLVD W,County,AMHERST AVE,,N/A,PEDESTRIAN,SINGLE VEHICLE,CLEAR,DRY,DAYLIGHT,TRAFFIC SIGNAL,NONE DETECTED,NONE DETECTED,5426268A-D217-4066-999F-28B83ACBB732,PEDESTRIAN,Walking/Riding against Traffic,NO IMPROPER ACTIONS,SIDEWALK,NO PED. SIGNAL,MIXED CLOTHING,No,SUSPECTED MINOR INJURY,NONE,39.041291,-77.048823,"(39.041291, -77.048823)"
MCP2934004Z,220037915,Montgomery County Police,Property Damage Crash,09/01/2022 04:06:00 PM,,,,,PARKING LOT OF 10400 OLD GEORGETOWN RD.,,PEDESTRIAN,OTHER,CLEAR,,DAYLIGHT,NO CONTROLS,UNKNOWN,NONE DETECTED,620474ED-067A-47DC-B2A3-6003D655DAE2,PEDESTRIAN,Other,NO IMPROPER ACTIONS,OTHER,OTHER,LIGHT CLOTHING,No,NO APPARENT INJURY,NONE,39.026319,-77.127215,"(39.026319, -77.127215)"
MCP2871008D,220054106,Montgomery County Police,Injury Crash,12/07/2022 04:17:00 PM,,,,,PARKING LOT OF 4860 BOILING BROOK PKWY,,MACHINE OPERATOR/RIDER,STRAIGHT MOVEMENT ANGLE,CLEAR,,DARK LIGHTS ON,NO CONTROLS,NONE DETECTED,NONE DETECTED,4A718F1A-AEEF-4F66-BDFB-3C997E5EE01B,MACHINE OPERATOR/RIDER,Cross/Enter at Intersection,FAILURE TO YIELD RIGHT OF WAY,OTHER,NO PED. SIGNAL,MIXED CLOTHING,Yes,SUSPECTED MINOR INJURY,NONE,39.04691333,-77.09962833,"(39.04691333, -77.09962833)"
MCP1086000C,220053805,Montgomery County Police,Injury Crash,12/06/2022 07:42:00 AM,,,,,NORTHWOOD HIGH SCHOOL 919 UNIVERSITY BLVD W. PARKING LOT,,PEDESTRIAN,OTHER,FOGGY,,OTHER,N/A,NONE DETECTED,NONE DETECTED,17AE2D3F-80C4-4677-B7B0-02B77012A9F5,PEDESTRIAN,Walking to/from school,NO IMPROPER ACTIONS,ON ROADWAY AT CROSSWALK,N/A,MIXED CLOTHING,No,SUSPECTED MINOR INJURY,N/A,39.03556167,-77.02450667,"(39.03556167, -77.02450667)"
MCP28810054,220052306,Montgomery County Police,Injury Crash,11/27/2022 12:34:00 PM,County,MIDDLEBROOK RD,County,LOCBURY DR,,N/A,BICYCLIST,STRAIGHT MOVEMENT ANGLE,RAINING,WET,DAYLIGHT,NO CONTROLS,NONE DETECTED,NONE DETECTED,9D4A9CBC-E02F-45D5-B944-8DA46A118FF1,BICYCLIST,Cross/Enter at Intersection,NO IMPROPER ACTIONS,ON ROADWAY AT CROSSWALK,OTHER,N/A,No,POSSIBLE INJURY,N/A,39.18126833,-77.26992167,"(39.18126833, -77.26992167)"
MCP31610044,220037550,Montgomery County Police,Injury Crash,08/30/2022 03:12:00 PM,Maryland (State),KNOWLES AVE,Maryland (State),CONNECTICUT AVE,,N/A,PEDESTRIAN,SINGLE VEHICLE,CLEAR,DRY,DAYLIGHT,TRAFFIC SIGNAL,NONE DETECTED,NONE DETECTED,C8540B04-90A7-4838-8D70-93E3DE6E5223,PEDESTRIAN,Cross/Enter not at Intersection,IN ROADWAY IMPROPERLY,ON ROADWAY NOT AT CROSSWALK,NO PED. SIGNAL,MIXED CLOTHING,Yes,SUSPECTED MINOR INJURY,NONE,39.027,-77.077,"(39.027, -77.077)"
MCP3331000B,220037205,Montgomery County Police,Injury Crash,08/28/2022 01:21:00 PM,Maryland (State),UNIVERSITY BLVD W,County,AMHERST AVE,,N/A,PEDESTRIAN,SINGLE VEHICLE,CLEAR,DRY,DAYLIGHT,TRAFFIC SIGNAL,NONE DETECTED,NONE DETECTED,A229D874-AE48-4651-A79C-F548FC2BB172,PEDESTRIAN,Walking/Riding against Traffic,NO IMPROPER ACTIONS,SIDEWALK,NO PED. SIGNAL,LIGHT CLOTHING,No,POSSIBLE INJURY,NONE,39.041291,-77.048823,"(39.041291, -77.048823)"
MCP29730066,220038512,Montgomery County Police,Injury Crash,09/05/2022 06:00:00 PM,County,RANDOLPH RD,Maryland (State),GEORGIA AVE,,N/A,BICYCLIST,OTHER,RAINING,WET,DAYLIGHT,TRAFFIC SIGNAL,N/A,NONE DETECTED,510E683D-2886-42E6-AAFB-CC3D2E151C88,BICYCLIST,Cross/Enter at Intersection,NO IMPROPER ACTIONS,ON ROADWAY AT CROSSWALK,OBEYED PED. SIGNAL,LIGHT CLOTHING,No,SUSPECTED MINOR INJURY,NONE,39.060081,-77.089781,"(39.060081, -77.089781)"
MCP3196003G,220038150,Montgomery County Police,Injury Crash,09/02/2022 10:46:00 PM,Maryland (State),FREDERICK RD,County,GUNNERS BRANCH RD,,N/A,MACHINE OPERATOR/RIDER,HEAD ON LEFT TURN,CLEAR,DRY,UNKNOWN,N/A,NONE DETECTED,NONE DETECTED,C84E3928-6D58-4685-9910-871F9374AE85,MACHINE OPERATOR/RIDER,Cross/Enter at Intersection,IN ROADWAY IMPROPERLY,ON ROADWAY NOT AT CROSSWALK,N/A,DARK CLOTHING,Yes,POSSIBLE INJURY,UNKNOWN,39.17528022,-77.23856697,"(39.17528022, -77.23856697)"
MCP32950021,220038285,Montgomery County Police,Injury Crash,09/03/2022 08:48:00 PM,US (State),COLESVILLE RD,County,TIMBERWOOD AVE,,N/A,PEDESTRIAN,SINGLE VEHICLE,CLEAR,DRY,DARK -- UNKNOWN LIGHTING,STOP SIGN,UNKNOWN,NONE DETECTED,33D2AFFE-14AB-4CEE-A84F-9B61376B2723,PEDESTRIAN,Cross/Enter at Intersection,NO IMPROPER ACTIONS,OTHER,NO PED. SIGNAL,DARK CLOTHING,No,SUSPECTED MINOR INJURY,NONE,39.02151833,-77.011905,"(39.02151833, -77.011905)"
MCP23480067,220018003,Montgomery County Police,Fatal Crash,04/28/2022 10:01:00 AM,County,TUCKERMAN LA,Unknown,KINGS RIDING WAY,,N/A,PEDESTRIAN,SINGLE VEHICLE,CLEAR,DRY,DAYLIGHT,TRAFFIC SIGNAL,NONE DETECTED,UNKNOWN,D935AA95-550D-4A0D-BAC6-FD4DEA333B80,PEDESTRIAN,Cross/Enter not at Intersection,FAILURE TO OBEY TRAFFIC SIGNS SIGNALS OR OFFICER,ON ROADWAY AT CROSSWALK,DISOBEYED PED. SIGNAL,MIXED CLOTHING,Yes,FATAL INJURY,NONE,39.03005928,-77.11307377,"(39.03005928, -77.11307377)"
MCP2440000X,220038190,Montgomery County Police,Injury Crash,09/03/2022 09:20:00 AM,Other Public Roadway,EMORY ST,Maryland (State),MUNCASTER MILL RD,,N/A,BICYCLIST,OTHER,CLEAR,DRY,DAYLIGHT,STOP SIGN,NONE DETECTED,NONE DETECTED,11D5A6FC-DDAB-4ED0-95C2-B9E932A70C73,BICYCLIST,Other,NO IMPROPER ACTIONS,AT INTERSECTION BUT NO CROSSWALK,N/A,DARK CLOTHING,No,SUSPECTED MINOR INJURY,MC/BIKE HELMET,39.157915,-77.159095,"(39.157915, -77.159095)"
MCP3160003T,220038488,Montgomery County Police,Injury Crash,09/06/2022 02:30:00 PM,County,SEVEN LOCKS RD,County,TUCKERMAN LA,,N/A,BICYCLIST,STRAIGHT MOVEMENT ANGLE,CLEAR,DRY,DAYLIGHT,STOP SIGN,NONE DETECTED,NONE DETECTED,BEEFB8A9-A1A4-41BC-B3F5-FBDD11EC24FC,BICYCLIST,N/A,NO IMPROPER ACTIONS,SHOULDER,N/A,LIGHT CLOTHING,No,POSSIBLE INJURY,MC/BIKE HELMET,38.994555,-77.10861333,"(38.994555, -77.10861333)"
MCP3119003N,220036233,Montgomery County Police,Injury Crash,08/22/2022 01:40:00 PM,Other Public Roadway,APPLE RIDGE RD,Unknown,BUHRSTONE DR,,N/A,PEDESTRIAN,SINGLE VEHICLE,CLEAR,DRY,DAYLIGHT,NO CONTROLS,NONE DETECTED,NONE DETECTED,887E4E56-3389-4CD3-9383-27E0EFED5DBB,PEDESTRIAN,Cross/Enter at Intersection,NO IMPROPER ACTIONS,ON ROADWAY AT CROSSWALK,NO PED. SIGNAL,LIGHT CLOTHING,No,SUSPECTED MINOR INJURY,NONE,39.18265076,-77.21346754,"(39.18265076, -77.21346754)"
MCP3271002H,220040006,Montgomery County Police,Injury Crash,09/14/2022 04:15:00 PM,Maryland (State),GOLDSBORO RD,County,MILLWOOD RD,,N/A,BICYCLIST,OPPOSITE DIR BOTH LEFT TURN,CLEAR,DRY,DAYLIGHT,STOP SIGN,NONE DETECTED,NONE DETECTED,91193DA0-41D2-4512-ADAC-7F797B9BFC0E,BICYCLIST,Cross/Enter at Intersection,NO IMPROPER ACTIONS,AT INTERSECTION BUT NO CROSSWALK,NO PED. SIGNAL,MIXED CLOTHING,No,SUSPECTED MINOR INJURY,MC/BIKE HELMET,38.97408943,-77.1199701,"(38.97408943, -77.1199701)"
MCP3339000J,220039784,Montgomery County Police,Injury Crash,09/13/2022 01:34:00 PM,Maryland (State),GEORGIA AVE,Maryland (State),CONNECTICUT AVE,,N/A,PEDESTRIAN,N/A,CLEAR,DRY,DAYLIGHT,TRAFFIC SIGNAL,NONE DETECTED,NONE DETECTED,5A4D2E0D-EB9C-4DE2-B4C6-2472C5358D1F,PEDESTRIAN,Cross/Enter at Intersection,FAILURE TO YIELD RIGHT OF WAY,ON ROADWAY AT CROSSWALK,DISOBEYED PED. SIGNAL,N/A,Yes,SUSPECTED MINOR INJURY,NONE,39.08453167,-77.07774667,"(39.08453167, -77.07774667)"
MCP27980053,220036655,Montgomery County Police,Injury Crash,08/24/2022 05:35:00 PM,Maryland (State),FREDERICK RD,County,E GUDE DR,,N/A,PEDESTRIAN,OTHER,CLEAR,DRY,DAYLIGHT,TRAFFIC SIGNAL,UNKNOWN,NONE DETECTED,8A3D7BF6-C4ED-4550-A080-AB94DE23382A,PEDESTRIAN,Cross/Enter at Intersection,NO IMPROPER ACTIONS,AT INTERSECTION MARKED CROSSWALK,OBEYED PED. SIGNAL,MIXED CLOTHING,No,SUSPECTED MINOR INJURY,NONE,39.18405333,-77.263825,"(39.18405333, -77.263825)"