Report Number,Local Case Number,Agency Name,ACRS Report Type,Crash Date/Time,Route Type,Road Name,Cross-Street Type,Cross-Street Name,Off-Road Description,Municipality,Related Non-Motorist,Collision Type,Weather,Surface Condition,Light,Traffic Control,Driver Substance Abuse,Non-Motorist Substance Abuse,Person ID,Pedestrian Type,Pedestrian Movement,Pedestrian Actions,Pedestrian Location,Pedestrian Obeyed Traffic Signal,Pedestrian Visibility,At Fault,Injury Severity,Safety Equipment,Latitude,Longitude,Location
MCP2948005L,220039398,Montgomery County Police,Property Damage Crash,09/10/2022 06:00:00 PM,Maryland (State),VEIRS MILL RD,County,RANDOLPH RD,,N/A,OTHER CONVEYANCE,STRAIGHT MOVEMENT ANGLE,CLEAR,DRY,DAYLIGHT,TRAFFIC SIGNAL,N/A,N/A,1311A1FB-3D3F-477D-8524-9FFB890B8EEA,OTHER CONVEYANCE,Cross/Enter at Intersection,FAILURE TO YIELD RIGHT OF WAY,AT INTERSECTION MARKED CROSSWALK,DISOBEYED PED. SIGNAL,DARK CLOTHING,Yes,NO APPARENT INJURY,N/A,39.05605833,-77.08309333,"(39.05605833, -77.08309333)"
MCP3331000H,220040239,Montgomery County Police,Injury Crash,09/16/2022 07:59:00 AM,Maryland (State),VEIRS MILL RD,County,VALLEYWOOD DR,,N/A,PEDESTRIAN,SINGLE VEHICLE,CLEAR,DRY,DAYLIGHT,NO CONTROLS,NONE DETECTED,NONE DETECTED,3D4365ED-1337-41E6-8178-2FF0A59EF8BD,PEDESTRIAN,Cross/Enter not at Intersection,NO IMPROPER ACTIONS,ON ROADWAY AT CROSSWALK,NO PED. SIGNAL,LIGHT CLOTHING,No,SUSPECTED SERIOUS INJURY,UNKNOWN,39.049723,-77.07103,"(39.049723, -77.07103)"
MCP2678003L,220038212,Montgomery County Police,Property Damage Crash,09/03/2022 12:51:00 PM,,,,,GRASSY AREA OF 3944 BEL PRE RD,,OTHER CONVEYANCE,OTHER,CLEAR,,DAYLIGHT,NO CONTROLS,"N/A, NONE DETECTED",NONE DETECTED,09AC777D-42C6-4627-8713-FDB1F0283E55,OTHER CONVEYANCE,Standing,NO IMPROPER ACTIONS,INSIDE BUILDING,N/A,N/A,No,NO APPARENT INJURY,N/A,39.08637,-77.051904,"(39.08637, -77.051904)"
MCP2635007G,220040955,Montgomery County Police,Injury Crash,09/20/2022 02:43:00 PM,Maryland (State),OLNEY SANDY SPRING RD,Unknown,VILLAGE CENTER DR,,N/A,PEDESTRIAN,SINGLE VEHICLE,CLEAR,DRY,DAYLIGHT,TRAFFIC SIGNAL,N/A,N/A,67E16AF7-676C-44B8-B3F3-867649F562EB,PEDESTRIAN,Cross/Enter at Intersection,NO IMPROPER ACTIONS,ON ROADWAY AT CROSSWALK,OBEYED PED. SIGNAL,MIXED CLOTHING,No,SUSPECTED MINOR INJURY,NONE,39.15175167,-77.06418167,"(39.15175167, -77.06418167)"
DD55200018,220040727,Rockville Police Departme,Injury Crash,09/19/2022 12:10:00 PM,Maryland (State),VEIRS MILL RD,Municipality,ATLANTIC AVE,,ROCKVILLE,PEDESTRIAN,OTHER,CLEAR,DRY,DAYLIGHT,TRAFFIC SIGNAL,NONE DETECTED,NONE DETECTED,9D773FEC-E215-4F6E-8781-F90789CA3D54,PEDESTRIAN,Cross/Enter at Intersection,NO IMPROPER ACTIONS,N/A,OBEYED PED. SIGNAL,LIGHT CLOTHING,No,SUSPECTED MINOR INJURY,NONE,39.07512,-77.11527,"(39.07512, -77.11527)"
MCP22910067,220040461,Montgomery County Police,Injury Crash,09/17/2022 02:48:00 PM,,,,,PARKING LOT OF 10500 ROCKVILLE PIKE,,PEDESTRIAN,SINGLE VEHICLE,CLEAR,,DAYLIGHT,NO CONTROLS,NONE DETECTED,NONE DETECTED,1BD1CB6D-A0D3-46E6-83BD-081137FB7D67,PEDESTRIAN,Cross/Enter at Intersection,NO IMPROPER ACTIONS,AT INTERSECTION BUT NO CROSSWALK,NO PED. SIGNAL,MIXED CLOTHING,No,SUSPECTED SERIOUS INJURY,N/A,39.03014,-77.10501,"(39.03014, -77.10501)"
MCP2686005L,220040850,Montgomery County Police,Injury Crash,09/19/2022 08:16:00 PM,Maryland (State),GREAT SENECA HWY,Unknown,END BRIDGE,,N/A,PEDESTRIAN,SINGLE VEHICLE,CLEAR,DRY,DARK LIGHTS ON,NO CONTROLS,NONE DETECTED,UNKNOWN,95560695-A3B7-451F-967B-7EAC1EC61150,PEDESTRIAN,Cross/Enter not at Intersection,DART DASH,ON ROADWAY NOT AT CROSSWALK,NO PED. SIGNAL,DARK CLOTHING,Yes,SUSPECTED SERIOUS INJURY,NONE,39.140925,-77.27021467,"(39.140925, -77.27021467)"
MCP30260088,220039789,Montgomery County Police,Property Damage Crash,09/13/2022 02:09:00 PM,,,,,PARKING LOT OF 2201 COLSTON DR,,OTHER,SINGLE VEHICLE,CLEAR,,DAYLIGHT,N/A,NONE DETECTED,NONE DETECTED,349AA3D3-CE3B-451B-8A09-54249AF49F26,OTHER,N/A,N/A,INSIDE BUILDING,N/A,N/A,No,NO APPARENT INJURY,N/A,38.99475167,-77.04674167,"(38.99475167, -77.04674167)"
MCP32330038,220039399,Montgomery County Police,Injury Crash,09/10/2022 06:56:00 PM,Maryland (State),PINEY BRANCH RD,County,CARROLL AVE,,N/A,PEDESTRIAN,SINGLE VEHICLE,CLEAR,DRY,DAWN,WARNING SIGN,NONE DETECTED,NONE DETECTED,4ADAE45E-0669-49B5-B1B7-18B59C51C050,PEDESTRIAN,Cross/Enter not at Intersection,NO IMPROPER ACTIONS,ON ROADWAY AT CROSSWALK,N/A,LIGHT CLOTHING,No,SUSPECTED MINOR INJURY,NONE,39.03362783,-77.00331017,"(39.03362783, -77.00331017)"
MCP1099004Q,220041114,Montgomery County Police,Injury Crash,09/21/2022 12:50:00 PM,,,,,RED MILL SHOPPING CENTER 7200 MUNCASTER MILL ROAD DERWOOD,,PEDESTRIAN,OTHER,CLEAR,,DAYLIGHT,NO CONTROLS,NONE DETECTED,NONE DETECTED,720124E7-2EAB-4E4E-AD9F-AA100357F663,PEDESTRIAN,Standing,N/A,OTHER,N/A,REFLECTIVE MATERIAL,No,POSSIBLE INJURY,N/A,39.145555,-77.145145,"(39.145555, -77.145145)"
MCP22030066,220039488,Montgomery County Police,Injury Crash,09/11/2022 01:20:00 PM,,,,,PARKING LOT OF 12029 GEORGIA AVE,,PEDESTRIAN,N/A,RAINING,,DAYLIGHT,N/A,N/A,NONE DETECTED,4F2D6CFF-A874-4681-9636-C81F69FE760E,PEDESTRIAN,Cross/Enter not at Intersection,NO IMPROPER ACTIONS,ON ROADWAY NOT AT CROSSWALK,N/A,LIGHT CLOTHING,No,POSSIBLE INJURY,N/A,39.0529015,-77.0502545,"(39.0529015, -77.0502545)"
MCP3331000K,220040897,Montgomery County Police,Injury Crash,09/19/2022 04:00:00 PM,County,IDLEWOOD RD,County,DAHILL RD,,N/A,PEDESTRIAN,SINGLE VEHICLE,CLEAR,DRY,DAYLIGHT,NO CONTROLS,UNKNOWN,NONE DETECTED,2174173D-C317-4660-8E29-BE0A8FB6221F,PEDESTRIAN,Cross/Enter not at Intersection,NO IMPROPER ACTIONS,ON ROADWAY NOT AT CROSSWALK,NO PED. SIGNAL,UNKNOWN,No,SUSPECTED MINOR INJURY,NONE,39.049723,-77.07103,"(39.049723, -77.07103)"
MCP32330037,220039390,Montgomery County Police,Injury Crash,09/10/2022 05:37:00 PM,Maryland (State),NEW HAMPSHIRE AVE,County,POWDER MILL RD,,N/A,PEDESTRIAN,SINGLE VEHICLE,CLOUDY,DRY,DAYLIGHT,TRAFFIC SIGNAL,NONE DETECTED,NONE DETECTED,28FDB241-C423-477F-9C75-2A1388AAF452,PEDESTRIAN,N/A,NOT VISIBLE,ON ROADWAY NOT AT CROSSWALK,NO PED. SIGNAL,MIXED CLOTHING,Yes,SUSPECTED MINOR INJURY,NONE,39.02236583,-76.978043,"(39.02236583, -76.978043)"
MCP32330038,220039399,Montgomery County Police,Injury Crash,09/10/2022 06:56:00 PM,Maryland (State),PINEY BRANCH RD,County,CARROLL AVE,,N/A,PEDESTRIAN,SINGLE VEHICLE,CLEAR,DRY,DAWN,WARNING SIGN,NONE DETECTED,NONE DETECTED,BBA5F182-9899-4C1D-AFD0-8189882869D3,PEDESTRIAN,Cross/Enter not at Intersection,NO IMPROPER ACTIONS,ON ROADWAY AT CROSSWALK,NO PED. SIGNAL,UNKNOWN,No,SUSPECTED MINOR INJURY,N/A,39.03362783,-77.00331017,"(39.03362783, -77.00331017)"
MCP9318002D,220038727,Montgomery County Police,Injury Crash,09/06/2022 07:01:00 PM,Maryland (State),NEW HAMPSHIRE AVE,County,POWDER MILL RD,,N/A,PEDESTRIAN,OTHER,CLEAR,DRY,DUSK,NO CONTROLS,NONE DETECTED,NONE DETECTED,0597D638-5FEA-49E3-81E2-0FE035E1F9E0,PEDESTRIAN,Cross/Enter not at Intersection,IN ROADWAY IMPROPERLY,ON ROADWAY NOT AT CROSSWALK,NO PED. SIGNAL,MIXED CLOTHING,Yes,SUSPECTED SERIOUS INJURY,N/A,39.019625,-77.00803833,"(39.019625, -77.00803833)"
MCP2635007J,220041497,Montgomery County Police,Injury Crash,09/23/2022 02:47:00 PM,County,WOODWELL RD,County,WOODWELL TERR,,N/A,PEDESTRIAN,OTHER,CLEAR,DRY,DAYLIGHT,STOP SIGN,N/A,N/A,9B06BD18-155A-42F8-9290-004F4235E293,PEDESTRIAN,Other Working,NO IMPROPER ACTIONS,ON ROADWAY NOT AT CROSSWALK,NO PED. SIGNAL,REFLECTIVE MATERIAL,No,POSSIBLE INJURY,REFLECTIVE CLOTHING,39.08707833,-77.03712667,"(39.08707833, -77.03712667)"
MCP3257005L,220041398,Montgomery County Police,Injury Crash,09/22/2022 09:10:00 PM,Maryland (State),ROCKVILLE PIKE,County,MARINELLI RD,,N/A,PEDESTRIAN,SINGLE VEHICLE,CLEAR,DRY,DARK LIGHTS ON,TRAFFIC SIGNAL,NONE DETECTED,NONE DETECTED,B2317035-A975-410E-A2FD-50D2BFCA4FE2,PEDESTRIAN,Cross/Enter not at Intersection,IN ROADWAY IMPROPERLY,ON ROADWAY NOT AT CROSSWALK,DISOBEYED PED. SIGNAL,MIXED CLOTHING,Yes,POSSIBLE INJURY,NONE,39.04721162,-77.11279129,"(39.04721162, -77.11279129)"
DM84900026,220042035,Takoma Park Police Depart,Injury Crash,09/27/2022 07:41:00 AM,Municipality,FLOWER AVE,Government,SLIGO CREEK PKWY,,N/A,BICYCLIST,OTHER,CLEAR,DRY,DAYLIGHT,STOP SIGN,N/A,N/A,F02A4D78-233F-402C-A672-1D4EC5E3743A,BICYCLIST,Cross/Enter at Intersection,N/A,ON ROADWAY NOT AT CROSSWALK,N/A,REAR REFLECTOR,No,POSSIBLE INJURY,MC/BIKE HELMET,38.98090973,-76.99410789,"(38.98090973, -76.99410789)"
MCP30370045,220040999,Montgomery County Police,Injury Crash,09/20/2022 06:35:00 PM,County,ANNAPOLIS ROCK RD,Maryland (State),DAMASCUS RD,,N/A,BICYCLIST,SAME DIR REAR END,CLEAR,DRY,DAYLIGHT,NO CONTROLS,NONE DETECTED,NONE DETECTED,AE4CAB6A-EEA5-4F13-B414-162712299B9D,BICYCLIST,Walking/Riding w/Traffic,NO IMPROPER ACTIONS,ON ROADWAY NOT AT CROSSWALK,NO PED. SIGNAL,UNKNOWN,No,SUSPECTED MINOR INJURY,MC/BIKE HELMET,39.27764333,-77.14103,"(39.27764333, -77.14103)"
DD56500025,220041161,Rockville Police Departme,Injury Crash,09/21/2022 04:49:00 PM,Other Public Roadway,ELMCROFT BLVD,Other Public Roadway,CORK TREE LA,,N/A,OTHER PEDALCYCLIST,OTHER,CLEAR,DRY,DAYLIGHT,NO CONTROLS,NONE DETECTED,NONE DETECTED,867ADBA8-AE4F-4AC2-9526-BB9FB64A52D9,OTHER PEDALCYCLIST,Cross/Enter at Intersection,FAILURE TO YIELD RIGHT OF WAY,ON ROADWAY NOT AT CROSSWALK,NO PED. SIGNAL,MIXED CLOTHING,Yes,SUSPECTED MINOR INJURY,NONE,39.113888,-77.16621283,"(39.113888, -77.16621283)"
MCP30370045,220040999,Montgomery County Police,Injury Crash,09/20/2022 06:35:00 PM,County,ANNAPOLIS ROCK RD,Maryland (State),DAMASCUS RD,,N/A,BICYCLIST,SAME DIR REAR END,CLEAR,DRY,DAYLIGHT,NO CONTROLS,NONE DETECTED,NONE DETECTED,6FF02A40-9253-49EC-88EC-7B55B8748D2E,BICYCLIST,Walking/Riding w/Traffic,NO IMPROPER ACTIONS,ON ROADWAY NOT AT CROSSWALK,N/A,UNKNOWN,No,SUSPECTED SERIOUS INJURY,MC/BIKE HELMET,39.27764333,-77.14103,"(39.27764333, -77.14103)"
DD5604004F,220042302,Rockville Police Departme,Injury Crash,09/28/2022 01:40:00 PM,,,,,PARKING LOT OF 77 S. WASHINGTON STREET.,,PEDESTRIAN,OTHER,CLEAR,,DAYLIGHT,NO CONTROLS,NONE DETECTED,NONE DETECTED,4F28327B-878C-45CD-A74B-59D2D9BC84F6,PEDESTRIAN,Other,NO IMPROPER ACTIONS,OTHER,NO PED. SIGNAL,DARK CLOTHING,No,POSSIBLE INJURY,NONE,39.08384217,-77.15290933,"(39.08384217, -77.15290933)"
MCP2159000T,220042533,Montgomery County Police,Property Damage Crash,09/29/2022 03:08:00 PM,County,DAWSON FARM RD,Maryland (State),GERMANTOWN RD,,N/A,BICYCLIST,STRAIGHT MOVEMENT ANGLE,CLEAR,DRY,DAYLIGHT,TRAFFIC SIGNAL,N/A,UNKNOWN,A7E1EFC9-6944-48E9-AA92-9F388F811F41,BICYCLIST,Unknown,UNKNOWN,UNKNOWN,UNKNOWN,UNKNOWN,Yes,NO APPARENT INJURY,UNKNOWN,39.17141108,-77.27718681,"(39.17141108, -77.27718681)"
MCP2756004K,220040821,Montgomery County Police,Injury Crash,09/19/2022 06:49:00 PM,County,REEDIE DR,County,TRIANGLE LA,,N/A,OTHER,SINGLE VEHICLE,CLEAR,DRY,DAYLIGHT,NO CONTROLS,UNKNOWN,NONE DETECTED,103A86F3-C08D-4BF4-9D76-77CEB8311B3C,OTHER,Other,UNKNOWN,ON ROADWAY AT CROSSWALK,NO PED. SIGNAL,DARK CLOTHING,No,POSSIBLE INJURY,NONE,39.0385,-77.051776,"(39.0385, -77.051776)"
DD5583007G,220042243,Rockville Police Departme,Injury Crash,09/28/2022 08:45:00 AM,Municipality,GAITHER RD,Municipality,ROYAL CRESCENT,,ROCKVILLE,BICYCLIST,HEAD ON LEFT TURN,CLEAR,DRY,DAYLIGHT,NO CONTROLS,NONE DETECTED,NONE DETECTED,99BC1898-FA66-463F-9E68-58EED8F6E720,BICYCLIST,Walking/Cycling on Sidewalk,NO IMPROPER ACTIONS,AT INTERSECTION BUT NO CROSSWALK,N/A,MIXED CLOTHING,No,SUSPECTED SERIOUS INJURY,MC/BIKE HELMET,39.11677067,-77.18194267,"(39.11677067, -77.18194267)"
MCP2723006L,220038358,Montgomery County Police,Injury Crash,09/04/2022 02:55:00 PM,,NORBECK BLVD,,N LEISURE WORLD BLVD,,N/A,BICYCLIST,STRAIGHT MOVEMENT ANGLE,CLEAR,DRY,DAYLIGHT,STOP SIGN,NONE DETECTED,NONE DETECTED,E60563D6-CDD1-496E-BA02-156E3C05C4D7,BICYCLIST,Cross/Enter at Intersection,NO IMPROPER ACTIONS,AT INTERSECTION MARKED CROSSWALK,NO PED. SIGNAL,LIGHT CLOTHING,No,SUSPECTED MINOR INJURY,MC/BIKE HELMET,39.109525,-77.068825,"(39.109525, -77.068825)"
MCP30840066,220039011,Montgomery County Police,Injury Crash,09/08/2022 01:41:00 PM,,,,,IN PARKING LOT OF 10335 OLD GEORGETOWN RD. BY THE EXXON.,,BICYCLIST,OTHER,CLEAR,,DAYLIGHT,NO CONTROLS,NONE DETECTED,NONE DETECTED,A4A32270-E07B-43EA-A7D0-61D5E42A6CEB,BICYCLIST,Cross/Enter not at Intersection,FAILURE TO YIELD RIGHT OF WAY,OTHER,NO PED. SIGNAL,MIXED CLOTHING,Yes,POSSIBLE INJURY,MC/BIKE HELMET,39.02560167,-77.12547833,"(39.02560167, -77.12547833)"
EJ7879002G,220041794,Gaithersburg Police Depar,Injury Crash,09/25/2022 08:00:00 PM,,,,,15740 PARKING LOT,,PEDESTRIAN,SINGLE VEHICLE,CLEAR,,DARK LIGHTS ON,NO CONTROLS,NONE DETECTED,NONE DETECTED,48AE8C70-ECFA-4046-B1EA-E89C11240723,PEDESTRIAN,Walking/Riding against Traffic,NO IMPROPER ACTIONS,OTHER,N/A,MIXED CLOTHING,No,POSSIBLE INJURY,NONE,39.1158314,-77.18728895,"(39.1158314, -77.18728895)"
MCP27820045,220042566,Montgomery County Police,Injury Crash,09/29/2022 07:37:00 PM,Maryland (State),GEORGIA AVE,Unknown,ENT TO BUSINESS,,N/A,PEDESTRIAN,STRAIGHT MOVEMENT ANGLE,CLEAR,DRY,DUSK,NO CONTROLS,UNKNOWN,NONE DETECTED,58152B8D-2981-4CA7-8C88-423113E01517,PEDESTRIAN,Walking/Cycling on Sidewalk,NO IMPROPER ACTIONS,SIDEWALK,N/A,MIXED CLOTHING,No,POSSIBLE INJURY,NONE,39.07896602,-77.07249499,"(39.07896602, -77.07249499)"
DD5649002M,220042539,Rockville Police Departme,Injury Crash,09/29/2022 05:49:00 PM,Municipality,MONROE ST,Municipality,ARGYLE ST,,ROCKVILLE,PEDESTRIAN,OTHER,N/A,DRY,DAYLIGHT,NO CONTROLS,N/A,N/A,0D756C0A-5695-4681-AD9F-AE8ADA05DF19,PEDESTRIAN,Getting off/on Vehicle,INATTENTIVE,OTHER,NO PED. SIGNAL,DARK CLOTHING,Yes,SUSPECTED MINOR INJURY,NONE,39.0774844,-77.1515522,"(39.0774844, -77.1515522)"
MCP29340050,220040353,Montgomery County Police,Injury Crash,09/16/2022 06:20:00 PM,County,FERNWOOD RD,County,GREYSWOOD RD,,N/A,PEDESTRIAN,OTHER,CLEAR,DRY,DAYLIGHT,TRAFFIC SIGNAL,NONE DETECTED,NONE DETECTED,CF7E08E2-6C16-4D56-8CD5-54874238C5C5,PEDESTRIAN,Cross/Enter at Intersection,UNKNOWN,AT INTERSECTION MARKED CROSSWALK,UNKNOWN,UNKNOWN,No,POSSIBLE INJURY,NONE,39.018254,-77.133304,"(39.018254, -77.133304)"
MCP26830062,220041978,Montgomery County Police,Injury Crash,09/26/2022 07:22:00 PM,County,MONTGOMERY VILLAGE AVE,County,CLUB HOUSE RD,,N/A,PEDESTRIAN,OTHER,CLEAR,DRY,DARK LIGHTS ON,TRAFFIC SIGNAL,NONE DETECTED,NONE DETECTED,D1A73AED-83F0-42A0-B8BE-C0E274956BA2,PEDESTRIAN,Cross/Enter at Intersection,DART DASH,ON ROADWAY AT CROSSWALK,DISOBEYED PED. SIGNAL,DARK CLOTHING,Yes,POSSIBLE INJURY,NONE,39.17456428,-77.2036172,"(39.17456428, -77.2036172)"
MCP2330003R,220041478,Montgomery County Police,Property Damage Crash,09/23/2022 01:17:00 PM,,,,,2229 UNIVERSITY BLVD W,,OTHER,SINGLE VEHICLE,CLEAR,,DAYLIGHT,NO CONTROLS,NONE DETECTED,NONE DETECTED,98FCE520-F814-44F5-8A3D-69AC5006E8F4,OTHER,N/A,N/A,INSIDE BUILDING,N/A,LIGHT CLOTHING,No,NO APPARENT INJURY,N/A,39.04178826,-77.04921585,"(39.04178826, -77.04921585)"
MCP2214000W,220042736,Montgomery County Police,Injury Crash,09/30/2022 07:26:00 PM,County,GUNNERS BRANCH RD,Maryland (State),FREDERICK RD,,N/A,PEDESTRIAN,SINGLE VEHICLE,RAINING,WET,DARK LIGHTS ON,TRAFFIC SIGNAL,NONE DETECTED,ALCOHOL PRESENT,928E34C0-E069-4AB1-A956-ECDAEF348873,PEDESTRIAN,Cross/Enter at Intersection,NO IMPROPER ACTIONS,AT INTERSECTION MARKED CROSSWALK,OBEYED PED. SIGNAL,MIXED CLOTHING,No,SUSPECTED SERIOUS INJURY,NONE,39.179065,-77.23771667,"(39.179065, -77.23771667)"
MCP2723006P,220042149,Montgomery County Police,Injury Crash,09/27/2022 04:00:00 PM,Maryland (State),VEIRS MILL RD,County,RANDOLPH RD,,N/A,PEDESTRIAN,SINGLE VEHICLE,N/A,DRY,DAYLIGHT,TRAFFIC SIGNAL,NONE DETECTED,NONE DETECTED,A5CB311D-7E7A-4BA5-AB6F-71308CCBA752,PEDESTRIAN,Cross/Enter at Intersection,DART DASH,ON ROADWAY AT CROSSWALK,DISOBEYED PED. SIGNAL,DARK CLOTHING,Yes,SUSPECTED MINOR INJURY,NONE,39.05615,-77.08281667,"(39.05615, -77.08281667)"
MCP32640037,220043194,Montgomery County Police,Injury Crash,10/04/2022 06:30:00 AM,Maryland (State),COLESVILLE RD,Maryland (State),GEORGIA AVE,,N/A,BICYCLIST,STRAIGHT MOVEMENT ANGLE,RAINING,WET,DAWN,TRAFFIC SIGNAL,NONE DETECTED,NONE DETECTED,8C71F1C3-F549-49BC-9F44-85AABE49F73F,BICYCLIST,Cross/Enter at Intersection,IN ROADWAY IMPROPERLY,AT INTERSECTION MARKED CROSSWALK,DISOBEYED PED. SIGNAL,DARK CLOTHING,Yes,POSSIBLE INJURY,NONE,38.99462333,-77.0359,"(38.99462333, -77.0359)"
MCP27820045,220042566,Montgomery County Police,Injury Crash,09/29/2022 07:37:00 PM,Maryland (State),GEORGIA AVE,Unknown,ENT TO BUSINESS,,N/A,PEDESTRIAN,STRAIGHT MOVEMENT ANGLE,CLEAR,DRY,DUSK,NO CONTROLS,UNKNOWN,NONE DETECTED,C57F6D88-BBD2-4FE5-BEA0-6BB7C8EEE64F,PEDESTRIAN,Walking/Cycling on Sidewalk,NO IMPROPER ACTIONS,SIDEWALK,N/A,MIXED CLOTHING,No,POSSIBLE INJURY,NONE,39.07896602,-77.07249499,"(39.07896602, -77.07249499)"
MCP2982004F,220042750,Montgomery County Police,Injury Crash,09/30/2022 09:05:00 PM,County,SPRING ST,County,FIRST AVE,,N/A,PEDESTRIAN,OTHER,CLEAR,WET,DARK LIGHTS ON,NO CONTROLS,NONE DETECTED,N/A,7013A708-8B0B-407A-9FBB-D3238EC49AB2,PEDESTRIAN,Cross/Enter not at Intersection,FAILURE TO YIELD RIGHT OF WAY,SHOULDER,N/A,DARK CLOTHING,Yes,POSSIBLE INJURY,NONE,38.99897853,-77.03279139,"(38.99897853, -77.03279139)"
MCP3258002N,220042800,Montgomery County Police,Injury Crash,10/01/2022 08:28:00 AM,Maryland (State),UNIVERSITY BLVD W,County,CADDINGTON AVE,,N/A,PEDESTRIAN,HEAD ON LEFT TURN,RAINING,WET,DAYLIGHT,TRAFFIC SIGNAL,NONE DETECTED,UNKNOWN,D31FD698-C216-4B63-8ED3-CA9AB5BA96A6,PEDESTRIAN,Cross/Enter at Intersection,UNKNOWN,AT INTERSECTION MARKED CROSSWALK,UNKNOWN,MIXED CLOTHING,Unknown,SUSPECTED SERIOUS INJURY,N/A,39.034435,-77.02424167,"(39.034435, -77.02424167)"
MCP3019005B,220044739,Montgomery County Police,Injury Crash,10/12/2022 08:45:00 PM,Maryland (State),WISCONSIN AVE,County,LELAND ST,,N/A,PEDESTRIAN,SINGLE VEHICLE,CLEAR,DRY,DARK LIGHTS ON,TRAFFIC SIGNAL,N/A,N/A,3D80BE30-83EA-4DCC-92E2-AA175BE692BC,PEDESTRIAN,Cross/Enter at Intersection,NO IMPROPER ACTIONS,ON ROADWAY AT CROSSWALK,OBEYED PED. SIGNAL,MIXED CLOTHING,No,SUSPECTED MINOR INJURY,N/A,38.98020833,-77.091825,"(38.98020833, -77.091825)"
MCP3063003H,220043727,Montgomery County Police,Injury Crash,10/06/2022 07:15:00 PM,Maryland (State),UNIVERSITY BLVD E,Unknown,SEPTEMBER LA,,N/A,PEDESTRIAN,N/A,CLEAR,DRY,DARK NO LIGHTS,NO CONTROLS,UNKNOWN,NONE DETECTED,D3B860F6-5C42-448B-B1A5-BCDA79F732B5,PEDESTRIAN,Other,IN ROADWAY IMPROPERLY,ON ROADWAY NOT AT CROSSWALK,NO PED. SIGNAL,DARK CLOTHING,Yes,POSSIBLE INJURY,NONE,39.00440088,-76.99661326,"(39.00440088, -76.99661326)"
HA2388001B,22001757,Maryland-National Capital,Injury Crash,10/06/2022 09:16:00 AM,Government,BEACH DR,Unknown,STRUC #MPK09 ROCK CREEK,,N/A,PEDESTRIAN,SINGLE VEHICLE,CLEAR,DRY,DAYLIGHT,STOP SIGN,NONE DETECTED,NONE DETECTED,912C81CC-4074-4E3A-B11C-A729C5B0EB6C,PEDESTRIAN,Cross/Enter at Intersection,NO IMPROPER ACTIONS,ON ROADWAY AT CROSSWALK,NO PED. SIGNAL,N/A,No,SUSPECTED MINOR INJURY,N/A,39.0222125,-77.10175483,"(39.0222125, -77.10175483)"
MCP2339007L,220043893,Montgomery County Police,Injury Crash,10/07/2022 05:07:00 PM,County,PARKLAWN DR,County,TWINBROOK PKWY,,N/A,PEDESTRIAN,OTHER,CLEAR,DRY,DAYLIGHT,TRAFFIC SIGNAL,NONE DETECTED,NONE DETECTED,8F0D370D-24A6-4262-9E64-50C8AAC0B3E5,PEDESTRIAN,Cross/Enter at Intersection,FAILURE TO OBEY TRAFFIC SIGNS SIGNALS OR OFFICER,ON ROADWAY AT CROSSWALK,DISOBEYED PED. SIGNAL,UNKNOWN,Yes,SUSPECTED MINOR INJURY,N/A,39.06147401,-77.1162619,"(39.06147401, -77.1162619)"
MCP3227003X,220041783,Montgomery County Police,Property Damage Crash,09/26/2022 06:51:00 PM,Maryland (State),NEW HAMPSHIRE AVE,County,ELTON RD,,N/A,PEDESTRIAN,SINGLE VEHICLE,CLEAR,DRY,DAYLIGHT,TRAFFIC SIGNAL,NONE DETECTED,NONE DETECTED,2F2CB59A-88E7-4AEF-B6B8-507329F82B12,PEDESTRIAN,Cross/Enter at Intersection,NO IMPROPER ACTIONS,ON ROADWAY AT CROSSWALK,OBEYED PED. SIGNAL,UNKNOWN,No,NO APPARENT INJURY,N/A,39.0204434,-76.97680173,"(39.0204434, -76.97680173)"
EJ7895002T,220044439,Gaithersburg Police Depar,Injury Crash,10/11/2022 01:55:00 PM,,,,,KAISER PERMANENTE PARKING LOT- 655 WATKINS MILL ROAD,,PEDESTRIAN,STRAIGHT MOVEMENT ANGLE,CLEAR,,DAYLIGHT,STOP SIGN,NONE DETECTED,NONE DETECTED,001E0018-D749-4BDF-A781-3B1B34C8BA4F,PEDESTRIAN,Cross/Enter at Intersection,NO IMPROPER ACTIONS,ON ROADWAY AT CROSSWALK,N/A,LIGHT CLOTHING,No,SUSPECTED MINOR INJURY,NONE,39.15680213,-77.22116675,"(39.15680213, -77.22116675)"
MCP2902005K,220043563,Montgomery County Police,Injury Crash,10/06/2022 07:34:00 AM,Maryland (State),CLOPPER RD,County,RICHTER FARM RD,,N/A,BICYCLIST,OTHER,CLEAR,DRY,DAYLIGHT,STOP SIGN,N/A,N/A,E56BAB2E-2E51-4FD4-8727-8B069B20B1F1,BICYCLIST,Cross/Enter at Intersection,UNKNOWN,N/A,OTHER,LIGHT CLOTHING,Unknown,SUSPECTED MINOR INJURY,NONE,39.169965,-77.29678833,"(39.169965, -77.29678833)"