Report Number,Local Case Number,Agency Name,ACRS Report Type,Crash Date/Time,Route Type,Road Name,Cross-Street Type,Cross-Street Name,Off-Road Description,Municipality,Related Non-Motorist,Collision Type,Weather,Surface Condition,Light,Traffic Control,Driver Substance Abuse,Non-Motorist Substance Abuse,Person ID,Pedestrian Type,Pedestrian Movement,Pedestrian Actions,Pedestrian Location,Pedestrian Obeyed Traffic Signal,Pedestrian Visibility,At Fault,Injury Severity,Safety Equipment,Latitude,Longitude,Location
MCP15310011,220044061,Montgomery County Police,Injury Crash,10/08/2022 10:17:00 PM,,,,,PARKING LOT OF 10620 RIVER ROAD,,PEDESTRIAN,SINGLE VEHICLE,CLEAR,,DARK LIGHTS ON,NO CONTROLS,NONE DETECTED,NONE DETECTED,92FA6CC0-147D-4273-A7BD-1834BAAF6C4A,PEDESTRIAN,Walking/Riding w/Traffic,NO IMPROPER ACTIONS,ON ROADWAY NOT AT CROSSWALK,NO PED. SIGNAL,MIXED CLOTHING,No,SUSPECTED MINOR INJURY,NONE,39.0242988,-77.21955542,"(39.0242988, -77.21955542)"
MCP2291006B,220043725,Montgomery County Police,Injury Crash,10/06/2022 06:51:00 PM,County,MACARTHUR BLVD,Government,CONNECTOR RD,,N/A,BICYCLIST,OTHER,CLEAR,DRY,DARK LIGHTS ON,TRAFFIC SIGNAL,NONE DETECTED,NONE DETECTED,FD5F74D7-AC27-4596-BE1F-A38C961794C7,BICYCLIST,Cross/Enter at Intersection,NO IMPROPER ACTIONS,IN BIKEWAY,OBEYED PED. SIGNAL,MIXED CLOTHING,No,SUSPECTED MINOR INJURY,MC/BIKE HELMET,38.97531,-77.16186,"(38.97531, -77.16186)"
MCP32110035,220043805,Montgomery County Police,Injury Crash,10/07/2022 10:22:00 AM,County,STONEYBROOK DR,Government,BEACH DR,,N/A,BICYCLIST,STRAIGHT MOVEMENT ANGLE,N/A,DRY,DAYLIGHT,STOP SIGN,NONE DETECTED,N/A,398AFCD4-3443-43E8-A69A-3AD400346089,BICYCLIST,Cross/Enter at Intersection,NO IMPROPER ACTIONS,ON ROADWAY NOT AT CROSSWALK,NO PED. SIGNAL,MIXED CLOTHING,No,POSSIBLE INJURY,MC/BIKE HELMET,39.01251963,-77.06408817,"(39.01251963, -77.06408817)"
MCP25700013,220044322,Montgomery County Police,Injury Crash,10/10/2022 05:43:00 PM,,,,,"ON THE 1ST FLOOR SOUTHERN PARKING GARAGE AT 11160 VEIRS MILL RD, WHEATON, MD 20902",,PEDESTRIAN,STRAIGHT MOVEMENT ANGLE,CLEAR,,DAYLIGHT,N/A,UNKNOWN,NONE DETECTED,0D95643F-486D-484B-BF49-20C226FE3380,PEDESTRIAN,Other,NO IMPROPER ACTIONS,OTHER,N/A,MIXED CLOTHING,No,SUSPECTED MINOR INJURY,N/A,39.03534039,-77.05381612,"(39.03534039, -77.05381612)"
MCP3079004J,220042708,Montgomery County Police,Injury Crash,09/30/2022 05:22:00 PM,Maryland (State),CLOPPER RD,County,MATENEY RD,,N/A,PEDESTRIAN,OTHER,RAINING,WET,DAYLIGHT,TRAFFIC SIGNAL,NONE DETECTED,NONE DETECTED,9C828579-7096-426C-90B2-F08B562D5F72,PEDESTRIAN,Cross/Enter at Intersection,N/A,AT INTERSECTION MARKED CROSSWALK,OBEYED PED. SIGNAL,MIXED CLOTHING,No,SUSPECTED MINOR INJURY,NONE,39.1565393,-77.26660512,"(39.1565393, -77.26660512)"
MCP3085003M,220029820,Montgomery County Police,Injury Crash,07/11/2022 06:27:00 PM,County,NICHOLSON LA,County,NICHOLSON CT,,N/A,PEDESTRIAN,HEAD ON LEFT TURN,CLEAR,DRY,DAYLIGHT,TRAFFIC SIGNAL,NONE DETECTED,NONE DETECTED,5F07B41F-D652-45E3-9B5D-F876586704CD,PEDESTRIAN,Cross/Enter at Intersection,NO IMPROPER ACTIONS,ON ROADWAY AT CROSSWALK,OBEYED PED. SIGNAL,MIXED CLOTHING,No,SUSPECTED MINOR INJURY,N/A,39.0454131,-77.10500228,"(39.0454131, -77.10500228)"
DD5571000B,220044711,Rockville Police Departme,Injury Crash,10/12/2022 05:27:00 PM,Municipality,MARYLAND AVE,Municipality,S WASHINGTON ST,,ROCKVILLE,PEDESTRIAN,SINGLE VEHICLE,CLOUDY,DRY,DAYLIGHT,N/A,NONE DETECTED,N/A,D4F6FE8F-30A4-4B1C-8E2C-11D480558CDC,PEDESTRIAN,Cross/Enter at Intersection,NO IMPROPER ACTIONS,ON ROADWAY AT CROSSWALK,OBEYED PED. SIGNAL,MIXED CLOTHING,No,SUSPECTED MINOR INJURY,N/A,39.08043397,-77.15271433,"(39.08043397, -77.15271433)"
MCP2864004L,220043830,Montgomery County Police,Injury Crash,10/07/2022 12:39:00 PM,,,,,REAR PARKING LOT OF:,,PEDESTRIAN,SAME DIR REAR END,CLEAR,,DAYLIGHT,N/A,UNKNOWN,NONE DETECTED,89C413AE-3846-4D8F-A361-73F9D5E08902,PEDESTRIAN,Other,NO IMPROPER ACTIONS,OTHER,N/A,MIXED CLOTHING,No,POSSIBLE INJURY,NONE,38.98569885,-77.09213895,"(38.98569885, -77.09213895)"
MCP31920036,220043914,Montgomery County Police,Injury Crash,10/07/2022 06:17:00 PM,Maryland (State),UNIVERSITY BLVD W,County,FERN ST,,N/A,PEDESTRIAN,SINGLE VEHICLE,CLEAR,DRY,DUSK,N/A,NONE DETECTED,NONE DETECTED,9BE05857-0836-4638-A14A-2197279FBFD9,PEDESTRIAN,Cross/Enter at Intersection,IN ROADWAY IMPROPERLY,ON ROADWAY NOT AT CROSSWALK,NO PED. SIGNAL,MIXED CLOTHING,Yes,POSSIBLE INJURY,NONE,39.04149467,-77.05098383,"(39.04149467, -77.05098383)"
MCP33280017,220043329,Montgomery County Police,Injury Crash,10/04/2022 06:32:00 PM,County,ARCOLA AVE,County,LAMBERTON DR,,N/A,PEDESTRIAN,SINGLE VEHICLE,RAINING,WET,DAYLIGHT,TRAFFIC SIGNAL,NONE DETECTED,N/A,D812B164-57A9-4242-9830-2562747F0C43,PEDESTRIAN,Cross/Enter at Intersection,FAILURE TO OBEY TRAFFIC SIGNS SIGNALS OR OFFICER,ON ROADWAY AT CROSSWALK,DISOBEYED PED. SIGNAL,UNKNOWN,Yes,SUSPECTED SERIOUS INJURY,NONE,39.04100667,-77.02923833,"(39.04100667, -77.02923833)"
MCP913000D7,220044371,Montgomery County Police,Injury Crash,10/11/2022 05:44:00 AM,Maryland (State),UNIVERSITY BLVD E,County,CARROLL AVE,,N/A,PEDESTRIAN,SINGLE VEHICLE,CLEAR,DRY,DARK LIGHTS ON,TRAFFIC SIGNAL,NONE DETECTED,NONE DETECTED,B3689CE8-09E5-4133-A5D0-A558CA4EB273,PEDESTRIAN,Cross/Enter at Intersection,DART DASH,ON ROADWAY AT CROSSWALK,DISOBEYED PED. SIGNAL,DARK CLOTHING,Yes,SUSPECTED SERIOUS INJURY,NONE,38.99385077,-76.99254645,"(38.99385077, -76.99254645)"
MCP2895002L,220045245,Montgomery County Police,Injury Crash,10/15/2022 04:30:00 PM,County,CENTURY BLVD,County,PINNACLE DR,,N/A,PEDESTRIAN,OTHER,CLEAR,DRY,DAYLIGHT,NO CONTROLS,UNKNOWN,NONE DETECTED,911D7207-0EF5-4EC1-ADD8-FE2B8ABF2AF2,PEDESTRIAN,Cross/Enter not at Intersection,NO IMPROPER ACTIONS,ON ROADWAY NOT AT CROSSWALK,N/A,MIXED CLOTHING,Yes,SUSPECTED MINOR INJURY,NONE,39.18207333,-77.26526833,"(39.18207333, -77.26526833)"
MCP1378012F,220045928,Montgomery County Police,Injury Crash,10/19/2022 04:52:00 PM,County,SANGAMORE RD,County,WALHONDING RD,,N/A,PEDESTRIAN,STRAIGHT MOVEMENT ANGLE,CLEAR,DRY,DAYLIGHT,STOP SIGN,NONE DETECTED,NONE DETECTED,961F1D28-92D8-4D20-81E8-C9312DB122A4,PEDESTRIAN,Walking/Cycling on Sidewalk,NO IMPROPER ACTIONS,SIDEWALK,NO PED. SIGNAL,DARK CLOTHING,No,SUSPECTED MINOR INJURY,NONE,38.962698,-77.12132582,"(38.962698, -77.12132582)"
DD56480016,220045225,Rockville Police Departme,Injury Crash,10/15/2022 01:13:00 PM,Municipality,MONROE ST,Municipality,FLEET ST,,ROCKVILLE,PEDESTRIAN,OTHER,CLEAR,DRY,DAYLIGHT,TRAFFIC SIGNAL,NONE DETECTED,NONE DETECTED,65D8E158-EEE8-4747-983E-6EDD59DC4070,PEDESTRIAN,Cross/Enter at Intersection,NO IMPROPER ACTIONS,AT INTERSECTION MARKED CROSSWALK,OBEYED PED. SIGNAL,OTHER,No,SUSPECTED MINOR INJURY,N/A,39.08069352,-77.14994534,"(39.08069352, -77.14994534)"
DD5653001X,220045117,Rockville Police Departme,Property Damage Crash,10/14/2022 07:30:00 AM,Municipality,MARYLAND AVE,Municipality,NEW MARK ESPLANADE,,ROCKVILLE,BICYCLIST,SINGLE VEHICLE,CLOUDY,UNKNOWN,DAYLIGHT,STOP SIGN,UNKNOWN,N/A,4E42D942-A912-4DD4-B121-CE958A966F76,BICYCLIST,Walking/Riding w/Traffic,NO IMPROPER ACTIONS,IN BIKEWAY,N/A,N/A,No,NO APPARENT INJURY,MC/BIKE HELMET,39.0788738,-77.15614325,"(39.0788738, -77.15614325)"
MCP2564002V,220045747,Montgomery County Police,Injury Crash,10/18/2022 05:08:00 PM,County,APPLE RIDGE RD,County,SHADOW OAK DR,,N/A,OTHER CONVEYANCE,SAME DIRECTION LEFT TURN,CLEAR,DRY,DAYLIGHT,NO CONTROLS,NONE DETECTED,NONE DETECTED,E47719F6-F7E5-4C9F-A316-F02C76A6FC3E,OTHER CONVEYANCE,Cross/Enter at Intersection,INATTENTIVE,ON ROADWAY AT CROSSWALK,NO PED. SIGNAL,DARK CLOTHING,Yes,SUSPECTED SERIOUS INJURY,NONE,39.185955,-77.20237167,"(39.185955, -77.20237167)"
EJ78890032,220045248,Gaithersburg Police Depar,Injury Crash,10/15/2022 04:20:00 PM,,,,,THE PARKING LOT OF 12130 DARNESTOWN RD GAITHERSBURG MD 20878,,PEDESTRIAN,OTHER,CLEAR,,DAYLIGHT,NO CONTROLS,NONE DETECTED,NONE DETECTED,43C39D7C-9D9E-424C-8EDF-FEFAEFB18923,PEDESTRIAN,Other,NO IMPROPER ACTIONS,OTHER,NO PED. SIGNAL,DARK CLOTHING,No,POSSIBLE INJURY,NONE,39.11713547,-77.25148558,"(39.11713547, -77.25148558)"
MCP2487002S,220045804,Montgomery County Police,Injury Crash,10/19/2022 07:16:00 AM,Maryland (State),FISHER AVE,Municipality,WOOTTON AVE,,POOLESVILLE,PEDESTRIAN,SINGLE VEHICLE,CLOUDY,DRY,DAWN,NO CONTROLS,NONE DETECTED,N/A,C9A7101B-E096-4163-A837-50ABCFEE1388,PEDESTRIAN,Cross/Enter at Intersection,NO IMPROPER ACTIONS,ON ROADWAY AT CROSSWALK,NO PED. SIGNAL,MIXED CLOTHING,No,SUSPECTED SERIOUS INJURY,NONE,39.14208282,-77.40739193,"(39.14208282, -77.40739193)"
MCP2622003D,220045455,Montgomery County Police,Injury Crash,10/17/2022 06:41:00 AM,County,BLACKBURN LA,County,BLACKBURN RD,,N/A,PEDESTRIAN,OTHER,CLEAR,DRY,DAWN,N/A,NONE DETECTED,NONE DETECTED,FB041801-52FA-48BC-B770-84C9E7C904E5,PEDESTRIAN,Walking/Cycling on Sidewalk,NO IMPROPER ACTIONS,SIDEWALK,NO PED. SIGNAL,MIXED CLOTHING,No,SUSPECTED SERIOUS INJURY,NONE,39.103721,-76.931234,"(39.103721, -76.931234)"
MCP33200013,220044963,Montgomery County Police,Injury Crash,10/13/2022 09:42:00 PM,Maryland (State),COLESVILLE RD,Maryland (State),EAST WEST HWY,,N/A,PEDESTRIAN,OTHER,RAINING,WET,DARK LIGHTS ON,TRAFFIC SIGNAL,NONE DETECTED,NONE DETECTED,6F1AC3AE-CD28-4B88-BDE0-4EAB0EB95A51,PEDESTRIAN,Cross/Enter at Intersection,NO IMPROPER ACTIONS,ON ROADWAY AT CROSSWALK,OBEYED PED. SIGNAL,MIXED CLOTHING,No,SUSPECTED MINOR INJURY,NONE,38.99355427,-77.03212944,"(38.99355427, -77.03212944)"
MCP3090006F,220045233,Montgomery County Police,Injury Crash,10/15/2022 02:40:00 PM,,,,,"PARKING LOT OF 438 N FREDERICK AVE. GAITHERSBURG, MD",,PEDESTRIAN,OTHER,CLEAR,,DAYLIGHT,N/A,N/A,N/A,879FEED3-1E44-4ED4-AE72-CD0C6DB0277F,PEDESTRIAN,N/A,OTHER,OTHER,N/A,DARK CLOTHING,No,POSSIBLE INJURY,N/A,39.14754333,-77.206474,"(39.14754333, -77.206474)"
EJ7888002Z,220045189,Gaithersburg Police Depar,Injury Crash,10/15/2022 07:55:00 AM,County,MUDDY BRANCH RD,Municipality,W DEER PARK RD,,GAITHERSBURG,OTHER,OTHER,CLEAR,DRY,DAYLIGHT,NO CONTROLS,NONE DETECTED,NONE DETECTED,0F2FB106-E69F-4914-81A6-0F74EB3D4FB6,OTHER,Walking/Riding w/Traffic,NO IMPROPER ACTIONS,ON ROADWAY NOT AT CROSSWALK,N/A,MIXED CLOTHING,No,SUSPECTED MINOR INJURY,MC/BIKE HELMET,39.13549523,-77.20560648,"(39.13549523, -77.20560648)"
MCP33120027,220045002,Montgomery County Police,Injury Crash,10/14/2022 09:00:00 AM,County,OLD COLUMBIA PIKE,Unknown,CLIFTONDALE DR,,N/A,PEDESTRIAN,SINGLE VEHICLE,CLEAR,WET,DAYLIGHT,NO CONTROLS,NONE DETECTED,NONE DETECTED,173772F5-6D65-4FE9-9669-F0824241D679,PEDESTRIAN,Standing,NO IMPROPER ACTIONS,AT INTERSECTION BUT NO CROSSWALK,N/A,REFLECTIVE MATERIAL,No,POSSIBLE INJURY,REFLECTIVE CLOTHING,39.053705,-76.97383833,"(39.053705, -76.97383833)"
MCP1301001T,220023484,Montgomery County Police,Fatal Crash,06/01/2022 04:09:00 PM,Maryland (State),OLD GEORGETOWN RD,County,CHESHIRE DR,,N/A,BICYCLIST,SINGLE VEHICLE,CLEAR,DRY,DAYLIGHT,NO CONTROLS,NONE DETECTED,NONE DETECTED,B71FD9C4-97DB-44A8-B161-7FEF7E4B89AD,BICYCLIST,Walking/Cycling on Sidewalk,IN ROADWAY IMPROPERLY,ON ROADWAY NOT AT CROSSWALK,N/A,MIXED CLOTHING,Yes,FATAL INJURY,NONE,39.02156833,-77.12286667,"(39.02156833, -77.12286667)"
EJ7870005W,220046364,Gaithersburg Police Depar,Injury Crash,10/22/2022 12:38:00 PM,Maryland (State),FREDERICK RD,Municipality,TRAVIS AVE,,GAITHERSBURG,PEDESTRIAN,SINGLE VEHICLE,CLEAR,DRY,DAYLIGHT,STOP SIGN,UNKNOWN,NONE DETECTED,FB51F8C8-DD01-49A7-AA28-0175D4244078,PEDESTRIAN,Cross/Enter at Intersection,NO IMPROPER ACTIONS,AT INTERSECTION MARKED CROSSWALK,NO PED. SIGNAL,MIXED CLOTHING,No,POSSIBLE INJURY,NONE,39.1599267,-77.2213725,"(39.1599267, -77.2213725)"
MCP3230003F,220044308,Montgomery County Police,Injury Crash,10/10/2022 05:15:00 PM,Maryland (State),LAYHILL RD,County,BRIGGS RD,,N/A,PEDESTRIAN,OTHER,CLEAR,DRY,DAYLIGHT,TRAFFIC SIGNAL,NONE DETECTED,NONE DETECTED,83700679-C697-4095-B793-26E934E8FCE4,PEDESTRIAN,Cross/Enter at Intersection,NO IMPROPER ACTIONS,AT INTERSECTION MARKED CROSSWALK,OBEYED PED. SIGNAL,LIGHT CLOTHING,No,SUSPECTED MINOR INJURY,N/A,39.0688025,-77.04611233,"(39.0688025, -77.04611233)"
MCP3191003Q,220046868,Montgomery County Police,Property Damage Crash,10/25/2022 04:45:00 PM,Municipality,KOHLHOSS RD,Municipality,WOOTTON AVE,,POOLESVILLE,BICYCLIST,OTHER,CLOUDY,DRY,DAYLIGHT,NO CONTROLS,NONE DETECTED,NONE DETECTED,A3A099B5-F1EF-4F6A-8828-0C00DABBD104,BICYCLIST,Cross/Enter at Intersection,INATTENTIVE,AT INTERSECTION BUT NO CROSSWALK,N/A,MIXED CLOTHING,Yes,NO APPARENT INJURY,NONE,39.14392473,-77.40558168,"(39.14392473, -77.40558168)"
MCP3119003W,220046941,Montgomery County Police,Injury Crash,10/26/2022 06:55:00 AM,Other Public Roadway,APPLE RIDGE RD,Unknown,BUHRSTONE DR,,N/A,PEDESTRIAN,OTHER,RAINING,WET,DUSK,OTHER,NONE DETECTED,NONE DETECTED,AA595B69-9E9E-4B48-B611-B9DFB4E4E688,PEDESTRIAN,Walking to/from school,NOT VISIBLE,UNKNOWN,UNKNOWN,DARK CLOTHING,Yes,SUSPECTED MINOR INJURY,NONE,39.14620767,-77.17068367,"(39.14620767, -77.17068367)"
MCP33120028,220045809,Montgomery County Police,Injury Crash,10/19/2022 07:55:00 AM,County,VALLEY BROOK DR,County,GREENHILL DR,,N/A,PEDESTRIAN,SINGLE VEHICLE,CLEAR,DRY,DAYLIGHT,NO CONTROLS,NONE DETECTED,NONE DETECTED,8A829653-A958-4792-9E41-4C7E9112C936,PEDESTRIAN,Cross/Enter at Intersection,FAILURE TO YIELD RIGHT OF WAY,ON ROADWAY NOT AT CROSSWALK,NO PED. SIGNAL,DARK CLOTHING,Yes,POSSIBLE INJURY,NONE,39.05814167,-77.00284,"(39.05814167, -77.00284)"
MCP3222001Z,220042158,Montgomery County Police,Injury Crash,09/27/2022 04:46:00 PM,Maryland (State),BRADLEY BLVD,County,HUNTINGTON PKWY,,N/A,BICYCLIST,OTHER,CLEAR,DRY,DAYLIGHT,TRAFFIC SIGNAL,NONE DETECTED,NONE DETECTED,B7DB7D91-A171-49D8-81B3-A03F3E74E322,BICYCLIST,Walking/Riding w/Traffic,FAILURE TO YIELD RIGHT OF WAY,ON ROADWAY NOT AT CROSSWALK,NO PED. SIGNAL,MIXED CLOTHING,Yes,POSSIBLE INJURY,MC/BIKE HELMET,38.993018,-77.11893217,"(38.993018, -77.11893217)"
DD5607003Y,220046275,Rockville Police Departme,Injury Crash,10/21/2022 03:15:00 PM,Maryland (State),ROCKVILLE PIKE,Municipality,HALPINE RD,,ROCKVILLE,PEDESTRIAN,OTHER,CLEAR,N/A,DAYLIGHT,TRAFFIC SIGNAL,N/A,N/A,984A58CD-8658-44AE-BF36-D64622887086,PEDESTRIAN,Cross/Enter at Intersection,NO IMPROPER ACTIONS,AT INTERSECTION MARKED CROSSWALK,UNKNOWN,UNKNOWN,No,SUSPECTED MINOR INJURY,N/A,39.06174883,-77.12405417,"(39.06174883, -77.12405417)"
MCP9428004S,220046770,Montgomery County Police,Injury Crash,10/25/2022 08:53:00 AM,,,,,19208 CIRCLE GATE DRIVE(SENECA PLACE APARTMENT LOT),,OTHER CONVEYANCE,STRAIGHT MOVEMENT ANGLE,N/A,,DAYLIGHT,STOP SIGN,NONE DETECTED,NONE DETECTED,9DB65F35-F7E9-4AC0-9C9D-23C2B6265344,OTHER CONVEYANCE,Cross/Enter at Intersection,NO IMPROPER ACTIONS,ON ROADWAY AT CROSSWALK,NO PED. SIGNAL,MIXED CLOTHING,No,SUSPECTED SERIOUS INJURY,NONE,39.16947222,-77.26421936,"(39.16947222, -77.26421936)"
DD561500D8,220047000,Rockville Police Departme,Property Damage Crash,10/26/2022 01:45:00 PM,,,,,"PARKING LOT OF 155 ROLLINS AVE, ROCKVILLE, MARYLAND.",,OTHER,SINGLE VEHICLE,N/A,,DAYLIGHT,NO CONTROLS,NONE DETECTED,NONE DETECTED,7A7C7860-0E29-4EB4-B240-1EBABCD133DB,OTHER,Other,NO IMPROPER ACTIONS,OTHER,OTHER,DARK CLOTHING,No,NO APPARENT INJURY,NONE,39.05878197,-77.124726,"(39.05878197, -77.124726)"
MCP26830063,220043111,Montgomery County Police,Injury Crash,10/03/2022 03:45:00 PM,County,LOST KNIFE RD,Other Public Roadway,ODENDHAL AVE,,N/A,PEDESTRIAN,OTHER,RAINING,WET,DAYLIGHT,NO CONTROLS,NONE DETECTED,NONE DETECTED,E2C00137-F8BE-42F8-A761-54FE850BFF2B,PEDESTRIAN,Other,DART DASH,ON ROADWAY NOT AT CROSSWALK,NO PED. SIGNAL,MIXED CLOTHING,Yes,SUSPECTED MINOR INJURY,NONE,39.15314,-77.19932667,"(39.15314, -77.19932667)"
MCP3329000R,220046123,Montgomery County Police,Injury Crash,10/20/2022 07:04:00 PM,County,AVENEL RD,Other Public Roadway,CAMILLUS DR,,N/A,BICYCLIST,HEAD ON LEFT TURN,CLEAR,DRY,DARK -- UNKNOWN LIGHTING,N/A,NONE DETECTED,NONE DETECTED,F4350A95-415C-4FB9-BB47-1CB289C54F30,BICYCLIST,Cross/Enter at Intersection,NO IMPROPER ACTIONS,AT INTERSECTION BUT NO CROSSWALK,NO PED. SIGNAL,DARK CLOTHING,No,SUSPECTED MINOR INJURY,N/A,39.00969333,-76.98029,"(39.00969333, -76.98029)"
MCP33420009,220045119,Montgomery County Police,Injury Crash,10/14/2022 06:32:00 PM,Maryland (State),NEW HAMPSHIRE AVE,County,ASHTON OAKS CT,,N/A,PEDESTRIAN,SINGLE VEHICLE,CLEAR,DRY,DARK NO LIGHTS,NO CONTROLS,NONE DETECTED,ALCOHOL PRESENT,EE675A5C-AE35-4AB1-9381-89535E31068D,PEDESTRIAN,Walking/Riding w/Traffic,DART DASH,ON ROADWAY NOT AT CROSSWALK,NO PED. SIGNAL,DARK CLOTHING,Yes,SUSPECTED SERIOUS INJURY,NONE,39.15768979,-77.01388182,"(39.15768979, -77.01388182)"
MCP32200035,220044009,Montgomery County Police,Injury Crash,10/08/2022 02:10:00 PM,,,,,INSIDE EXTRA SPACE STORAGE FACILITY LOCATED AT 18920 EARHART CT.,,PEDESTRIAN,SINGLE VEHICLE,CLEAR,,DAYLIGHT,NO CONTROLS,,NONE DETECTED,5C66CFE9-BE92-4DE3-99EC-19AD694B9D1A,PEDESTRIAN,Standing,INATTENTIVE,OTHER,NO PED. SIGNAL,MIXED CLOTHING,Unknown,POSSIBLE INJURY,NONE,39.16866679,-77.17357839,"(39.16866679, -77.17357839)"
MCP3012006Y,200031220,Montgomery County Police,Fatal Crash,08/11/2020 10:09:00 AM,County,BEL PRE RD,County,LONDON LA,,N/A,PEDESTRIAN,SINGLE VEHICLE,CLEAR,DRY,DAYLIGHT,NO CONTROLS,UNKNOWN,N/A,200A8E58-E5FA-4BA9-B7DC-D4F49531776B,PEDESTRIAN,Standing,ENTERING EXITING PARKED STANDING VEHICLE,OTHER,N/A,LIGHT CLOTHING,No,FATAL INJURY,N/A,39.092935,-77.08049333,"(39.092935, -77.08049333)"
MCP31290057,220046225,Montgomery County Police,Injury Crash,10/21/2022 02:10:00 PM,,,,,"PARKING LOT OF USPS 14030 CONNECTICUT AVE, SILVER SPRING MD, 20906",,PEDESTRIAN,SINGLE VEHICLE,CLEAR,,DAYLIGHT,N/A,NONE DETECTED,NONE DETECTED,9DE5B024-EA1E-4364-8022-3EFD2260964F,PEDESTRIAN,Standing,NO IMPROPER ACTIONS,INSIDE BUILDING,N/A,MIXED CLOTHING,No,SUSPECTED MINOR INJURY,N/A,39.08613198,-77.07458404,"(39.08613198, -77.07458404)"
DD5527004B,220046130,Rockville Police Departme,Injury Crash,10/20/2022 07:27:00 PM,Municipality,GAITHER RD,Municipality,RIDGEMONT AVE,,ROCKVILLE,PEDESTRIAN,OTHER,CLEAR,DRY,DARK LIGHTS ON,NO CONTROLS,NONE DETECTED,ALCOHOL PRESENT,EC1EB1EB-A1F5-4478-908A-787FA4BBFEA5,PEDESTRIAN,Cross/Enter at Intersection,FAILURE TO YIELD RIGHT OF WAY,AT INTERSECTION BUT NO CROSSWALK,NO PED. SIGNAL,DARK CLOTHING,Yes,SUSPECTED MINOR INJURY,NONE,39.11313684,-77.17599815,"(39.11313684, -77.17599815)"
MCP2771001C,220045999,Montgomery County Police,Property Damage Crash,10/20/2022 07:58:00 AM,Maryland (State),GEORGIA AVE,County,BEL PRE RD,,N/A,PEDESTRIAN,STRAIGHT MOVEMENT ANGLE,CLEAR,DRY,DAYLIGHT,NO CONTROLS,N/A,N/A,564B8296-F40B-429B-BE30-9B4CB880F365,PEDESTRIAN,Cross/Enter not at Intersection,DART DASH,ON ROADWAY NOT AT CROSSWALK,NO PED. SIGNAL,MIXED CLOTHING,Yes,NO APPARENT INJURY,NONE,39.05838333,-77.04797667,"(39.05838333, -77.04797667)"
MCP235300B4,220047332,Montgomery County Police,Property Damage Crash,10/28/2022 09:27:00 AM,County,WESTBARD AVE,County,RIDGEFIELD RD,,N/A,OTHER,SINGLE VEHICLE,CLOUDY,DRY,DAYLIGHT,PERSON,NONE DETECTED,NONE DETECTED,FC89666D-1293-42A0-9D36-600F9CCA6B9A,OTHER,Other,IN ROADWAY IMPROPERLY,OTHER,N/A,REFLECTIVE MATERIAL,No,NO APPARENT INJURY,REFLECTIVE CLOTHING,38.96527383,-77.10763233,"(38.96527383, -77.10763233)"
DD559500C4,220047526,Rockville Police Departme,Injury Crash,10/29/2022 12:42:00 PM,,,,,EXIT TO THE BUSINESS LOCATED AT 1801 ROCKVILLE PIKE,,PEDESTRIAN,OTHER,N/A,,DAYLIGHT,NO CONTROLS,NONE DETECTED,NONE DETECTED,5DAD5893-2DDD-4EAC-B74B-267A7B592985,PEDESTRIAN,Other,NO IMPROPER ACTIONS,N/A,NO PED. SIGNAL,LIGHT CLOTHING,No,SUSPECTED MINOR INJURY,NONE,39.0599005,-77.12279267,"(39.0599005, -77.12279267)"
MCP3123004R,220047391,Montgomery County Police,Injury Crash,10/28/2022 02:38:00 PM,County,SEVEN LOCKS RD,County,IVYMOUNT TERR,,N/A,PEDESTRIAN,OTHER,CLEAR,DRY,DAYLIGHT,N/A,N/A,N/A,9B8ED540-E262-4ED0-8BB9-354EBF92D161,PEDESTRIAN,Cross/Enter not at Intersection,DART DASH,OUTSIDE RIGHT OF WAY,NO PED. SIGNAL,UNKNOWN,Yes,SUSPECTED SERIOUS INJURY,NONE,39.04712886,-77.16162564,"(39.04712886, -77.16162564)"
MCP2001001W,220046566,Montgomery County Police,Fatal Crash,10/23/2022 11:00:00 PM,Maryland (State),GEORGIA AVE,County,JANET RD,,N/A,BICYCLIST,STRAIGHT MOVEMENT ANGLE,RAINING,WET,DARK NO LIGHTS,NO CONTROLS,UNKNOWN,UNKNOWN,CE72A092-29BD-46E3-B181-5DFF18C8C285,BICYCLIST,Cross/Enter not at Intersection,UNKNOWN,ON ROADWAY NOT AT CROSSWALK,NO PED. SIGNAL,UNKNOWN,Unknown,FATAL INJURY,NONE,39.06932364,-77.06226082,"(39.06932364, -77.06226082)"
MCP3123004P,220047172,Montgomery County Police,Injury Crash,10/27/2022 01:08:00 PM,County,TWINBROOK PKWY,Maryland (State),VEIRS MILL RD,,N/A,PEDESTRIAN,OTHER,CLEAR,DRY,DAYLIGHT,N/A,N/A,N/A,18088416-FA4F-4A3F-81E9-E190D9761690,PEDESTRIAN,Cross/Enter not at Intersection,DART DASH,OUTSIDE RIGHT OF WAY,NO PED. SIGNAL,MIXED CLOTHING,Yes,SUSPECTED MINOR INJURY,N/A,39.07306,-77.11221131,"(39.07306, -77.11221131)"