Report Number,Local Case Number,Agency Name,ACRS Report Type,Crash Date/Time,Route Type,Road Name,Cross-Street Type,Cross-Street Name,Off-Road Description,Municipality,Related Non-Motorist,Collision Type,Weather,Surface Condition,Light,Traffic Control,Driver Substance Abuse,Non-Motorist Substance Abuse,Person ID,Pedestrian Type,Pedestrian Movement,Pedestrian Actions,Pedestrian Location,Pedestrian Obeyed Traffic Signal,Pedestrian Visibility,At Fault,Injury Severity,Safety Equipment,Latitude,Longitude,Location
MCP3044005X,220046657,Montgomery County Police,Injury Crash,10/24/2022 04:04:00 PM,County,ROBEY RD,Unknown,PALMER HOUSE WAY,,N/A,PEDESTRIAN,OTHER,CLEAR,DRY,DAYLIGHT,NO CONTROLS,NONE DETECTED,NONE DETECTED,32338FCB-5F7D-4A92-994E-7A5AF46329C7,PEDESTRIAN,Cross/Enter not at Intersection,DART DASH,ON ROADWAY NOT AT CROSSWALK,NO PED. SIGNAL,LIGHT CLOTHING,Yes,SUSPECTED MINOR INJURY,NONE,39.08166168,-76.94116653,"(39.08166168, -76.94116653)"
MCP3031004K,220047872,Montgomery County Police,Injury Crash,10/31/2022 06:00:00 PM,Maryland (State),LAYHILL RD,County,GLENALLAN AVE,,N/A,PEDESTRIAN,SINGLE VEHICLE,RAINING,WET,DARK LIGHTS ON,TRAFFIC SIGNAL,NONE DETECTED,NONE DETECTED,0617CD6B-F434-4059-99E9-65BC8B70EC09,PEDESTRIAN,Cross/Enter at Intersection,NO IMPROPER ACTIONS,AT INTERSECTION MARKED CROSSWALK,OBEYED PED. SIGNAL,DARK CLOTHING,No,POSSIBLE INJURY,NONE,39.06333667,-77.050015,"(39.06333667, -77.050015)"
EJ7852006F,220046268,Gaithersburg Police Depar,Property Damage Crash,10/21/2022 05:49:00 PM,,,,,104 MAIN STREET,,PEDESTRIAN,OTHER,N/A,,DAYLIGHT,N/A,N/A,NONE DETECTED,99D584C1-3E7D-4CE5-B7E2-9D6809B7EF3D,PEDESTRIAN,Other,INATTENTIVE,OUTSIDE RIGHT OF WAY,NO PED. SIGNAL,REFLECTIVE MATERIAL,Yes,NO APPARENT INJURY,REFLECTIVE CLOTHING,39.12431796,-77.2370865,"(39.12431796, -77.2370865)"
MCP3085003L,220037566,Montgomery County Police,Property Damage Crash,08/30/2022 02:30:00 PM,Maryland (State),EAST WEST HWY (W/B COUPLET),County,WAVERLY ST,,N/A,BICYCLIST,SAME DIR REAR END,N/A,DRY,DAYLIGHT,N/A,N/A,NONE DETECTED,9705B241-A45F-4105-B159-98F33587D9C4,BICYCLIST,Walking/Riding w/Traffic,NO IMPROPER ACTIONS,OTHER,N/A,MIXED CLOTHING,No,NO APPARENT INJURY,MC/BIKE HELMET,39.03829833,-77.05635667,"(39.03829833, -77.05635667)"
DD5603009K,220047251,Rockville Police Departme,Property Damage Crash,10/27/2022 05:15:00 PM,Municipality,REDLAND BLVD,Municipality,THOMPSON DAIRY WAY,,ROCKVILLE,BICYCLIST,STRAIGHT MOVEMENT ANGLE,CLEAR,DRY,DAYLIGHT,TRAFFIC SIGNAL,NONE DETECTED,NONE DETECTED,ED076366-CB68-4CC7-B2CB-C1596C7868A6,BICYCLIST,Cross/Enter at Intersection,INATTENTIVE,ON ROADWAY NOT AT CROSSWALK,UNKNOWN,N/A,Yes,NO APPARENT INJURY,NONE,39.11266429,-77.17128621,"(39.11266429, -77.17128621)"
MCP3329000S,220046987,Montgomery County Police,Property Damage Crash,10/26/2022 12:41:00 PM,US (State),GEORGIA AVE,County,WAYNE AVE,,N/A,PEDESTRIAN,STRAIGHT MOVEMENT ANGLE,CLEAR,N/A,DAYLIGHT,TRAFFIC SIGNAL,UNKNOWN,NONE DETECTED,CDCD7B23-E6D4-4E6E-97F8-8FAED540768F,PEDESTRIAN,Cross/Enter at Intersection,NO IMPROPER ACTIONS,AT INTERSECTION MARKED CROSSWALK,OBEYED PED. SIGNAL,MIXED CLOTHING,No,NO APPARENT INJURY,N/A,38.99473494,-77.02665961,"(38.99473494, -77.02665961)"
MCP1227001R,220049219,Montgomery County Police,Fatal Crash,11/08/2022 07:20:00 AM,Municipality,SCHOOL DR,Other Public Roadway,BIG ACRE SQUARE,,N/A,PEDESTRIAN,SINGLE VEHICLE,CLEAR,DRY,DAYLIGHT,NO CONTROLS,ALCOHOL CONTRIBUTED,NONE DETECTED,E65D7BCC-4D46-4BDA-B433-55FCD59AD8D0,PEDESTRIAN,Walking to/from school,UNKNOWN,UNKNOWN,NO PED. SIGNAL,MIXED CLOTHING,Unknown,FATAL INJURY,N/A,39.11820121,-77.21493809,"(39.11820121, -77.21493809)"
MCP31650046,220048786,Montgomery County Police,Property Damage Crash,11/05/2022 10:00:00 AM,Maryland (State),SANDY SPRING RD,Unknown,ENT TO BUSINESS,,N/A,BICYCLIST,OTHER,CLEAR,DRY,DAYLIGHT,NO CONTROLS,NONE DETECTED,NONE DETECTED,E3114F65-9718-4ED7-BED6-3018E17BD6A5,BICYCLIST,Walking/Riding w/Traffic,NO IMPROPER ACTIONS,SHOULDER,N/A,LIGHT CLOTHING,No,NO APPARENT INJURY,N/A,39.110698,-76.93398367,"(39.110698, -76.93398367)"
MCP22780040,220048945,Montgomery County Police,Injury Crash,11/06/2022 10:59:00 AM,County,DEMOCRACY LA,County,BELLS MILL TERR,,N/A,PEDESTRIAN,OTHER,CLEAR,DRY,DAYLIGHT,NO CONTROLS,NONE DETECTED,NONE DETECTED,926E5792-E187-49CA-9766-C32313A345A5,PEDESTRIAN,Cross/Enter not at Intersection,DART DASH,ON ROADWAY NOT AT CROSSWALK,NO PED. SIGNAL,MIXED CLOTHING,Yes,POSSIBLE INJURY,N/A,39.23423667,-77.28175833,"(39.23423667, -77.28175833)"
MCP27760043,220048469,Montgomery County Police,Injury Crash,11/03/2022 05:00:00 PM,Maryland (State),OLNEY SANDY SPRING RD,Unknown,VILLAGE CENTER DR,,N/A,PEDESTRIAN,STRAIGHT MOVEMENT ANGLE,CLEAR,DRY,DAYLIGHT,TRAFFIC SIGNAL,NONE DETECTED,NONE DETECTED,A40CDCAC-E12F-4CB6-BF42-0C67FF823C9C,PEDESTRIAN,Cross/Enter at Intersection,UNKNOWN,ON ROADWAY AT CROSSWALK,OBEYED PED. SIGNAL,UNKNOWN,No,SUSPECTED SERIOUS INJURY,UNKNOWN,39.15211167,-77.06453,"(39.15211167, -77.06453)"
MCP1227001R,220049219,Montgomery County Police,Fatal Crash,11/08/2022 07:20:00 AM,Municipality,SCHOOL DR,Other Public Roadway,BIG ACRE SQUARE,,N/A,PEDESTRIAN,SINGLE VEHICLE,CLEAR,DRY,DAYLIGHT,NO CONTROLS,ALCOHOL CONTRIBUTED,NONE DETECTED,0AF800EF-B4D8-403D-8FE1-2BEB5EFEA413,PEDESTRIAN,Walking to/from school,UNKNOWN,UNKNOWN,NO PED. SIGNAL,MIXED CLOTHING,Unknown,FATAL INJURY,NONE,39.11820121,-77.21493809,"(39.11820121, -77.21493809)"
DD5652001N,220048412,Rockville Police Departme,Injury Crash,11/03/2022 01:09:00 PM,,,,,625 HUNGERFORD DR,,PEDESTRIAN,SAME DIR REAR END,CLEAR,,DAYLIGHT,NO CONTROLS,NONE DETECTED,NONE DETECTED,8AED5528-70E0-424A-8F19-B76AFDF93EE0,PEDESTRIAN,Other,NO IMPROPER ACTIONS,OTHER,OTHER,DARK CLOTHING,No,SUSPECTED MINOR INJURY,NONE,39.09214059,-77.15244737,"(39.09214059, -77.15244737)"
MCP2563001C,220019208,Montgomery County Police,Injury Crash,05/05/2022 09:54:00 PM,US (State),COLUMBIA PIKE,County,PRELUDE DR,,N/A,PEDESTRIAN,SINGLE VEHICLE,CLEAR,DRY,DARK LIGHTS ON,TRAFFIC SIGNAL,NONE DETECTED,UNKNOWN,C8DD5AFB-FE6D-4DDD-BE14-9CAE62BE3680,PEDESTRIAN,Cross/Enter at Intersection,NO IMPROPER ACTIONS,ON ROADWAY AT CROSSWALK,OBEYED PED. SIGNAL,DARK CLOTHING,No,SUSPECTED SERIOUS INJURY,NONE,39.03919333,-76.99782333,"(39.03919333, -76.99782333)"
EJ7893001Y,220050558,Gaithersburg Police Depar,Injury Crash,11/15/2022 09:05:00 PM,Municipality,GIRARD ST,Municipality,VICTORY FARM DR,,GAITHERSBURG,PEDESTRIAN,OTHER,RAINING,WET,DARK LIGHTS ON,YIELD SIGN,NONE DETECTED,NONE DETECTED,3F4211D4-511F-4BAB-986B-D5ABB8824586,PEDESTRIAN,Cross/Enter at Intersection,IN ROADWAY IMPROPERLY,ON ROADWAY NOT AT CROSSWALK,NO PED. SIGNAL,DARK CLOTHING,Yes,SUSPECTED MINOR INJURY,N/A,39.14650785,-77.18509507,"(39.14650785, -77.18509507)"
MCP9419003X,220049126,Montgomery County Police,Injury Crash,11/07/2022 02:36:00 PM,Maryland (State),HUNGERFORD DR,Municipality,FREDERICK AVE #2,,ROCKVILLE,PEDESTRIAN,OTHER,CLEAR,DRY,DAYLIGHT,TRAFFIC SIGNAL,NONE DETECTED,NONE DETECTED,C26F947A-D243-45DC-9536-5F5267044ED4,PEDESTRIAN,Cross/Enter at Intersection,NO IMPROPER ACTIONS,ON ROADWAY AT CROSSWALK,OBEYED PED. SIGNAL,DARK CLOTHING,No,SUSPECTED MINOR INJURY,NONE,39.09434167,-77.15334167,"(39.09434167, -77.15334167)"
MCP284800BX,220049624,Montgomery County Police,Injury Crash,11/10/2022 07:20:00 AM,County,RICHTER FARM RD,County,CRICKET HILL DR,,N/A,PEDESTRIAN,SINGLE VEHICLE,N/A,DRY,DAYLIGHT,STOP SIGN,UNKNOWN,NONE DETECTED,BB24A932-7FF4-4552-BEEE-5D6A233BAD6B,PEDESTRIAN,Cross/Enter at Intersection,NO IMPROPER ACTIONS,AT INTERSECTION MARKED CROSSWALK,NO PED. SIGNAL,LIGHT CLOTHING,No,POSSIBLE INJURY,N/A,39.151581,-77.281184,"(39.151581, -77.281184)"
MCP289200D0,220049701,Montgomery County Police,Injury Crash,11/10/2022 03:45:00 PM,,,,,SIDEWALK ADJACENT TO THE 7-11 PARKING LOT,,PEDESTRIAN,SINGLE VEHICLE,CLEAR,,DAYLIGHT,N/A,NONE DETECTED,NONE DETECTED,16B4244D-15B3-4B6F-8DF2-34A753005E3A,PEDESTRIAN,Cross/Enter at Intersection,NO IMPROPER ACTIONS,SIDEWALK,NO PED. SIGNAL,MIXED CLOTHING,No,POSSIBLE INJURY,NONE,39.02042767,-77.01280721,"(39.02042767, -77.01280721)"
MCP3005006X,220050517,Montgomery County Police,Injury Crash,11/15/2022 05:05:00 PM,Maryland (State),GEORGIA AVE,County,URBANA DR,,N/A,BICYCLIST,SINGLE VEHICLE,RAINING,WET,DARK NO LIGHTS,TRAFFIC SIGNAL,NONE DETECTED,NONE DETECTED,D97C630E-4535-4A67-B418-2D248E1C1AC5,BICYCLIST,Cross/Enter at Intersection,UNKNOWN,ON ROADWAY AT CROSSWALK,UNKNOWN,MIXED CLOTHING,Unknown,POSSIBLE INJURY,NONE,39.06127,-77.05244167,"(39.06127, -77.05244167)"
MCP3337000V,220049173,Montgomery County Police,Injury Crash,11/07/2022 06:13:00 PM,Maryland (State),GEORGIA AVE,County,EPPING RD,,N/A,OTHER CONVEYANCE,HEAD ON LEFT TURN,CLEAR,DRY,DARK LIGHTS ON,NO CONTROLS,NONE DETECTED,NONE DETECTED,0F6C46AA-9E0E-4CFB-ACDD-507E0C6DB9E7,OTHER CONVEYANCE,Cross/Enter at Intersection,NO IMPROPER ACTIONS,AT INTERSECTION BUT NO CROSSWALK,NO PED. SIGNAL,DARK CLOTHING,No,SUSPECTED MINOR INJURY,NONE,39.06520703,-77.05779474,"(39.06520703, -77.05779474)"
DM8479001N,220049763,Takoma Park Police Depart,Property Damage Crash,11/10/2022 09:50:00 PM,Maryland (State),NEW HAMPSHIRE AVE,Maryland (State),UNIVERSITY BLVD,,N/A,OTHER,SAME DIR REAR END,CLEAR,DRY,DARK LIGHTS ON,TRAFFIC SIGNAL,NONE DETECTED,NONE DETECTED,F9663677-0CC7-43BD-9018-77BB3911FD6E,OTHER,Standing,UNKNOWN,ON ROADWAY NOT AT CROSSWALK,N/A,DARK CLOTHING,Unknown,NO APPARENT INJURY,NONE,38.98874017,-76.98835567,"(38.98874017, -76.98835567)"
DD5652001Q,220050140,Rockville Police Departme,Property Damage Crash,11/13/2022 03:48:00 PM,Municipality,TEMPLETON PL,Maryland (State),ROCKVILLE PIKE,,N/A,PEDESTRIAN,STRAIGHT MOVEMENT ANGLE,CLEAR,DRY,DAYLIGHT,TRAFFIC SIGNAL,UNKNOWN,NONE DETECTED,73431F0A-C874-42F5-9D44-8E08FC445106,PEDESTRIAN,Cross/Enter at Intersection,NO IMPROPER ACTIONS,AT INTERSECTION MARKED CROSSWALK,OBEYED PED. SIGNAL,LIGHT CLOTHING,No,NO APPARENT INJURY,N/A,39.06687019,-77.12834047,"(39.06687019, -77.12834047)"
MCP2686005Q,220050552,Montgomery County Police,Injury Crash,11/15/2022 07:10:00 PM,Municipality,TRAVIS AVE,Maryland (State),FREDERICK RD,,N/A,PEDESTRIAN,SINGLE VEHICLE,RAINING,WET,DARK NO LIGHTS,TRAFFIC SIGNAL,NONE DETECTED,NONE DETECTED,1408FB6E-E29F-4CBC-98B4-3AB67F5637FA,PEDESTRIAN,Cross/Enter at Intersection,NO IMPROPER ACTIONS,AT INTERSECTION MARKED CROSSWALK,OBEYED PED. SIGNAL,MIXED CLOTHING,No,SUSPECTED MINOR INJURY,NONE,39.16139296,-77.22251183,"(39.16139296, -77.22251183)"
MCP2215001Z,220050696,Montgomery County Police,Property Damage Crash,11/16/2022 03:27:00 PM,,,,,PARKING LOT OF 20910 FREDERICK RD,,PEDESTRIAN,OTHER,CLEAR,,DAYLIGHT,N/A,NONE DETECTED,NONE DETECTED,08246468-79FD-4B5A-9B31-F2C8886D3519,PEDESTRIAN,Other,OTHER,OTHER,N/A,MIXED CLOTHING,Unknown,NO APPARENT INJURY,N/A,39.19994084,-77.2506863,"(39.19994084, -77.2506863)"
DD5646002F,220047443,Rockville Police Departme,Fatal Crash,10/28/2022 08:59:00 PM,Maryland (State),ROCKVILLE PIKE,Municipality,TALBOTT ST,,ROCKVILLE,PEDESTRIAN,OTHER,CLEAR,DRY,DARK LIGHTS ON,NO CONTROLS,NONE DETECTED,NONE DETECTED,F41CB861-1540-46CA-BEDD-809867250E61,PEDESTRIAN,Cross/Enter not at Intersection,IN ROADWAY IMPROPERLY,ON ROADWAY NOT AT CROSSWALK,NO PED. SIGNAL,MIXED CLOTHING,Unknown,FATAL INJURY,NONE,39.07306591,-77.13410315,"(39.07306591, -77.13410315)"
MCP3339000V,220049986,Montgomery County Police,Injury Crash,11/04/2022 01:40:00 PM,,,,,"2119 UNIVERSITY BOULEVARD WEST, SILVER SPRING, MD 20904",,PEDESTRIAN,OTHER,UNKNOWN,,DAYLIGHT,N/A,UNKNOWN,UNKNOWN,972E9C99-DC0A-448C-8C44-A5A6655E77D7,PEDESTRIAN,Standing,ENTERING EXITING PARKED STANDING VEHICLE,OTHER,N/A,UNKNOWN,No,POSSIBLE INJURY,NONE,39.04141068,-77.0473585,"(39.04141068, -77.0473585)"
MCP2298011W,220049143,Montgomery County Police,Injury Crash,11/07/2022 04:04:00 PM,County,YEARLING DR,County,YEARLING CT,,N/A,PEDESTRIAN,SINGLE VEHICLE,CLEAR,DRY,DUSK,NO CONTROLS,NONE DETECTED,UNKNOWN,0728D8F7-11F9-4BB4-B809-D2C65A03DF7B,PEDESTRIAN,Unknown,UNKNOWN,UNKNOWN,N/A,MIXED CLOTHING,Yes,SUSPECTED SERIOUS INJURY,NONE,39.09669081,-77.21431588,"(39.09669081, -77.21431588)"
MCP2214000Z,220049326,Montgomery County Police,Injury Crash,11/08/2022 03:14:00 PM,Maryland (State),FREDERICK RD,County,GUNNERS BRANCH RD,,N/A,PEDESTRIAN,SINGLE VEHICLE,CLEAR,DRY,DAYLIGHT,N/A,NONE DETECTED,NONE DETECTED,1FD68AA6-DCDB-4F1C-B3C4-58597FF2F6F1,PEDESTRIAN,Cross/Enter not at Intersection,DART DASH,ON ROADWAY NOT AT CROSSWALK,NO PED. SIGNAL,MIXED CLOTHING,Yes,SUSPECTED SERIOUS INJURY,N/A,39.17680431,-77.23833682,"(39.17680431, -77.23833682)"
MCP3268002G,220049512,Montgomery County Police,Injury Crash,11/09/2022 02:43:00 PM,County,GREENHILL DR,County,VALLEY BROOK DR,,N/A,PEDESTRIAN,OTHER,CLEAR,DRY,DAYLIGHT,NO CONTROLS,N/A,N/A,196DB531-7473-4378-BCEC-4DE9C6D375C9,PEDESTRIAN,Cross/Enter not at Intersection,DART DASH,SIDEWALK,N/A,MIXED CLOTHING,Yes,SUSPECTED MINOR INJURY,N/A,39.05812183,-77.002868,"(39.05812183, -77.002868)"
MCP2411009K,220051457,Montgomery County Police,Injury Crash,11/21/2022 11:31:00 AM,,,,,PARKING LOT BETWEEN POPEYES AND APARTMENT COMPLEX AT 501 HUNGERFORD DR,,PEDESTRIAN,SINGLE VEHICLE,CLEAR,,DAYLIGHT,NO CONTROLS,NONE DETECTED,NONE DETECTED,8426A35D-A5BE-4F4F-A5D8-B9954D2A67FF,PEDESTRIAN,Cross/Enter at Intersection,NO IMPROPER ACTIONS,DRIVEWAY ACCESS MARKED CROSSWALK,NO PED. SIGNAL,DARK CLOTHING,No,SUSPECTED MINOR INJURY,N/A,39.09166149,-77.15252508,"(39.09166149, -77.15252508)"
MCP3212003W,220048827,Montgomery County Police,Injury Crash,11/05/2022 03:51:00 PM,Maryland (State),GEORGIA AVE,County,FOREST GLEN RD,,N/A,PEDESTRIAN,OTHER,CLEAR,DRY,DAYLIGHT,TRAFFIC SIGNAL,NONE DETECTED,NONE DETECTED,D59FB553-4A34-4F8B-A317-F7D1A51C5B78,PEDESTRIAN,Cross/Enter at Intersection,FAILURE TO YIELD RIGHT OF WAY,AT INTERSECTION MARKED CROSSWALK,DISOBEYED PED. SIGNAL,MIXED CLOTHING,Yes,SUSPECTED MINOR INJURY,NONE,39.01520562,-77.04259605,"(39.01520562, -77.04259605)"
MCP3026008S,220051197,Montgomery County Police,Injury Crash,11/19/2022 12:39:00 PM,County,W PARKHILL DR,County,CHANUTE DR,,N/A,PEDESTRIAN,OTHER,CLEAR,DRY,DAYLIGHT,NO CONTROLS,NONE DETECTED,NONE DETECTED,3873A2E6-7D65-4C81-BF8D-FAC16D869B7D,PEDESTRIAN,Getting off/on Vehicle,OTHER,ON ROADWAY NOT AT CROSSWALK,NO PED. SIGNAL,REFLECTIVE MATERIAL,Yes,SUSPECTED SERIOUS INJURY,REFLECTIVE CLOTHING,39.00577383,-77.09149667,"(39.00577383, -77.09149667)"
MCP32380021,220050613,Montgomery County Police,Injury Crash,11/16/2022 10:41:00 AM,US (State),GEORGIA AVE,County,SLIGO AVE,,N/A,OTHER CONVEYANCE,OTHER,CLEAR,DRY,DAYLIGHT,TRAFFIC SIGNAL,NONE DETECTED,NONE DETECTED,FA47916C-18B7-4261-8F43-4AF0202E90D1,OTHER CONVEYANCE,Cross/Enter at Intersection,FAILURE TO OBEY TRAFFIC SIGNS SIGNALS OR OFFICER,ON ROADWAY AT CROSSWALK,DISOBEYED PED. SIGNAL,DARK CLOTHING,Yes,SUSPECTED SERIOUS INJURY,NONE,38.99115,-77.02659,"(38.99115, -77.02659)"
MCP2314001V,220051243,Montgomery County Police,Injury Crash,11/19/2022 12:45:00 PM,,,,,PARKING LOT IN FRONT OF WORLD MARKET AT 12266 ROCKVILLE PIKE,,PEDESTRIAN,OTHER,CLEAR,,DAYLIGHT,N/A,UNKNOWN,UNKNOWN,706FC473-5BCE-46E3-A72E-0C3046BE658A,PEDESTRIAN,Other,NO IMPROPER ACTIONS,MIDBLOCK MARKED CROSSWALK,NO PED. SIGNAL,DARK CLOTHING,No,SUSPECTED SERIOUS INJURY,N/A,39.05735433,-77.122377,"(39.05735433, -77.122377)"
MCP31210051,220050528,Montgomery County Police,Injury Crash,11/15/2022 05:44:00 PM,County,ARROWHEAD RD,County,ROTHBURY DR,,N/A,PEDESTRIAN,SINGLE VEHICLE,RAINING,WET,DARK NO LIGHTS,STOP SIGN,NONE DETECTED,NONE DETECTED,B4CFEFFF-B542-43AB-A085-48B53F67ED06,PEDESTRIAN,Cross/Enter at Intersection,NO IMPROPER ACTIONS,AT INTERSECTION MARKED CROSSWALK,NO PED. SIGNAL,DARK CLOTHING,No,POSSIBLE INJURY,NONE,39.18521736,-77.19379783,"(39.18521736, -77.19379783)"
MCP3209003Q,220051269,Montgomery County Police,Property Damage Crash,11/19/2022 07:54:00 PM,County,SLIGO AVE,County,MAYOR LA,,N/A,PEDESTRIAN,SINGLE VEHICLE,CLEAR,DRY,DARK LIGHTS ON,N/A,NONE DETECTED,NONE DETECTED,38333127-72ED-42E7-A0EF-AC9EACBEE568,PEDESTRIAN,Cross/Enter at Intersection,IN ROADWAY IMPROPERLY,AT INTERSECTION BUT NO CROSSWALK,NO PED. SIGNAL,DARK CLOTHING,Yes,NO APPARENT INJURY,NONE,38.99025067,-77.0258211,"(38.99025067, -77.0258211)"
MCP28810053,220051496,Montgomery County Police,Injury Crash,11/21/2022 02:20:00 PM,,,,,11530 MIDDLEBROOK RD,,PEDESTRIAN,SINGLE VEHICLE,CLEAR,,DAYLIGHT,NO CONTROLS,UNKNOWN,N/A,363F7856-FB79-4FE9-87B2-54CF5C4A6227,PEDESTRIAN,Standing,NO IMPROPER ACTIONS,INSIDE BUILDING,N/A,N/A,No,POSSIBLE INJURY,N/A,39.17965167,-77.239425,"(39.17965167, -77.239425)"
MCP30940029,220051881,Montgomery County Police,Injury Crash,11/23/2022 06:46:00 PM,,,,,"PARKING LOT OF 19235 WATKINS MILL RD, MONTGOMERY VILLAGE, MD 20886",,PEDESTRIAN,OTHER,N/A,,DARK LIGHTS ON,N/A,"NONE DETECTED, UNKNOWN",NONE DETECTED,F0E7DF52-EE9B-4797-A293-E8BF59B56D2B,PEDESTRIAN,Other,IN ROADWAY IMPROPERLY,N/A,N/A,DARK CLOTHING,No,POSSIBLE INJURY,NONE,39.17233433,-77.20610483,"(39.17233433, -77.20610483)"
MCP1233004X,220049708,Montgomery County Police,Injury Crash,11/10/2022 05:04:00 PM,County,JONES MILL RD,County,WOODHOLLOW DR,,N/A,BICYCLIST,SAME DIRECTION LEFT TURN,CLOUDY,DRY,DARK NO LIGHTS,NO CONTROLS,NONE DETECTED,NONE DETECTED,DC76EE71-165D-48E1-A4E3-AE76958BE667,BICYCLIST,Other,IMPROPER PASSING,ON ROADWAY NOT AT CROSSWALK,N/A,MIXED CLOTHING,Yes,SUSPECTED MINOR INJURY,MC/BIKE HELMET,39.00559333,-77.06322833,"(39.00559333, -77.06322833)"
MCP3079004S,220051498,Montgomery County Police,Injury Crash,11/21/2022 03:05:00 PM,County,CENTURY BLVD,County,AIRCRAFT DR,,N/A,PEDESTRIAN,N/A,CLEAR,DRY,DARK LIGHTS ON,NO CONTROLS,NONE DETECTED,NONE DETECTED,AEFDCD46-9384-44B4-922E-D82D29722B29,PEDESTRIAN,Cross/Enter at Intersection,NO IMPROPER ACTIONS,ON ROADWAY AT CROSSWALK,NO PED. SIGNAL,LIGHT CLOTHING,No,SUSPECTED SERIOUS INJURY,N/A,39.18443488,-77.26033758,"(39.18443488, -77.26033758)"
MCP3280002R,220050990,Montgomery County Police,Injury Crash,11/18/2022 10:28:00 AM,,,,,PARKING LOT OF 2300 BROADBIRCH RD,,PEDESTRIAN,OTHER,CLEAR,,DAYLIGHT,NO CONTROLS,NONE DETECTED,NONE DETECTED,53247BF7-7EC7-4F73-B25C-9454E6881334,PEDESTRIAN,Other,NO IMPROPER ACTIONS,OTHER,N/A,MIXED CLOTHING,No,POSSIBLE INJURY,NONE,39.05816833,-76.96123833,"(39.05816833, -76.96123833)"
MCP2798005C,220050333,Montgomery County Police,Injury Crash,11/15/2022 04:28:00 PM,County,FATHER HURLEY BLVD,County,CRYSTAL ROCK DR,,N/A,PEDESTRIAN,OTHER,N/A,DRY,DAYLIGHT,TRAFFIC SIGNAL,NONE DETECTED,NONE DETECTED,C35513A4-313B-47D6-AD11-327FD2F303C4,PEDESTRIAN,Cross/Enter at Intersection,NO IMPROPER ACTIONS,AT INTERSECTION MARKED CROSSWALK,OBEYED PED. SIGNAL,MIXED CLOTHING,No,POSSIBLE INJURY,NONE,39.18486333,-77.2605,"(39.18486333, -77.2605)"
MCP1378012Q,220051521,Montgomery County Police,Injury Crash,11/21/2022 04:59:00 PM,County,FENTON ST,County,ELLSWORTH DR,,N/A,PEDESTRIAN,SINGLE VEHICLE,CLEAR,DRY,DARK LIGHTS ON,NO CONTROLS,NONE DETECTED,NONE DETECTED,38DB4DE4-6914-4A1F-BB11-C8009D24CEB8,PEDESTRIAN,Other,DART DASH,ON ROADWAY NOT AT CROSSWALK,NO PED. SIGNAL,DARK CLOTHING,Yes,POSSIBLE INJURY,NONE,38.996625,-77.02502167,"(38.996625, -77.02502167)"
MCP2347003X,220051655,Montgomery County Police,Property Damage Crash,11/22/2022 01:07:00 PM,County,OLD COLUMBIA PIKE,County,OAKHURST DR,,N/A,PEDESTRIAN,OTHER,CLEAR,DRY,DAYLIGHT,NO CONTROLS,NONE DETECTED,NONE DETECTED,E967CCAE-C351-45F7-94D5-FB8A7E6D02F5,PEDESTRIAN,Cross/Enter at Intersection,DART DASH,AT INTERSECTION BUT NO CROSSWALK,NO PED. SIGNAL,UNKNOWN,Yes,NO APPARENT INJURY,N/A,39.10061367,-76.94156017,"(39.10061367, -76.94156017)"
DD5520001K,220051215,Rockville Police Departme,Injury Crash,11/19/2022 03:14:00 PM,Municipality,EDMONSTON DR,Municipality,CRAWFORD DR,,ROCKVILLE,PEDESTRIAN,OTHER,N/A,DRY,DAYLIGHT,N/A,NONE DETECTED,NONE DETECTED,48984F52-4410-4E8A-8F36-9785A238ED65,PEDESTRIAN,Cross/Enter at Intersection,NO IMPROPER ACTIONS,ON ROADWAY AT CROSSWALK,NO PED. SIGNAL,MIXED CLOTHING,No,SUSPECTED MINOR INJURY,NONE,39.06947791,-77.13071684,"(39.06947791, -77.13071684)"
MCP3330000P,220051790,Montgomery County Police,Injury Crash,11/23/2022 10:30:00 AM,,DARNESTOWN RD,,SIDE STREET COMING OUT OF 10500 DARNESTOWN RD,,N/A,OTHER CONVEYANCE,STRAIGHT MOVEMENT ANGLE,CLEAR,DRY,DAYLIGHT,NO CONTROLS,UNKNOWN,N/A,4D9B4224-1D0C-4299-A86C-FCC4C025D7E3,OTHER CONVEYANCE,Cross/Enter at Intersection,NO IMPROPER ACTIONS,AT INTERSECTION BUT NO CROSSWALK,N/A,MIXED CLOTHING,No,SUSPECTED SERIOUS INJURY,NONE,39.10139533,-77.217295,"(39.10139533, -77.217295)"
MCP2863002K,220050388,Montgomery County Police,Injury Crash,11/14/2022 07:55:00 PM,County,LOST KNIFE RD,County,CONTOUR RD,,N/A,PEDESTRIAN,N/A,CLEAR,DRY,DARK -- UNKNOWN LIGHTING,STOP SIGN,NONE DETECTED,NONE DETECTED,EBA31F8B-5B29-47C8-BAFB-DCA402E41993,PEDESTRIAN,Cross/Enter at Intersection,NO IMPROPER ACTIONS,ON ROADWAY NOT AT CROSSWALK,NO PED. SIGNAL,DARK CLOTHING,No,SUSPECTED MINOR INJURY,N/A,39.15386833,-77.199695,"(39.15386833, -77.199695)"