Report Number,Local Case Number,Agency Name,ACRS Report Type,Crash Date/Time,Route Type,Road Name,Cross-Street Type,Cross-Street Name,Off-Road Description,Municipality,Related Non-Motorist,Collision Type,Weather,Surface Condition,Light,Traffic Control,Driver Substance Abuse,Non-Motorist Substance Abuse,Person ID,Pedestrian Type,Pedestrian Movement,Pedestrian Actions,Pedestrian Location,Pedestrian Obeyed Traffic Signal,Pedestrian Visibility,At Fault,Injury Severity,Safety Equipment,Latitude,Longitude,Location
DD561500DK,220051178,Rockville Police Departme,Property Damage Crash,11/19/2022 07:45:00 AM,Municipality,TWINBROOK PKWY,Municipality,CHAPMAN AVE,,ROCKVILLE,BICYCLIST,STRAIGHT MOVEMENT ANGLE,CLEAR,DRY,DAYLIGHT,TRAFFIC SIGNAL,NONE DETECTED,NONE DETECTED,5A96D84B-EEE1-4B82-B809-D5119A8AA7E5,BICYCLIST,Cross/Enter at Intersection,FAILURE TO YIELD RIGHT OF WAY,AT INTERSECTION MARKED CROSSWALK,DISOBEYED PED. SIGNAL,LIGHT CLOTHING,Yes,NO APPARENT INJURY,NONE,39.05880939,-77.11901631,"(39.05880939, -77.11901631)"
MCP28810053,220051496,Montgomery County Police,Injury Crash,11/21/2022 02:20:00 PM,,,,,11530 MIDDLEBROOK RD,,PEDESTRIAN,SINGLE VEHICLE,CLEAR,,DAYLIGHT,NO CONTROLS,UNKNOWN,N/A,F4EA78D5-F385-4308-8E9F-C121D6B99C96,PEDESTRIAN,Standing,NO IMPROPER ACTIONS,INSIDE BUILDING,N/A,N/A,No,POSSIBLE INJURY,N/A,39.17965167,-77.239425,"(39.17965167, -77.239425)"
MCP28810053,220051496,Montgomery County Police,Injury Crash,11/21/2022 02:20:00 PM,,,,,11530 MIDDLEBROOK RD,,PEDESTRIAN,SINGLE VEHICLE,CLEAR,,DAYLIGHT,NO CONTROLS,UNKNOWN,N/A,CF60AA02-4D1A-448C-B1A6-17A6306FD8E8,PEDESTRIAN,Standing,NO IMPROPER ACTIONS,INSIDE BUILDING,N/A,N/A,No,POSSIBLE INJURY,N/A,39.17965167,-77.239425,"(39.17965167, -77.239425)"
EJ7873006C,220051445,Gaithersburg Police Depar,Injury Crash,11/19/2022 06:55:00 PM,,,,,"IN THE PARKING LOT OF 366 N SUMMIT AVE GAITHERSBURG, MD 20877",,PEDESTRIAN,OTHER,UNKNOWN,,DARK LIGHTS ON,NO CONTROLS,UNKNOWN,NONE DETECTED,2AE81C74-BB4E-46EA-8C95-186FD2094F9E,PEDESTRIAN,Other,DART DASH,OTHER,NO PED. SIGNAL,UNKNOWN,Yes,POSSIBLE INJURY,NONE,39.14848487,-77.19115591,"(39.14848487, -77.19115591)"
MCP2016006M,220052575,Montgomery County Police,Injury Crash,11/29/2022 06:30:00 AM,County,REDLAND RD,Unknown,ENT SHADY GROVE METRO STATION,,N/A,PEDESTRIAN,OTHER,CLEAR,DRY,DAWN,TRAFFIC SIGNAL,NONE DETECTED,NONE DETECTED,BF321D26-77C9-46FC-A910-06E63C096B67,PEDESTRIAN,Cross/Enter at Intersection,NO IMPROPER ACTIONS,ON ROADWAY AT CROSSWALK,OBEYED PED. SIGNAL,MIXED CLOTHING,No,SUSPECTED MINOR INJURY,N/A,39.12837017,-77.16735683,"(39.12837017, -77.16735683)"
HA2449001H,22002092,Maryland-National Capital,Injury Crash,12/01/2022 07:37:00 AM,,,,,CAPITAL CRESCENT TRAIL AND LITTLE FALLS PARKWAY,,PEDESTRIAN,SINGLE VEHICLE,CLEAR,,DAYLIGHT,N/A,UNKNOWN,N/A,ED0035A9-3897-4954-8C1D-2D2F544A74C8,PEDESTRIAN,Walking/Cycling on Sidewalk,NO IMPROPER ACTIONS,SHARED USE PATH OR TRAILS,N/A,N/A,No,POSSIBLE INJURY,N/A,38.97323742,-77.10135903,"(38.97323742, -77.10135903)"
MCP2871008B,220052897,Montgomery County Police,Injury Crash,11/30/2022 05:38:00 PM,Maryland (State),ROCKVILLE PIKE,County,NICHOLSON LA,,N/A,PEDESTRIAN,OTHER,CLEAR,DRY,DARK LIGHTS ON,TRAFFIC SIGNAL,NONE DETECTED,NONE DETECTED,0E616280-34E5-47DB-84DC-E10F921BF2A1,PEDESTRIAN,Cross/Enter at Intersection,FAILURE TO YIELD RIGHT OF WAY,ON ROADWAY AT CROSSWALK,DISOBEYED PED. SIGNAL,MIXED CLOTHING,Yes,POSSIBLE INJURY,N/A,39.04445833,-77.11144,"(39.04445833, -77.11144)"
DD56120035,220053012,Rockville Police Departme,Injury Crash,12/01/2022 12:13:00 PM,Maryland (State),E JEFFERSON ST,Municipality,MARYLAND AVE,,ROCKVILLE,PEDESTRIAN,SINGLE VEHICLE,CLEAR,DRY,DAYLIGHT,TRAFFIC SIGNAL,NONE DETECTED,N/A,1B8BD38C-E4C3-4151-BC75-18AB3A73E95A,PEDESTRIAN,Cross/Enter at Intersection,NO IMPROPER ACTIONS,AT INTERSECTION MARKED CROSSWALK,OBEYED PED. SIGNAL,DARK CLOTHING,No,POSSIBLE INJURY,N/A,39.08273505,-77.15121389,"(39.08273505, -77.15121389)"
MCP291400D3,220050760,Montgomery County Police,Injury Crash,11/16/2022 08:30:00 PM,Maryland (State),GEORGIA AVE,County,SHOREFIELD RD,,N/A,PEDESTRIAN,OTHER,CLEAR,DRY,DARK LIGHTS ON,NO CONTROLS,N/A,N/A,BBCF0334-4982-4334-BA69-FB7DA87F5B15,PEDESTRIAN,Walking/Cycling on Sidewalk,N/A,SIDEWALK,NO PED. SIGNAL,REFLECTIVE MATERIAL,No,SUSPECTED MINOR INJURY,REFLECTIVE CLOTHING,39.05268545,-77.0509063,"(39.05268545, -77.0509063)"
MCP30380061,220050520,Montgomery County Police,Injury Crash,11/15/2022 05:25:00 PM,County,DALE DR,Maryland (State),PINEY BRANCH RD,,N/A,PEDESTRIAN,OTHER,RAINING,WET,DARK LIGHTS ON,TRAFFIC SIGNAL,NONE DETECTED,NONE DETECTED,0FB5511B-4A00-4222-88A1-EF2EA2B410DD,PEDESTRIAN,Cross/Enter at Intersection,NO IMPROPER ACTIONS,AT INTERSECTION MARKED CROSSWALK,OBEYED PED. SIGNAL,MIXED CLOTHING,No,POSSIBLE INJURY,NONE,38.99369813,-77.0090436,"(38.99369813, -77.0090436)"
MCP2738004D,220052755,Montgomery County Police,Injury Crash,11/29/2022 09:53:00 PM,Maryland (State),NEW HAMPSHIRE AVE,County,LOCKWOOD DR,,N/A,PEDESTRIAN,OTHER,CLEAR,DRY,N/A,TRAFFIC SIGNAL,N/A,N/A,9C39FDED-12CA-48F9-8DBC-6E3DB9034031,PEDESTRIAN,Standing,UNKNOWN,MEDIAN,UNKNOWN,MIXED CLOTHING,Unknown,SUSPECTED MINOR INJURY,N/A,39.0393995,-76.990528,"(39.0393995, -76.990528)"
MCP287700B9,220051637,Montgomery County Police,Injury Crash,11/22/2022 11:30:00 AM,Municipality,TRENT ST,Municipality,UPPINGHAM ST,,SOMERSET,OTHER,OTHER,CLEAR,DRY,DAYLIGHT,NO CONTROLS,NONE DETECTED,NONE DETECTED,4FBFD76B-78E3-414B-B508-421873FFC35A,OTHER,Other,OTHER,ON ROADWAY NOT AT CROSSWALK,N/A,REFLECTIVE MATERIAL,Unknown,POSSIBLE INJURY,REFLECTIVE CLOTHING,38.9646977,-77.09668001,"(38.9646977, -77.09668001)"
EJ785600BS,220051981,Gaithersburg Police Depar,Injury Crash,11/24/2022 05:18:00 PM,Maryland (State),QUINCE ORCHARD RD,Municipality,FIRSTFIELD RD,,GAITHERSBURG,PEDESTRIAN,OTHER,CLEAR,DRY,DARK LIGHTS ON,TRAFFIC SIGNAL,N/A,ALCOHOL PRESENT,59C4A90E-2740-4D5B-A16A-7F13EB3C7492,PEDESTRIAN,Unknown,DART DASH,UNKNOWN,UNKNOWN,MIXED CLOTHING,Unknown,SUSPECTED MINOR INJURY,NONE,39.14475985,-77.21946533,"(39.14475985, -77.21946533)"
EJ78910011,220052753,Gaithersburg Police Depar,Injury Crash,11/29/2022 09:11:00 PM,County,MUDDY BRANCH RD,County,DIAMONDBACK DR,,N/A,PEDESTRIAN,STRAIGHT MOVEMENT ANGLE,CLEAR,DRY,DARK LIGHTS ON,TRAFFIC SIGNAL,NONE DETECTED,UNKNOWN,EA8607AC-21DD-4F39-9B2F-C859CC9AD19D,PEDESTRIAN,Cross/Enter at Intersection,FAILURE TO YIELD RIGHT OF WAY,AT INTERSECTION MARKED CROSSWALK,UNKNOWN,MIXED CLOTHING,Yes,SUSPECTED SERIOUS INJURY,NONE,39.11522055,-77.21570262,"(39.11522055, -77.21570262)"
MCP2871008C,220053926,Montgomery County Police,Injury Crash,12/06/2022 06:14:00 PM,,,,,PARKING LOT OF 10233 OLD GEORGETOWN RD,,PEDESTRIAN,OTHER,RAINING,,DARK LIGHTS ON,NO CONTROLS,NONE DETECTED,NONE DETECTED,27958942-F1C4-4BA3-9CAD-62590972CFE5,PEDESTRIAN,Walking/Riding against Traffic,NO IMPROPER ACTIONS,N/A,NO PED. SIGNAL,MIXED CLOTHING,No,POSSIBLE INJURY,NONE,39.02388833,-77.124185,"(39.02388833, -77.124185)"
MCP2635007P,220053567,Montgomery County Police,Property Damage Crash,12/04/2022 07:11:00 PM,Maryland (State),OLNEY LAYTONSVILLE RD,Unknown,OLNEY POST OFFICE,,N/A,OTHER CONVEYANCE,OTHER,CLEAR,DRY,DARK LIGHTS ON,STOP SIGN,N/A,N/A,3503640F-956E-4361-AF65-C3F25935FC81,OTHER CONVEYANCE,Walking/Cycling on Sidewalk,NO IMPROPER ACTIONS,SIDEWALK,NO PED. SIGNAL,MIXED CLOTHING,No,NO APPARENT INJURY,NONE,39.15531333,-77.07060833,"(39.15531333, -77.07060833)"
MCP3336000D,220052925,Montgomery County Police,Injury Crash,11/30/2022 05:50:00 PM,,,,,HOLY CROSS HOSPITAL PARKING LOT,,PEDESTRIAN,OTHER,CLEAR,,DARK LIGHTS ON,OTHER,NONE DETECTED,NONE DETECTED,C8894659-EBF5-4F0F-B208-2EE6D6AAC7E7,PEDESTRIAN,Cross/Enter not at Intersection,NO IMPROPER ACTIONS,OTHER,N/A,DARK CLOTHING,No,SUSPECTED MINOR INJURY,N/A,39.015,-77.035,"(39.015, -77.035)"
MCP2356002H,220052093,Montgomery County Police,Injury Crash,11/25/2022 12:00:00 PM,Maryland (State),W MONTGOMERY AVE,Municipality,LAIRD ST,,ROCKVILLE,PEDESTRIAN,SINGLE VEHICLE,N/A,DRY,DAYLIGHT,TRAFFIC SIGNAL,N/A,N/A,4DF15F87-7D52-48E1-B9F3-1ADCFC5ECAFA,PEDESTRIAN,Cross/Enter at Intersection,NO IMPROPER ACTIONS,AT INTERSECTION MARKED CROSSWALK,OBEYED PED. SIGNAL,UNKNOWN,No,POSSIBLE INJURY,N/A,39.08483273,-77.1624656,"(39.08483273, -77.1624656)"
MCP24460061,220037705,Montgomery County Police,Injury Crash,08/31/2022 02:06:00 PM,,,,,"IN THE PARKING LOT OF 6820 OLNEY LAYTONSVILLE RD. LAYTONSVILLE, MD. 20882",,BICYCLIST,OTHER,CLEAR,,DAYLIGHT,NO CONTROLS,NONE DETECTED,NONE DETECTED,35179F08-9F14-4F49-B90A-418D652B5BD3,BICYCLIST,Cross/Enter at Intersection,FAILURE TO YIELD RIGHT OF WAY,OTHER,NO PED. SIGNAL,MIXED CLOTHING,Yes,POSSIBLE INJURY,MC/BIKE HELMET,39.20394554,-77.13950048,"(39.20394554, -77.13950048)"
MCP1378012Z,220053074,Montgomery County Police,Injury Crash,12/01/2022 05:16:00 PM,Maryland (State),GERMANTOWN RD,County,MIDDLEBROOK RD,,N/A,PEDESTRIAN,SINGLE VEHICLE,CLEAR,DRY,DARK LIGHTS ON,NO CONTROLS,NONE DETECTED,NONE DETECTED,F344DDB7-8FF0-4CE9-BC7B-FAC53405377C,PEDESTRIAN,Cross/Enter not at Intersection,IN ROADWAY IMPROPERLY,ON ROADWAY NOT AT CROSSWALK,NO PED. SIGNAL,DARK CLOTHING,Yes,SUSPECTED MINOR INJURY,NONE,39.17815333,-77.26833,"(39.17815333, -77.26833)"
MCP2821002N,220050750,Montgomery County Police,Injury Crash,11/15/2022 02:25:00 PM,,,,,PARKING LOT OF 10215 FERNWOOD RD,,PEDESTRIAN,OTHER,N/A,,DAYLIGHT,NO CONTROLS,UNKNOWN,UNKNOWN,A6D82D8D-CEB0-483D-9F20-C48F55D5FC94,PEDESTRIAN,Standing,N/A,OTHER,N/A,UNKNOWN,No,POSSIBLE INJURY,N/A,39.02356551,-77.13462348,"(39.02356551, -77.13462348)"
MCP3263002W,220052908,Montgomery County Police,Injury Crash,11/30/2022 06:30:00 PM,Maryland (State),BRADLEY BLVD,County,STRATHMORE ST,,N/A,PEDESTRIAN,OTHER,CLEAR,N/A,DARK LIGHTS ON,FLASHING TRAFFIC SIGNAL,NONE DETECTED,NONE DETECTED,1CFB9532-70E6-4529-A789-9C969E0FEC75,PEDESTRIAN,Cross/Enter at Intersection,N/A,ON ROADWAY AT CROSSWALK,OBEYED PED. SIGNAL,DARK CLOTHING,No,SUSPECTED MINOR INJURY,NONE,38.97821667,-77.09348,"(38.97821667, -77.09348)"
EJ7873006G,220053209,Gaithersburg Police Depar,Injury Crash,10/12/2022 04:13:00 PM,Maryland (State),FREDERICK RD,Municipality,MONTGOMERY AVE,,GAITHERSBURG,BICYCLIST,OTHER,CLEAR,DRY,DAYLIGHT,NO CONTROLS,UNKNOWN,NONE DETECTED,ACAA98AF-BD33-41D2-9F3E-C87FAA2A7502,BICYCLIST,Walking/Cycling on Sidewalk,NO IMPROPER ACTIONS,DRIVEWAY ACCESS MARKED CROSSWALK,NO PED. SIGNAL,UNKNOWN,No,SUSPECTED MINOR INJURY,UNKNOWN,39.1461514,-77.20414629,"(39.1461514, -77.20414629)"
MCP1086000C,220053805,Montgomery County Police,Injury Crash,12/06/2022 07:42:00 AM,,,,,NORTHWOOD HIGH SCHOOL 919 UNIVERSITY BLVD W. PARKING LOT,,PEDESTRIAN,OTHER,FOGGY,,OTHER,N/A,NONE DETECTED,NONE DETECTED,EEA51DBF-DBA5-4CA4-AD3E-49D5D03A646C,PEDESTRIAN,Walking to/from school,NO IMPROPER ACTIONS,ON ROADWAY AT CROSSWALK,N/A,MIXED CLOTHING,No,SUSPECTED MINOR INJURY,N/A,39.03556167,-77.02450667,"(39.03556167, -77.02450667)"
MCP32530022,220052964,Montgomery County Police,Injury Crash,12/01/2022 06:30:00 AM,County,ARROWHEAD RD,County,ROTHBURY DR,,N/A,PEDESTRIAN,SINGLE VEHICLE,CLEAR,DRY,DARK LIGHTS ON,STOP SIGN,NONE DETECTED,NONE DETECTED,3B910328-188F-456B-B0C9-228516843CFF,PEDESTRIAN,Cross/Enter at Intersection,NO IMPROPER ACTIONS,ON ROADWAY AT CROSSWALK,NO PED. SIGNAL,DARK CLOTHING,No,SUSPECTED MINOR INJURY,NONE,39.18524,-77.19402667,"(39.18524, -77.19402667)"
MCP32000074,220054061,Montgomery County Police,Injury Crash,12/07/2022 12:56:00 PM,,,,,PARKING LOT OF 9905 COUNSELMAN RD,,PEDESTRIAN,OTHER,CLOUDY,,DAYLIGHT,N/A,NONE DETECTED,NONE DETECTED,05BFF8BE-CF76-4EA3-984D-3104E708EDB8,PEDESTRIAN,Other,NO IMPROPER ACTIONS,OTHER,NO PED. SIGNAL,MIXED CLOTHING,No,POSSIBLE INJURY,NONE,39.01824983,-77.2069875,"(39.01824983, -77.2069875)"
DD56120035,220053012,Rockville Police Departme,Injury Crash,12/01/2022 12:13:00 PM,Maryland (State),E JEFFERSON ST,Municipality,MARYLAND AVE,,ROCKVILLE,PEDESTRIAN,SINGLE VEHICLE,CLEAR,DRY,DAYLIGHT,TRAFFIC SIGNAL,NONE DETECTED,NONE DETECTED,203FE24F-E86C-4F1F-99F1-CE6C2F4AB793,PEDESTRIAN,Cross/Enter at Intersection,NO IMPROPER ACTIONS,ON ROADWAY AT CROSSWALK,N/A,N/A,No,POSSIBLE INJURY,NONE,39.08273505,-77.15121389,"(39.08273505, -77.15121389)"
DM8403000T,220051502,Takoma Park Police Depart,Property Damage Crash,11/21/2022 03:20:00 PM,Municipality,PHILADELPHIA AVE,Municipality,MAPLE AVE,,TAKOMA PARK,BICYCLIST,SAME DIRECTION RIGHT TURN,CLEAR,DRY,DAYLIGHT,TRAFFIC SIGNAL,NONE DETECTED,NONE DETECTED,6CEE2557-E6F0-4131-96C1-35DE68A23013,BICYCLIST,Cross/Enter at Intersection,N/A,AT INTERSECTION MARKED CROSSWALK,N/A,N/A,No,NO APPARENT INJURY,N/A,38.99192361,-76.99186574,"(38.99192361, -76.99186574)"
MCP2783004L,220046704,Montgomery County Police,Property Damage Crash,12/13/2022 06:58:00 PM,County,MARIGOLD LA,County,CAMELLIA DR,,N/A,PEDESTRIAN,OPPOSITE DIRECTION SIDESWIPE,CLEAR,DRY,DARK NO LIGHTS,NO CONTROLS,N/A,N/A,6FBFF1EB-8C15-480E-9B59-68381CEF9D21,PEDESTRIAN,Standing,NO IMPROPER ACTIONS,OUTSIDE RIGHT OF WAY,NO PED. SIGNAL,LIGHT CLOTHING,Unknown,NO APPARENT INJURY,N/A,39.0712178,-77.0437098,"(39.0712178, -77.0437098)"
MCP2917009M,220023874,Montgomery County Police,Fatal Crash,06/03/2022 10:00:00 PM,County,GRIDLEY RD,County,SELFRIDGE RD,,N/A,PEDESTRIAN,OTHER,CLEAR,DRY,DARK NO LIGHTS,STOP SIGN,NONE DETECTED,NONE DETECTED,42E9B725-3301-48D4-95F0-6B68D744E3B6,PEDESTRIAN,Cross/Enter at Intersection,NO IMPROPER ACTIONS,ON ROADWAY AT CROSSWALK,NO PED. SIGNAL,DARK CLOTHING,No,FATAL INJURY,NONE,39.05656167,-77.08530333,"(39.05656167, -77.08530333)"
MCP3192003F,220053272,Montgomery County Police,Injury Crash,12/02/2022 05:38:00 PM,County,CENTERHILL ST,Maryland (State),VEIRS MILL RD,,N/A,BICYCLIST,OTHER,CLEAR,DRY,DAWN,STOP SIGN,NONE DETECTED,NONE DETECTED,A37F7547-72E3-427F-A755-72415CCA8890,BICYCLIST,Cross/Enter at Intersection,NO IMPROPER ACTIONS,SIDEWALK,N/A,DARK CLOTHING,No,POSSIBLE INJURY,MC/BIKE HELMET,39.05062682,-77.07283597,"(39.05062682, -77.07283597)"
MCP32060027,220052795,Montgomery County Police,Injury Crash,11/30/2022 09:00:00 AM,,,,,8513 PINEYBRANCH RD- PARKING LOT,,PEDESTRIAN,SINGLE VEHICLE,RAINING,,DAYLIGHT,NO CONTROLS,NONE DETECTED,NONE DETECTED,A7EF966C-1227-43D1-B01F-0FB1CE7C9E99,PEDESTRIAN,Cross/Enter not at Intersection,NO IMPROPER ACTIONS,OTHER,NO PED. SIGNAL,DARK CLOTHING,No,POSSIBLE INJURY,NONE,38.99807317,-77.00231133,"(38.99807317, -77.00231133)"
MCP32220025,220054508,Montgomery County Police,Injury Crash,12/09/2022 01:30:00 PM,County,NICHOLSON LA,Maryland (State),ROCKVILLE PIKE,,N/A,PEDESTRIAN,N/A,CLOUDY,DRY,DAYLIGHT,TRAFFIC SIGNAL,UNKNOWN,NONE DETECTED,C6DE599C-A31E-42AD-8416-BCA3C91BA5D3,PEDESTRIAN,Cross/Enter at Intersection,NO IMPROPER ACTIONS,CURB,OBEYED PED. SIGNAL,N/A,No,POSSIBLE INJURY,NONE,39.04454395,-77.11195198,"(39.04454395, -77.11195198)"
MCP2917009M,220023874,Montgomery County Police,Fatal Crash,06/03/2022 10:00:00 PM,County,GRIDLEY RD,County,SELFRIDGE RD,,N/A,PEDESTRIAN,OTHER,CLEAR,DRY,DARK NO LIGHTS,STOP SIGN,NONE DETECTED,NONE DETECTED,E73AA02B-A59E-4561-ACCF-0780DA6409FF,PEDESTRIAN,Cross/Enter at Intersection,NO IMPROPER ACTIONS,ON ROADWAY AT CROSSWALK,NO PED. SIGNAL,DARK CLOTHING,No,NO APPARENT INJURY,NONE,39.05656167,-77.08530333,"(39.05656167, -77.08530333)"
MCP1205008K,220055351,Montgomery County Police,Injury Crash,12/14/2022 01:53:00 PM,Maryland (State),CONNECTICUT AVE,Unknown,CHEVY CHASE COMMUNITY LIBRARY,,N/A,BICYCLIST,STRAIGHT MOVEMENT ANGLE,CLOUDY,DRY,DAYLIGHT,NO CONTROLS,NONE DETECTED,NONE DETECTED,3D06FF20-5022-4EFF-A2AE-88D2C4BE1576,BICYCLIST,Other,NO IMPROPER ACTIONS,DRIVEWAY ACCESS MARKED CROSSWALK,N/A,DARK CLOTHING,No,SUSPECTED MINOR INJURY,NONE,38.991215,-77.07686333,"(38.991215, -77.07686333)"
DD5643002G,220054523,Rockville Police Departme,Injury Crash,12/09/2022 07:16:00 PM,Maryland (State),ROCKVILLE PIKE,Municipality,HALPINE RD,,ROCKVILLE,PEDESTRIAN,OTHER,CLEAR,DRY,DARK LIGHTS ON,TRAFFIC SIGNAL,NONE DETECTED,NONE DETECTED,B52DAF37-AC02-47F1-BD8C-9EA61B2A8E92,PEDESTRIAN,Cross/Enter at Intersection,N/A,SIDEWALK,OBEYED PED. SIGNAL,LIGHT CLOTHING,No,SUSPECTED SERIOUS INJURY,NONE,39.06182081,-77.12416018,"(39.06182081, -77.12416018)"
DD56070043,220055194,Rockville Police Departme,Injury Crash,12/13/2022 06:05:00 PM,Municipality,BEALL AVE #2,Municipality,FOREST AVE,,ROCKVILLE,PEDESTRIAN,OTHER,CLEAR,DRY,DARK LIGHTS ON,STOP SIGN,NONE DETECTED,NONE DETECTED,F27546BE-F0A4-4DBD-9EA7-7A201D4503DE,PEDESTRIAN,Cross/Enter at Intersection,NO IMPROPER ACTIONS,AT INTERSECTION MARKED CROSSWALK,NO PED. SIGNAL,DARK CLOTHING,No,SUSPECTED MINOR INJURY,NONE,39.0868935,-77.158811,"(39.0868935, -77.158811)"
MCP2492001X,220049754,Montgomery County Police,Injury Crash,11/10/2022 07:30:00 PM,County,CLUB HOUSE RD,County,BRASSIE PL,,N/A,PEDESTRIAN,OTHER,CLEAR,DRY,DARK LIGHTS ON,NO CONTROLS,NONE DETECTED,COMBINATION CONTRIBUTED,ADF3CC52-EA54-4BE9-8423-80710F5CCE0A,PEDESTRIAN,Other,IN ROADWAY IMPROPERLY,OTHER,NO PED. SIGNAL,OTHER,Yes,SUSPECTED SERIOUS INJURY,NONE,39.17423445,-77.20212781,"(39.17423445, -77.20212781)"
MCP2633002Z,220055746,Montgomery County Police,Injury Crash,12/16/2022 03:03:00 PM,,,,,PARKING LOT OF 842 MUDDY BRANCH ROAD,,PEDESTRIAN,OTHER,CLEAR,,DAYLIGHT,NO CONTROLS,NONE DETECTED,NONE DETECTED,D01570CF-8248-4570-A7AF-E2BEBB3B68A9,PEDESTRIAN,Other Working,NO IMPROPER ACTIONS,OTHER,N/A,REFLECTIVE MATERIAL,No,POSSIBLE INJURY,REFLECTIVE CLOTHING,39.11478824,-77.2169752,"(39.11478824, -77.2169752)"
EJ7833007G,220056645,Gaithersburg Police Depar,Injury Crash,12/21/2022 03:10:00 PM,Municipality,WASHINGTONIAN BLVD,Unknown,END ROUNDABOUT,,N/A,PEDESTRIAN,SINGLE VEHICLE,CLEAR,DRY,DAYLIGHT,NO CONTROLS,NONE DETECTED,NONE DETECTED,8E6DBBBB-1095-4616-B219-5B8DAF8E36E0,PEDESTRIAN,Cross/Enter at Intersection,NO IMPROPER ACTIONS,AT INTERSECTION MARKED CROSSWALK,NO PED. SIGNAL,REFLECTIVE MATERIAL,Unknown,POSSIBLE INJURY,REFLECTIVE CLOTHING,39.11804855,-77.20324627,"(39.11804855, -77.20324627)"
MCP1227001S,220056642,Montgomery County Police,Fatal Crash,12/21/2022 02:03:00 PM,County,MUDDY BRANCH RD,Unknown,KING JAMES WAY,,N/A,PEDESTRIAN,SINGLE VEHICLE,CLEAR,DRY,DAYLIGHT,N/A,NONE DETECTED,NONE DETECTED,D3700EDC-0442-489F-AEFC-2F0905BC7B0E,PEDESTRIAN,Cross/Enter at Intersection,UNKNOWN,UNKNOWN,UNKNOWN,MIXED CLOTHING,Unknown,SUSPECTED SERIOUS INJURY,NONE,39.13657839,-77.20577586,"(39.13657839, -77.20577586)"
MCP9318002M,220042999,Montgomery County Police,Injury Crash,10/02/2022 07:56:00 PM,Maryland (State),NEW HAMPSHIRE AVE,County,OAKVIEW DR,,N/A,PEDESTRIAN,OTHER,CLEAR,DRY,DUSK,TRAFFIC SIGNAL,NONE DETECTED,NONE DETECTED,7E2B7696-7811-4B7C-B121-E4F730DA09F0,PEDESTRIAN,Cross/Enter at Intersection,NO IMPROPER ACTIONS,AT INTERSECTION MARKED CROSSWALK,OBEYED PED. SIGNAL,UNKNOWN,No,POSSIBLE INJURY,N/A,39.01535162,-76.97773867,"(39.01535162, -76.97773867)"
MCP3220003F,220055228,Montgomery County Police,Injury Crash,12/12/2022 03:10:00 PM,,,,,PARKING LOT OF 880 RUSSELL AVE,,PEDESTRIAN,SINGLE VEHICLE,CLEAR,,DAYLIGHT,NO CONTROLS,UNKNOWN,UNKNOWN,A4D302A7-D73C-4CDA-B597-7A766267ED6D,PEDESTRIAN,Standing,NO IMPROPER ACTIONS,OTHER,NO PED. SIGNAL,UNKNOWN,Unknown,SUSPECTED MINOR INJURY,NONE,39.15647387,-77.21351338,"(39.15647387, -77.21351338)"
MCP1301001V,220026609,Montgomery County Police,Injury Crash,06/20/2022 06:24:00 PM,Maryland (State),WOODFIELD RD,County,CLEARSPRING RD,,N/A,PEDESTRIAN,OTHER,CLEAR,DRY,DAYLIGHT,NO CONTROLS,NONE DETECTED,UNKNOWN,5FDD7FA0-6442-4A06-9E93-51BA6FF56622,PEDESTRIAN,Cross/Enter not at Intersection,FAILURE TO YIELD RIGHT OF WAY,ON ROADWAY NOT AT CROSSWALK,NO PED. SIGNAL,DARK CLOTHING,Yes,SUSPECTED SERIOUS INJURY,N/A,39.27226333,-77.20455333,"(39.27226333, -77.20455333)"
MCP2899005Z,220053114,Montgomery County Police,Injury Crash,12/01/2022 08:41:00 PM,Maryland (State),ROCKVILLE PIKE,Municipality,TALBOTT ST,,ROCKVILLE,PEDESTRIAN,STRAIGHT MOVEMENT ANGLE,CLEAR,DRY,DARK LIGHTS ON,NO CONTROLS,NONE DETECTED,UNKNOWN,CAA75231-17AE-4085-B460-54FB44B18717,PEDESTRIAN,Cross/Enter not at Intersection,IN ROADWAY IMPROPERLY,ON ROADWAY NOT AT CROSSWALK,N/A,DARK CLOTHING,Unknown,SUSPECTED SERIOUS INJURY,NONE,39.07110667,-77.13198833,"(39.07110667, -77.13198833)"
MCP31680052,220056686,Montgomery County Police,Injury Crash,12/21/2022 05:14:00 PM,County,REDLAND RD,County,PANORAMA DR,,N/A,BICYCLIST,STRAIGHT MOVEMENT ANGLE,CLEAR,DRY,DARK LIGHTS ON,N/A,NONE DETECTED,NONE DETECTED,A6023E21-52F1-4881-B72E-EC714E4160A2,BICYCLIST,Cross/Enter at Intersection,NO IMPROPER ACTIONS,SHOULDER,NO PED. SIGNAL,MIXED CLOTHING,No,SUSPECTED MINOR INJURY,LIGHTING,39.12827277,-77.14962222,"(39.12827277, -77.14962222)"