Report Number,Local Case Number,Agency Name,ACRS Report Type,Crash Date/Time,Route Type,Road Name,Cross-Street Type,Cross-Street Name,Off-Road Description,Municipality,Related Non-Motorist,Collision Type,Weather,Surface Condition,Light,Traffic Control,Driver Substance Abuse,Non-Motorist Substance Abuse,Person ID,Pedestrian Type,Pedestrian Movement,Pedestrian Actions,Pedestrian Location,Pedestrian Obeyed Traffic Signal,Pedestrian Visibility,At Fault,Injury Severity,Safety Equipment,Latitude,Longitude,Location
MCP23950029,220053931,Montgomery County Police,Property Damage Crash,12/06/2022 06:40:00 PM,County,RIVER RD,Maryland (State),SENECA RD (AHEAD),,N/A,OTHER,SINGLE VEHICLE,RAINING,WET,DARK LIGHTS ON,NO CONTROLS,NONE DETECTED,N/A,3B71B3C9-CA6B-4F5B-804B-B3B120558F40,OTHER,N/A,N/A,N/A,N/A,N/A,No,NO APPARENT INJURY,N/A,39.078879,-77.32789483,"(39.078879, -77.32789483)"
MCP291400D4,220055602,Montgomery County Police,Injury Crash,12/15/2022 09:30:00 PM,US (State),COLESVILLE RD,County,FENTON ST,,N/A,PEDESTRIAN,OTHER,RAINING,WET,DARK LIGHTS ON,TRAFFIC SIGNAL,N/A,N/A,9F3F18FB-2AC5-40B5-B823-B0892E141FE5,PEDESTRIAN,Cross/Enter at Intersection,N/A,ON ROADWAY AT CROSSWALK,OBEYED PED. SIGNAL,DARK CLOTHING,No,POSSIBLE INJURY,NONE,38.99772469,-77.02717788,"(38.99772469, -77.02717788)"
MCP1227001S,220056642,Montgomery County Police,Fatal Crash,12/21/2022 02:03:00 PM,County,MUDDY BRANCH RD,Unknown,KING JAMES WAY,,N/A,PEDESTRIAN,SINGLE VEHICLE,CLEAR,DRY,DAYLIGHT,N/A,NONE DETECTED,NONE DETECTED,B2A41163-BEEF-4625-B4C6-BA9467CE276E,PEDESTRIAN,Cross/Enter at Intersection,UNKNOWN,UNKNOWN,UNKNOWN,MIXED CLOTHING,Unknown,FATAL INJURY,NONE,39.13657839,-77.20577586,"(39.13657839, -77.20577586)"
MCP31440024,220055597,Montgomery County Police,Injury Crash,12/15/2022 09:16:00 PM,County,CEDAR LA,Government,ELMHIRST PKWY,,N/A,BICYCLIST,SINGLE VEHICLE,RAINING,WET,DARK LIGHTS ON,TRAFFIC SIGNAL,NONE DETECTED,NONE DETECTED,0C230F9D-3C9F-42C1-B6DB-DCF9C98AFEC5,BICYCLIST,Cross/Enter at Intersection,NOT VISIBLE,IN BIKEWAY,UNKNOWN,DARK CLOTHING,Unknown,SUSPECTED MINOR INJURY,NONE,39.00803188,-77.09460208,"(39.00803188, -77.09460208)"
MCP22980129,220054325,Montgomery County Police,Injury Crash,12/08/2022 06:01:00 PM,Maryland (State),MASSACHUSETTS AVE,County,SANGAMORE RD,,N/A,PEDESTRIAN,SINGLE VEHICLE,CLEAR,N/A,DARK LIGHTS ON,TRAFFIC SIGNAL,NONE DETECTED,NONE DETECTED,BD697C75-CC4D-4FE5-BB94-C8306B28B223,PEDESTRIAN,Cross/Enter at Intersection,INATTENTIVE,AT INTERSECTION MARKED CROSSWALK,UNKNOWN,MIXED CLOTHING,No,SUSPECTED MINOR INJURY,REFLECTIVE CLOTHING,38.96319,-77.1212,"(38.96319, -77.1212)"
MCP3161004L,220055236,Montgomery County Police,Injury Crash,12/13/2022 09:09:00 PM,Municipality,WEYMOUTH ST,Maryland (State),KNOWLES AVE,,N/A,PEDESTRIAN,SINGLE VEHICLE,CLEAR,DRY,DARK LIGHTS ON,NO CONTROLS,NONE DETECTED,NONE DETECTED,2A9B3E3A-0A78-4BF7-BA69-CADBD54FE609,PEDESTRIAN,Cross/Enter at Intersection,NO IMPROPER ACTIONS,ON ROADWAY AT CROSSWALK,NO PED. SIGNAL,MIXED CLOTHING,No,POSSIBLE INJURY,NONE,39.032693,-77.088495,"(39.032693, -77.088495)"
MCP2756004R,220056264,Montgomery County Police,Injury Crash,12/19/2022 04:25:00 PM,,,,,"PARKING LOT OF COSTCO 11160 VEIRS MILL RD. SILVER SPRING, MD 20902",,PEDESTRIAN,OPPOSITE DIRECTION SIDESWIPE,CLEAR,,DAYLIGHT,NO CONTROLS,NONE DETECTED,NONE DETECTED,A996772C-5A83-443E-9157-89C789086C88,PEDESTRIAN,Standing,NO IMPROPER ACTIONS,SIDEWALK,N/A,MIXED CLOTHING,No,POSSIBLE INJURY,NONE,39.03562333,-77.055785,"(39.03562333, -77.055785)"
MCP28100025,220054810,Montgomery County Police,Injury Crash,12/11/2022 05:15:00 PM,County,GOSHEN RD,County,SNOUFFERS SCHOOL RD,,N/A,PEDESTRIAN,ANGLE MEETS LEFT HEAD ON,CLEAR,DRY,DARK NO LIGHTS,TRAFFIC SIGNAL,N/A,N/A,6409A005-BB19-4C13-9463-7BEE04B8F8E5,PEDESTRIAN,Cross/Enter at Intersection,DART DASH,ON ROADWAY NOT AT CROSSWALK,N/A,MIXED CLOTHING,Yes,POSSIBLE INJURY,N/A,39.18785883,-77.186636,"(39.18785883, -77.186636)"
MCP295200D4,220052815,Montgomery County Police,Injury Crash,11/29/2022 08:25:00 PM,,,,,PARKING LOT OF WHOLE FOODS MARKET (833 WAYNE AVE SILVER SPRING MD),,PEDESTRIAN,OTHER,CLEAR,,DARK LIGHTS ON,NO CONTROLS,UNKNOWN,UNKNOWN,DE4B8604-4401-489F-8585-8388FD9C71A5,PEDESTRIAN,Other,NO IMPROPER ACTIONS,OTHER,NO PED. SIGNAL,MIXED CLOTHING,Unknown,SUSPECTED MINOR INJURY,N/A,38.99654285,-77.02390009,"(38.99654285, -77.02390009)"
MCP2622003M,220055900,Montgomery County Police,Injury Crash,12/17/2022 11:26:00 AM,Maryland (State),NEW HAMPSHIRE AVE,County,OAKVIEW DR,,N/A,PEDESTRIAN,OTHER,N/A,DRY,DAYLIGHT,TRAFFIC SIGNAL,NONE DETECTED,NONE DETECTED,94D1BC71-BA24-4380-9985-B42B2241DB80,PEDESTRIAN,Cross/Enter not at Intersection,INATTENTIVE,AT INTERSECTION MARKED CROSSWALK,PED. SIGNAL MALFUNCTION,MIXED CLOTHING,Unknown,POSSIBLE INJURY,NONE,39.01543258,-76.97770007,"(39.01543258, -76.97770007)"
MCP2622003N,220057271,Montgomery County Police,Injury Crash,12/26/2022 11:28:00 AM,County,CASTLE BLVD,Unknown,TEAGARDEN CIR,,N/A,PEDESTRIAN,OTHER,CLEAR,DRY,DAYLIGHT,NO CONTROLS,NONE DETECTED,NONE DETECTED,8A7FB905-134C-4DF4-B1CD-8F75B09D55E7,PEDESTRIAN,Cross/Enter not at Intersection,IN ROADWAY IMPROPERLY,ON ROADWAY NOT AT CROSSWALK,NO PED. SIGNAL,MIXED CLOTHING,Yes,POSSIBLE INJURY,NONE,39.08716744,-76.93998216,"(39.08716744, -76.93998216)"
EJ7878004T,220056894,Gaithersburg Police Depar,Injury Crash,12/22/2022 09:23:00 PM,,,,,PARKING LOT OF 568 N FREDERICK AVENUE,,PEDESTRIAN,OTHER,RAINING,,DARK LIGHTS ON,NO CONTROLS,N/A,N/A,AAD0AA1A-BA4B-499F-A799-588BCB3E4FEB,PEDESTRIAN,Cross/Enter at Intersection,NO IMPROPER ACTIONS,ON ROADWAY AT CROSSWALK,N/A,MIXED CLOTHING,No,POSSIBLE INJURY,NONE,39.14859117,-77.21005983,"(39.14859117, -77.21005983)"
MCP2612004Q,220056659,Montgomery County Police,Injury Crash,12/21/2022 03:54:00 PM,,N LEISURE WORLD BLVD,,ROSSMOOR BLVD,,N/A,PEDESTRIAN,SINGLE VEHICLE,CLEAR,DRY,DAYLIGHT,NO CONTROLS,NONE DETECTED,NONE DETECTED,000C0302-47EE-4FA0-BB39-92BEDC8B69D9,PEDESTRIAN,Cross/Enter at Intersection,NO IMPROPER ACTIONS,ON ROADWAY AT CROSSWALK,NO PED. SIGNAL,UNKNOWN,No,SUSPECTED MINOR INJURY,NONE,39.10267833,-77.0732725,"(39.10267833, -77.0732725)"
MCP271700X7,220057440,Montgomery County Police,Injury Crash,12/27/2022 05:30:00 PM,Maryland (State),ROCKVILLE PIKE,Municipality,TEMPLETON PL,,ROCKVILLE,PEDESTRIAN,OTHER,CLEAR,DRY,DARK LIGHTS ON,TRAFFIC SIGNAL,UNKNOWN,NONE DETECTED,571950E9-2751-488E-B762-C4C4E868A266,PEDESTRIAN,Cross/Enter at Intersection,FAILURE TO OBEY TRAFFIC SIGNS SIGNALS OR OFFICER,ON ROADWAY AT CROSSWALK,DISOBEYED PED. SIGNAL,MIXED CLOTHING,Yes,SUSPECTED MINOR INJURY,NONE,39.06994533,-77.1690895,"(39.06994533, -77.1690895)"
MCP2864004R,220057881,Montgomery County Police,Injury Crash,12/30/2022 03:23:00 PM,,,,,"PARKING LOT 11411 ROCKVILLE PIKE, ROCKVILLE, MD",,PEDESTRIAN,STRAIGHT MOVEMENT ANGLE,CLEAR,,DAYLIGHT,NO CONTROLS,NONE DETECTED,NONE DETECTED,648443F1-B7E4-4B8F-A2D1-25C82B6F6029,PEDESTRIAN,Other,NO IMPROPER ACTIONS,OTHER,N/A,OTHER,No,SUSPECTED MINOR INJURY,NONE,39.04372333,-77.11082333,"(39.04372333, -77.11082333)"
MCP3233003Q,220056862,Montgomery County Police,Injury Crash,12/22/2022 05:54:00 PM,,,,,PARKING LOT OF 1408 HAMPSHIRE WEST COURT,,PEDESTRIAN,SINGLE VEHICLE,RAINING,,DARK LIGHTS ON,NO CONTROLS,NONE DETECTED,NONE DETECTED,695278A4-5252-4111-86F0-4E30EC866F7B,PEDESTRIAN,Standing,NO IMPROPER ACTIONS,OTHER,N/A,DARK CLOTHING,No,POSSIBLE INJURY,NONE,39.03112033,-77.0041575,"(39.03112033, -77.0041575)"
MCP3053005Y,220056863,Montgomery County Police,Injury Crash,12/22/2022 06:04:00 PM,Maryland (State),VEIRS MILL RD,County,NEWPORT MILL RD,,N/A,PEDESTRIAN,OTHER,RAINING,WET,DARK LIGHTS ON,NO CONTROLS,N/A,N/A,CFB27B70-AFF7-45CE-B8DC-D1AD5744D037,PEDESTRIAN,Other,INATTENTIVE,ON ROADWAY NOT AT CROSSWALK,NO PED. SIGNAL,DARK CLOTHING,Yes,POSSIBLE INJURY,NONE,39.04474667,-77.06398167,"(39.04474667, -77.06398167)"
MCP3044006C,220057586,Montgomery County Police,Injury Crash,12/28/2022 05:44:00 PM,Maryland (State),PINEY BRANCH RD,Maryland (State),UNIVERSITY BLVD E,,N/A,PEDESTRIAN,OTHER,CLEAR,DRY,DARK NO LIGHTS,TRAFFIC SIGNAL,NONE DETECTED,NONE DETECTED,17DE0E9F-2C80-4A2D-ABF0-1BBAD33B3939,PEDESTRIAN,Cross/Enter not at Intersection,FAILURE TO OBEY TRAFFIC SIGNS SIGNALS OR OFFICER,ON ROADWAY NOT AT CROSSWALK,NO PED. SIGNAL,DARK CLOTHING,Yes,SUSPECTED MINOR INJURY,NONE,38.99941732,-76.99638024,"(38.99941732, -76.99638024)"
MCP33760004,220057765,Montgomery County Police,Property Damage Crash,12/29/2022 07:44:00 PM,Maryland (State),OLNEY SANDY SPRING RD,Unknown,ENT TO SHOPPING CENTER,,N/A,BICYCLIST,OTHER,CLEAR,DRY,DARK LIGHTS ON,STOP SIGN,NONE DETECTED,NONE DETECTED,5E0F38EE-58C6-4A83-8A94-EFF537099D27,BICYCLIST,Cross/Enter at Intersection,NO IMPROPER ACTIONS,ON ROADWAY AT CROSSWALK,NO PED. SIGNAL,MIXED CLOTHING,No,NO APPARENT INJURY,NONE,39.15201462,-77.06429908,"(39.15201462, -77.06429908)"
MCP3230003Y,220058069,Montgomery County Police,Injury Crash,12/31/2022 09:20:00 PM,,,,,14123 WEEPING WILLOW DR,,PEDESTRIAN,SINGLE VEHICLE,RAINING,,DARK LIGHTS ON,NO CONTROLS,NONE DETECTED,NONE DETECTED,290E9B74-E35F-4D62-99C2-B56E4ED6169A,PEDESTRIAN,Walking/Riding against Traffic,NO IMPROPER ACTIONS,OTHER,NO PED. SIGNAL,MIXED CLOTHING,Yes,SUSPECTED MINOR INJURY,N/A,39.089525,-77.066725,"(39.089525, -77.066725)"
MCP31210055,220058047,Montgomery County Police,Injury Crash,12/31/2022 05:34:00 PM,County,STEDWICK RD,County,WATKINS MILL RD,,N/A,PEDESTRIAN,SINGLE VEHICLE,RAINING,WET,DARK LIGHTS ON,TRAFFIC SIGNAL,NONE DETECTED,NONE DETECTED,1D548159-AB6B-4D95-862A-920CE54726A3,PEDESTRIAN,Cross/Enter at Intersection,NO IMPROPER ACTIONS,AT INTERSECTION MARKED CROSSWALK,OBEYED PED. SIGNAL,DARK CLOTHING,No,POSSIBLE INJURY,NONE,39.17063469,-77.20885412,"(39.17063469, -77.20885412)"
MCP3044006C,220057586,Montgomery County Police,Injury Crash,12/28/2022 05:44:00 PM,Maryland (State),PINEY BRANCH RD,Maryland (State),UNIVERSITY BLVD E,,N/A,PEDESTRIAN,OTHER,CLEAR,DRY,DARK NO LIGHTS,TRAFFIC SIGNAL,NONE DETECTED,NONE DETECTED,CC70CBD4-68F9-41E6-880C-7FEBD7E861F6,PEDESTRIAN,Cross/Enter not at Intersection,FAILURE TO YIELD RIGHT OF WAY,ON ROADWAY NOT AT CROSSWALK,NO PED. SIGNAL,DARK CLOTHING,Yes,POSSIBLE INJURY,NONE,38.99941732,-76.99638024,"(38.99941732, -76.99638024)"
MCP291400D7,220058048,Montgomery County Police,Injury Crash,12/31/2022 05:31:00 PM,Maryland (State),NEW HAMPSHIRE AVE,County,LOCKWOOD DR,,N/A,PEDESTRIAN,OTHER,RAINING,WET,DARK LIGHTS ON,TRAFFIC SIGNAL,N/A,N/A,3CDC342A-28CB-47A3-B3DB-99189FC52400,PEDESTRIAN,Standing,NO IMPROPER ACTIONS,AT INTERSECTION MARKED CROSSWALK,OBEYED PED. SIGNAL,MIXED CLOTHING,No,SUSPECTED SERIOUS INJURY,N/A,39.03990738,-76.99052167,"(39.03990738, -76.99052167)"
MCP291400D7,220058048,Montgomery County Police,Injury Crash,12/31/2022 05:31:00 PM,Maryland (State),NEW HAMPSHIRE AVE,County,LOCKWOOD DR,,N/A,PEDESTRIAN,OTHER,RAINING,WET,DARK LIGHTS ON,TRAFFIC SIGNAL,N/A,N/A,5B3E3454-9002-4698-8AE4-7496BF8D9B01,PEDESTRIAN,Standing,NO IMPROPER ACTIONS,AT INTERSECTION MARKED CROSSWALK,OBEYED PED. SIGNAL,MIXED CLOTHING,No,POSSIBLE INJURY,N/A,39.03990738,-76.99052167,"(39.03990738, -76.99052167)"
MCP3192003K,230001594,Montgomery County Police,Injury Crash,01/10/2023 08:02:00 PM,,,,,PARKING LOT OF 12222 VEIRS MILL ROAD,,PEDESTRIAN,SINGLE VEHICLE,CLEAR,,DARK LIGHTS ON,NO CONTROLS,NONE DETECTED,NONE DETECTED,FE89AA6D-C79F-4C92-9254-64E8476CE848,PEDESTRIAN,Other,NO IMPROPER ACTIONS,OTHER,NO PED. SIGNAL,DARK CLOTHING,No,SUSPECTED MINOR INJURY,NONE,39.05735867,-77.08101134,"(39.05735867, -77.08101134)"
MCP2898003M,230001208,Montgomery County Police,Property Damage Crash,01/08/2023 04:16:00 PM,,,,,PARKING LOT OF 19718 GERMANTOWN RD,,PEDESTRIAN,OTHER,CLEAR,,DUSK,N/A,N/A,N/A,C7D40300-1BB5-4B97-8AEE-8D9088442D85,PEDESTRIAN,Other,NO IMPROPER ACTIONS,N/A,OTHER,LIGHT CLOTHING,No,NO APPARENT INJURY,NONE,39.18371167,-77.26359,"(39.18371167, -77.26359)"
MCP1433004P,230000395,Montgomery County Police,Injury Crash,01/03/2023 06:45:00 PM,Maryland (State),ROCKVILLE PIKE,Unknown,ENT TO FEDERAL PLAZA S.C.,,N/A,PEDESTRIAN,OTHER,CLEAR,WET,DARK LIGHTS ON,TRAFFIC SIGNAL,NONE DETECTED,NONE DETECTED,3942760D-CFA0-440B-B831-4BC11D7788D0,PEDESTRIAN,Walking/Riding against Traffic,NO IMPROPER ACTIONS,ON ROADWAY AT CROSSWALK,OBEYED PED. SIGNAL,DARK CLOTHING,No,SUSPECTED MINOR INJURY,N/A,39.05739905,-77.12037172,"(39.05739905, -77.12037172)"
MCP3335001D,220056813,Montgomery County Police,Injury Crash,12/22/2022 01:51:00 PM,Maryland (State),UNIVERSITY BLVD E,US (State),COLESVILLE RD,,N/A,PEDESTRIAN,OTHER,RAINING,WET,DAYLIGHT,TRAFFIC SIGNAL,N/A,N/A,ED874830-680E-4655-9A06-2CEE1F9C5FD3,PEDESTRIAN,Cross/Enter at Intersection,UNKNOWN,ON ROADWAY NOT AT CROSSWALK,UNKNOWN,DARK CLOTHING,Unknown,SUSPECTED MINOR INJURY,NONE,39.019375,-77.01397833,"(39.019375, -77.01397833)"
MCP2738004G,230000835,Montgomery County Police,Injury Crash,01/05/2023 11:54:00 PM,County,RENICK LA,County,KERWOOD RD,,N/A,PEDESTRIAN,OTHER,N/A,N/A,DARK LIGHTS ON,NO CONTROLS,N/A,N/A,D49BE916-C3AF-47B6-BE28-2F92B2124693,PEDESTRIAN,Walking/Riding w/Traffic,NO IMPROPER ACTIONS,CURB,N/A,DARK CLOTHING,Unknown,SUSPECTED MINOR INJURY,N/A,39.05364017,-76.99193467,"(39.05364017, -76.99193467)"
MCP3328001G,230001561,Montgomery County Police,Injury Crash,01/10/2023 05:40:00 PM,County,RANDOLPH RD,County,KEMP MILL RD,,N/A,PEDESTRIAN,OTHER,CLEAR,DRY,DARK LIGHTS ON,TRAFFIC SIGNAL,UNKNOWN,UNKNOWN,E12F4DD3-23B3-431D-9B74-1D8E2AB26FB7,PEDESTRIAN,Cross/Enter at Intersection,FAILURE TO OBEY TRAFFIC SIGNS SIGNALS OR OFFICER,AT INTERSECTION MARKED CROSSWALK,DISOBEYED PED. SIGNAL,MIXED CLOTHING,Yes,SUSPECTED SERIOUS INJURY,NONE,39.06641242,-77.03036487,"(39.06641242, -77.03036487)"
MCP31330044,230000696,Montgomery County Police,Injury Crash,01/05/2023 11:39:00 AM,Maryland (State),GEORGIA AVE,County,RALPH RD,,N/A,PEDESTRIAN,OTHER,CLEAR,DRY,DAYLIGHT,NO CONTROLS,NONE DETECTED,ALCOHOL CONTRIBUTED,E570AB12-AFBB-463F-9294-EEF588BC427F,PEDESTRIAN,Cross/Enter at Intersection,FAILURE TO YIELD RIGHT OF WAY,ON ROADWAY NOT AT CROSSWALK,DISOBEYED PED. SIGNAL,MIXED CLOTHING,Yes,SUSPECTED MINOR INJURY,NONE,39.07897383,-77.07310583,"(39.07897383, -77.07310583)"
EJ78510095,230000775,Gaithersburg Police Depar,Injury Crash,01/05/2023 04:30:00 PM,County,SHADY GROVE RD,Ramp,RAMP 9 FR IS 370 EB TO SHADY GROVE RD,,N/A,PEDESTRIAN,OTHER,CLOUDY,DRY,DAYLIGHT,TRAFFIC SIGNAL,NONE DETECTED,NONE DETECTED,87D5A5F6-4C18-4A41-858E-065AF184A18B,PEDESTRIAN,Cross/Enter at Intersection,UNKNOWN,ON ROADWAY AT CROSSWALK,OBEYED PED. SIGNAL,UNKNOWN,No,SUSPECTED MINOR INJURY,NONE,39.12063682,-77.18038349,"(39.12063682, -77.18038349)"
MCP2939006N,220057902,Montgomery County Police,Injury Crash,12/30/2022 05:32:00 PM,Other Public Roadway,WOODFIELD RD EXT,Maryland (State),MAIN ST,,N/A,PEDESTRIAN,OTHER,N/A,DRY,DARK LIGHTS ON,NO CONTROLS,N/A,N/A,9CC3026E-F92D-4EB3-B322-12E4C3D8B2E7,PEDESTRIAN,Cross/Enter not at Intersection,NO IMPROPER ACTIONS,SIDEWALK,NO PED. SIGNAL,MIXED CLOTHING,No,SUSPECTED MINOR INJURY,NONE,39.290515,-77.20142167,"(39.290515, -77.20142167)"
MCP1568001M,230000586,Montgomery County Police,Injury Crash,01/04/2023 05:05:00 PM,Municipality,TOM FOX AVE,Maryland (State),FISHER AVE,,N/A,PEDESTRIAN,SINGLE VEHICLE,CLOUDY,WET,DUSK,STOP SIGN,NONE DETECTED,NONE DETECTED,EE5423D6-F3FA-441D-90B1-7000A38F7B8C,PEDESTRIAN,Cross/Enter at Intersection,NO IMPROPER ACTIONS,ON ROADWAY AT CROSSWALK,NO PED. SIGNAL,LIGHT CLOTHING,No,SUSPECTED MINOR INJURY,NONE,39.1351178,-77.403698,"(39.1351178, -77.403698)"
MCP3129005Z,230001275,Montgomery County Police,Injury Crash,01/09/2023 08:31:00 AM,,,,,"ENTRANCE TO 12901 GEORGIA AVE, SILVER SPRING MD, 20906",,PEDESTRIAN,SINGLE VEHICLE,CLEAR,,DAYLIGHT,NO CONTROLS,NONE DETECTED,NONE DETECTED,9F1CCA84-7202-4497-BBC2-0F148EDB9202,PEDESTRIAN,Walking/Cycling on Sidewalk,INATTENTIVE,OTHER,N/A,UNKNOWN,No,SUSPECTED MINOR INJURY,N/A,39.0675126,-77.06024901,"(39.0675126, -77.06024901)"
MCP3037003X,220003437,Montgomery County Police,Injury Crash,01/26/2022 03:18:00 PM,,,,,PARKING LOT OF 20908 FREDERICK RD,,PEDESTRIAN,SINGLE VEHICLE,CLEAR,,DAYLIGHT,NO CONTROLS,NONE DETECTED,NONE DETECTED,50D96C23-539E-457E-B264-A280C3760D70,PEDESTRIAN,Cross/Enter at Intersection,INATTENTIVE,ON ROADWAY NOT AT CROSSWALK,NO PED. SIGNAL,MIXED CLOTHING,No,SUSPECTED SERIOUS INJURY,N/A,39.19909167,-77.24821667,"(39.19909167, -77.24821667)"
MCP2552005F,230001970,Montgomery County Police,Injury Crash,01/12/2023 06:19:00 PM,Maryland (State),FREDERICK RD,Municipality,WATKINS POND BLVD,,ROCKVILLE,PEDESTRIAN,OTHER,CLEAR,WET,DARK LIGHTS ON,TRAFFIC SIGNAL,N/A,N/A,594BD2FD-637B-4E43-96E6-D5AE037FE857,PEDESTRIAN,Cross/Enter at Intersection,IN ROADWAY IMPROPERLY,ON ROADWAY NOT AT CROSSWALK,NO PED. SIGNAL,LIGHT CLOTHING,Yes,SUSPECTED MINOR INJURY,NONE,39.11222041,-77.16190113,"(39.11222041, -77.16190113)"
EJ78930024,230001808,Gaithersburg Police Depar,Injury Crash,01/12/2023 12:05:00 AM,,,,,PARKING LOT OF 18715 N FREDERICK AVENUE,,PEDESTRIAN,OTHER,RAINING,,DARK NO LIGHTS,NO CONTROLS,NONE DETECTED,NONE DETECTED,B265E4CA-7234-4E04-83A4-934BBACF0402,PEDESTRIAN,Standing,INATTENTIVE,CURB,NO PED. SIGNAL,MIXED CLOTHING,Yes,SUSPECTED MINOR INJURY,NONE,39.16307192,-77.22393417,"(39.16307192, -77.22393417)"
MCP2948005X,230002189,Montgomery County Police,Injury Crash,01/13/2023 11:15:00 PM,Maryland (State),GEORGIA AVE,County,REEDIE DR,,N/A,PEDESTRIAN,OTHER,CLEAR,DRY,DARK LIGHTS ON,TRAFFIC SIGNAL,NONE DETECTED,N/A,DD5635F5-2133-47F2-8683-48066FA45D8C,PEDESTRIAN,Cross/Enter at Intersection,UNKNOWN,ON ROADWAY AT CROSSWALK,UNKNOWN,MIXED CLOTHING,Unknown,NO APPARENT INJURY,N/A,39.03881,-77.05091167,"(39.03881, -77.05091167)"
MCP2870002T,220057538,Montgomery County Police,Injury Crash,12/28/2022 02:00:00 PM,County,SNOUFFERS SCHOOL RD,County,MOONEY DR,,N/A,PEDESTRIAN,SINGLE VEHICLE,CLEAR,DRY,DAYLIGHT,TRAFFIC SIGNAL,UNKNOWN,NONE DETECTED,B2621643-D9FC-44DF-8707-4F61BBA9CB2C,PEDESTRIAN,Cross/Enter at Intersection,NO IMPROPER ACTIONS,ON ROADWAY AT CROSSWALK,OBEYED PED. SIGNAL,MIXED CLOTHING,No,SUSPECTED MINOR INJURY,N/A,39.16250556,-77.1657427,"(39.16250556, -77.1657427)"
MCP3225003F,230002162,Montgomery County Police,Injury Crash,01/13/2023 07:30:00 PM,County,ASPEN HILL RD,County,PARKLAND DR,,N/A,PEDESTRIAN,SINGLE VEHICLE,CLEAR,DRY,DARK LIGHTS ON,TRAFFIC SIGNAL,NONE DETECTED,NONE DETECTED,77E23754-E912-4A40-ADC8-D9BC689E0D3A,PEDESTRIAN,Cross/Enter at Intersection,UNKNOWN,ON ROADWAY AT CROSSWALK,UNKNOWN,MIXED CLOTHING,Unknown,SUSPECTED MINOR INJURY,NONE,39.07911733,-77.08718417,"(39.07911733, -77.08718417)"
MCP33390017,230002795,Montgomery County Police,Injury Crash,01/18/2023 08:02:00 AM,County,WELLER RD,County,GOODHILL RD,,N/A,BICYCLIST,OTHER,CLEAR,DRY,DAYLIGHT,STOP SIGN,NONE DETECTED,NONE DETECTED,FAA2C4ED-301B-4368-84C6-BE0501AFAB70,BICYCLIST,Cross/Enter at Intersection,NO IMPROPER ACTIONS,AT INTERSECTION BUT NO CROSSWALK,NO PED. SIGNAL,N/A,No,POSSIBLE INJURY,NONE,39.063475,-77.0725245,"(39.063475, -77.0725245)"
MCP3330000W,230001721,Montgomery County Police,Injury Crash,01/11/2023 01:57:00 PM,,,,,PARKING LOT OF 801 E GUDE DR,,PEDESTRIAN,OTHER,CLOUDY,,DAYLIGHT,N/A,N/A,N/A,00BDC37E-7FB7-4172-9C7F-88921F898154,PEDESTRIAN,Standing,UNKNOWN,OTHER,N/A,N/A,Unknown,SUSPECTED MINOR INJURY,N/A,39.101803,-77.142026,"(39.101803, -77.142026)"
MCP2948005X,230002189,Montgomery County Police,Injury Crash,01/13/2023 11:15:00 PM,Maryland (State),GEORGIA AVE,County,REEDIE DR,,N/A,PEDESTRIAN,OTHER,CLEAR,DRY,DARK LIGHTS ON,TRAFFIC SIGNAL,NONE DETECTED,N/A,D49F4196-2F12-4735-A30E-11FC30A6BDC2,PEDESTRIAN,Cross/Enter at Intersection,UNKNOWN,ON ROADWAY AT CROSSWALK,UNKNOWN,MIXED CLOTHING,Unknown,SUSPECTED MINOR INJURY,N/A,39.03881,-77.05091167,"(39.03881, -77.05091167)"
MCP2001001X,220050349,Montgomery County Police,Injury Crash,11/14/2022 05:38:00 PM,Municipality,E GUDE DR,Municipality,TAFT ST,,ROCKVILLE,PEDESTRIAN,SINGLE VEHICLE,CLEAR,DRY,DARK LIGHTS ON,N/A,NONE DETECTED,ALCOHOL PRESENT,3C908496-7760-483E-9940-BF5919D3824D,PEDESTRIAN,Cross/Enter not at Intersection,IN ROADWAY IMPROPERLY,ON ROADWAY NOT AT CROSSWALK,N/A,DARK CLOTHING,Yes,SUSPECTED SERIOUS INJURY,N/A,39.0936572,-77.13222204,"(39.0936572, -77.13222204)"
MCP2846008H,230002149,Montgomery County Police,Injury Crash,01/13/2023 05:20:00 PM,Maryland (State),UNIVERSITY BLVD W,County,AMHERST AVE,,N/A,PEDESTRIAN,SINGLE VEHICLE,CLEAR,DRY,DARK LIGHTS ON,TRAFFIC SIGNAL,NONE DETECTED,NONE DETECTED,3DF59CFC-50D1-4A3D-801C-7FBC4F97F059,PEDESTRIAN,Cross/Enter not at Intersection,DART DASH,ON ROADWAY NOT AT CROSSWALK,DISOBEYED PED. SIGNAL,DARK CLOTHING,Yes,POSSIBLE INJURY,NONE,39.041445,-77.04847333,"(39.041445, -77.04847333)"
MCP2948005X,230002189,Montgomery County Police,Injury Crash,01/13/2023 11:15:00 PM,Maryland (State),GEORGIA AVE,County,REEDIE DR,,N/A,PEDESTRIAN,OTHER,CLEAR,DRY,DARK LIGHTS ON,TRAFFIC SIGNAL,NONE DETECTED,NONE DETECTED,549BC150-5262-4653-AC73-60C0B848993D,PEDESTRIAN,Cross/Enter at Intersection,UNKNOWN,ON ROADWAY AT CROSSWALK,UNKNOWN,DARK CLOTHING,Unknown,POSSIBLE INJURY,N/A,39.03881,-77.05091167,"(39.03881, -77.05091167)"