Report Number,Local Case Number,Agency Name,ACRS Report Type,Crash Date/Time,Route Type,Road Name,Cross-Street Type,Cross-Street Name,Off-Road Description,Municipality,Related Non-Motorist,Collision Type,Weather,Surface Condition,Light,Traffic Control,Driver Substance Abuse,Non-Motorist Substance Abuse,Person ID,Pedestrian Type,Pedestrian Movement,Pedestrian Actions,Pedestrian Location,Pedestrian Obeyed Traffic Signal,Pedestrian Visibility,At Fault,Injury Severity,Safety Equipment,Latitude,Longitude,Location
MCP2001001Y,230005934,Montgomery County Police,Fatal Crash,02/05/2023 07:37:00 PM,Maryland (State),GEORGIA AVE,County,RALPH RD,,N/A,PEDESTRIAN,SINGLE VEHICLE,CLEAR,DRY,DARK LIGHTS ON,N/A,NONE DETECTED,UNKNOWN,A46AEB19-8F05-4890-B7EA-676C83837C4B,PEDESTRIAN,Cross/Enter not at Intersection,UNKNOWN,ON ROADWAY NOT AT CROSSWALK,NO PED. SIGNAL,MIXED CLOTHING,Unknown,FATAL INJURY,N/A,39.078885,-77.07246167,"(39.078885, -77.07246167)"
MCP31210056,230006903,Montgomery County Police,Injury Crash,02/10/2023 07:49:00 PM,County,MONTGOMERY VILLAGE AVE,County,CLUB HOUSE RD,,N/A,PEDESTRIAN,SINGLE VEHICLE,N/A,DRY,DARK LIGHTS ON,TRAFFIC SIGNAL,NONE DETECTED,NONE DETECTED,E174A768-BA7A-4A47-BBA2-5BBCAC2F32A9,PEDESTRIAN,Cross/Enter at Intersection,UNKNOWN,AT INTERSECTION MARKED CROSSWALK,UNKNOWN,MIXED CLOTHING,Yes,SUSPECTED MINOR INJURY,UNKNOWN,39.17451617,-77.20302183,"(39.17451617, -77.20302183)"
MCP26860061,230005347,Montgomery County Police,Fatal Crash,02/01/2023 07:40:00 PM,County,MONTGOMERY VILLAGE AVE,County,CENTERWAY RD,,N/A,PEDESTRIAN,SINGLE VEHICLE,CLEAR,DRY,DARK LIGHTS ON,TRAFFIC SIGNAL,NONE DETECTED,UNKNOWN,1BDE7422-DF79-4118-9BE3-40B35DE6B6BB,PEDESTRIAN,Unknown,UNKNOWN,UNKNOWN,UNKNOWN,UNKNOWN,Unknown,FATAL INJURY,UNKNOWN,39.17288383,-77.203517,"(39.17288383, -77.203517)"
MCP2780006G,230005668,Montgomery County Police,Injury Crash,02/03/2023 08:13:00 PM,County,MIDDLEBROOK RD,Maryland (State),FREDERICK RD,,N/A,PEDESTRIAN,N/A,CLOUDY,DRY,DARK LIGHTS ON,YIELD SIGN,N/A,N/A,3991F356-6DBA-40AB-A158-1B636D97DA0B,PEDESTRIAN,Cross/Enter at Intersection,FAILURE TO YIELD RIGHT OF WAY,AT INTERSECTION MARKED CROSSWALK,NO PED. SIGNAL,DARK CLOTHING,No,POSSIBLE INJURY,NONE,39.183033,-77.29010017,"(39.183033, -77.29010017)"
MCP2931006H,230007561,Montgomery County Police,Injury Crash,02/14/2023 05:33:00 PM,Maryland (State),ROCKVILLE PIKE,Unknown,ENT TO BEST BUY,,N/A,OTHER CONVEYANCE,STRAIGHT MOVEMENT ANGLE,CLEAR,DRY,DAYLIGHT,TRAFFIC SIGNAL,NONE DETECTED,NONE DETECTED,40337CC4-9C8C-428D-A96E-315E3D407378,OTHER CONVEYANCE,Cross/Enter at Intersection,NO IMPROPER ACTIONS,AT INTERSECTION MARKED CROSSWALK,OBEYED PED. SIGNAL,LIGHT CLOTHING,No,SUSPECTED MINOR INJURY,NONE,39.06965167,-77.13047,"(39.06965167, -77.13047)"
MCP23300042,230001065,Montgomery County Police,Injury Crash,01/07/2023 01:14:00 PM,,VALLEY VIEW RD,,ENTRANCE TO MALL,,N/A,PEDESTRIAN,OTHER,CLEAR,DRY,DAYLIGHT,STOP SIGN,NONE DETECTED,NONE DETECTED,8B62610F-F2D2-4D92-9053-A7024E6C9EE7,PEDESTRIAN,Cross/Enter at Intersection,NO IMPROPER ACTIONS,ON ROADWAY AT CROSSWALK,NO PED. SIGNAL,LIGHT CLOTHING,No,SUSPECTED SERIOUS INJURY,NONE,39.036815,-77.05769667,"(39.036815, -77.05769667)"
MCP93010047,23007433,Montgomery County Police,Injury Crash,02/14/2023 08:40:00 AM,Municipality,SCHOOL DR,County,MUDDY BRANCH RD,,N/A,PEDESTRIAN,SINGLE VEHICLE,N/A,DRY,DAYLIGHT,NO CONTROLS,N/A,N/A,8E8CF360-4D95-4DE2-9D9E-2CD7657DD578,PEDESTRIAN,Cross/Enter at Intersection,INATTENTIVE,ON ROADWAY AT CROSSWALK,NO PED. SIGNAL,N/A,Unknown,SUSPECTED MINOR INJURY,NONE,39.1177869,-77.21681391,"(39.1177869, -77.21681391)"
MCP2592002L,230007232,Montgomery County Police,Injury Crash,02/13/2023 09:40:00 AM,County,GOSHEN RD,County,SNOUFFERS SCHOOL RD,,N/A,PEDESTRIAN,HEAD ON LEFT TURN,CLEAR,WET,DAYLIGHT,TRAFFIC SIGNAL,NONE DETECTED,NONE DETECTED,F5DA0A76-E05C-4FFF-88FA-35556A299799,PEDESTRIAN,Standing,NO IMPROPER ACTIONS,SIDEWALK,N/A,MIXED CLOTHING,No,SUSPECTED SERIOUS INJURY,NONE,39.18786333,-77.187085,"(39.18786333, -77.187085)"
MCP29230091,230006564,Montgomery County Police,Injury Crash,02/09/2023 08:43:00 AM,Maryland (State),GEORGIA AVE,Maryland (State),LAYHILL RD,,N/A,PEDESTRIAN,OTHER,CLOUDY,DRY,DAYLIGHT,TRAFFIC SIGNAL,NONE DETECTED,NONE DETECTED,27609523-9242-481D-900E-DFA15FF270F6,PEDESTRIAN,Cross/Enter at Intersection,DART DASH,AT INTERSECTION MARKED CROSSWALK,UNKNOWN,N/A,Yes,SUSPECTED MINOR INJURY,N/A,39.06029753,-77.05097211,"(39.06029753, -77.05097211)"
MCP1174005Q,230003196,Montgomery County Police,Injury Crash,01/20/2023 08:44:00 AM,County,CORDELL AVE,County,WOODMONT AVE,,N/A,PEDESTRIAN,SINGLE VEHICLE,CLEAR,DRY,DAYLIGHT,TRAFFIC SIGNAL,NONE DETECTED,NONE DETECTED,18D58210-CBE0-4B80-BA74-4A7EDFF37953,PEDESTRIAN,Walking/Riding w/Traffic,NO IMPROPER ACTIONS,AT INTERSECTION MARKED CROSSWALK,OBEYED PED. SIGNAL,DARK CLOTHING,No,SUSPECTED MINOR INJURY,NONE,38.99080487,-77.09643951,"(38.99080487, -77.09643951)"
DM8493001C,230006873,Takoma Park Police Depart,Injury Crash,02/10/2023 05:12:00 PM,Maryland (State),CARROLL AVE,Municipality,S MANOR CIR,,TAKOMA PARK,PEDESTRIAN,OTHER,CLEAR,DRY,DAYLIGHT,NO CONTROLS,N/A,N/A,D0AD7032-224A-435B-995F-BC026872145A,PEDESTRIAN,Cross/Enter not at Intersection,DART DASH,ON ROADWAY NOT AT CROSSWALK,NO PED. SIGNAL,N/A,Yes,SUSPECTED MINOR INJURY,N/A,38.97856121,-77.00566701,"(38.97856121, -77.00566701)"
MCP2556004N,230007596,Montgomery County Police,Injury Crash,02/14/2023 08:36:00 PM,Municipality,S SUMMIT AVE,Municipality,E DIAMOND AVE,,GAITHERSBURG,PEDESTRIAN,STRAIGHT MOVEMENT ANGLE,CLEAR,DRY,DARK LIGHTS ON,TRAFFIC SIGNAL,NONE DETECTED,ALCOHOL PRESENT,3B2C0893-73D3-4720-8D03-4EF3C47C41A0,PEDESTRIAN,Cross/Enter at Intersection,FAILURE TO OBEY TRAFFIC SIGNS SIGNALS OR OFFICER,AT INTERSECTION BUT NO CROSSWALK,NO PED. SIGNAL,DARK CLOTHING,Yes,POSSIBLE INJURY,N/A,39.14194667,-77.19340167,"(39.14194667, -77.19340167)"
DD56620002,230007543,Rockville Police Departme,Injury Crash,02/14/2023 04:34:00 PM,Municipality,WOOTTON PKWY,Municipality,GREENPLACE TERR,,ROCKVILLE,PEDESTRIAN,OTHER,CLEAR,DRY,DAYLIGHT,PERSON,NONE DETECTED,NONE DETECTED,F4AD7B8D-DA6A-4B71-BE27-37DAA622FEC5,PEDESTRIAN,Cross/Enter not at Intersection,DART DASH,ON ROADWAY NOT AT CROSSWALK,NO PED. SIGNAL,DARK CLOTHING,Yes,SUSPECTED MINOR INJURY,NONE,39.0837375,-77.15342333,"(39.0837375, -77.15342333)"
MCP284800BZ,230005556,Montgomery County Police,Injury Crash,02/07/2023 09:39:00 AM,County,PICKERING PL,County,WATERS LANDING DR,,N/A,PEDESTRIAN,OTHER,N/A,DRY,DAYLIGHT,NO CONTROLS,NONE DETECTED,NONE DETECTED,8A579EFE-33CB-4B75-9826-586DC040BE3E,PEDESTRIAN,Walking to/from school,FAILURE TO YIELD RIGHT OF WAY,ON ROADWAY NOT AT CROSSWALK,NO PED. SIGNAL,MIXED CLOTHING,Yes,SUSPECTED MINOR INJURY,NONE,39.18998,-77.270155,"(39.18998, -77.270155)"
MCP3060003Z,230003846,Montgomery County Police,Injury Crash,01/24/2023 08:04:00 AM,Maryland (State),WISCONSIN AVE,County,FAIRMONT AVE,,N/A,PEDESTRIAN,SINGLE VEHICLE,CLEAR,DRY,DAYLIGHT,NO CONTROLS,NONE DETECTED,UNKNOWN,26749C32-2CCC-4764-841F-E604FBDAED76,PEDESTRIAN,Cross/Enter not at Intersection,DART DASH,ON ROADWAY NOT AT CROSSWALK,NO PED. SIGNAL,MIXED CLOTHING,Yes,SUSPECTED MINOR INJURY,NONE,38.98892487,-77.09526238,"(38.98892487, -77.09526238)"
MCP3129006B,230007320,Montgomery County Police,Injury Crash,02/13/2023 03:49:00 PM,County,RANDOLPH RD,Maryland (State),VEIRS MILL RD,,N/A,PEDESTRIAN,SINGLE VEHICLE,CLEAR,DRY,DAYLIGHT,TRAFFIC SIGNAL,NONE DETECTED,NONE DETECTED,F891A954-344C-4048-8F39-3F2447D00440,PEDESTRIAN,Cross/Enter at Intersection,NO IMPROPER ACTIONS,ON ROADWAY AT CROSSWALK,OBEYED PED. SIGNAL,DARK CLOTHING,No,SUSPECTED MINOR INJURY,N/A,39.05625874,-77.0825617,"(39.05625874, -77.0825617)"
MCP3093004Q,230000784,Montgomery County Police,Injury Crash,01/05/2023 05:38:00 PM,Maryland (State),BROOKVILLE RD,Municipality,SHEPHERD ST,,MATINS ADDITION,PEDESTRIAN,OTHER,CLEAR,DRY,DARK LIGHTS ON,N/A,N/A,N/A,3F46DA5A-B7A6-4744-BE1F-3955BE88DA85,PEDESTRIAN,Walking/Cycling on Sidewalk,NO IMPROPER ACTIONS,SIDEWALK,N/A,N/A,No,POSSIBLE INJURY,N/A,38.99108,-77.09783,"(38.99108, -77.09783)"
MCP3376000H,230008265,Montgomery County Police,Injury Crash,02/18/2023 12:58:00 PM,,,,,PARKING LOT OF 18140 VILLAGE CENTER DR,,PEDESTRIAN,SINGLE VEHICLE,CLEAR,,DAYLIGHT,NO CONTROLS,UNKNOWN,NONE DETECTED,DB66CADF-2FC9-4E7A-8995-8CB3B3BE209D,PEDESTRIAN,Standing,NO IMPROPER ACTIONS,OTHER,NO PED. SIGNAL,MIXED CLOTHING,No,SUSPECTED MINOR INJURY,NONE,39.15315485,-77.06413118,"(39.15315485, -77.06413118)"
DD56330083,230008437,Rockville Police Departme,Injury Crash,02/19/2023 08:00:00 PM,Maryland (State),VEIRS MILL RD,Municipality,ATLANTIC AVE,,ROCKVILLE,PEDESTRIAN,OTHER,CLEAR,DRY,DARK LIGHTS ON,TRAFFIC SIGNAL,NONE DETECTED,NONE DETECTED,7E21D8A2-62BF-4C98-AE11-49A11302D4F2,PEDESTRIAN,Cross/Enter not at Intersection,DART DASH,ON ROADWAY NOT AT CROSSWALK,NO PED. SIGNAL,DARK CLOTHING,Yes,SUSPECTED MINOR INJURY,NONE,39.07491545,-77.11553743,"(39.07491545, -77.11553743)"
EJ78780052,230008282,Gaithersburg Police Depar,Injury Crash,02/18/2023 05:26:00 PM,,,,,PARKING LOT OF 221 MUDDY BRANCH ROAD,,PEDESTRIAN,OTHER,CLEAR,,DUSK,NO CONTROLS,N/A,ALCOHOL PRESENT,A03DE61A-106D-46A2-8735-7E13E6591ACE,PEDESTRIAN,Cross/Enter not at Intersection,INATTENTIVE,ON ROADWAY NOT AT CROSSWALK,N/A,MIXED CLOTHING,Yes,SUSPECTED MINOR INJURY,NONE,39.12809544,-77.20585604,"(39.12809544, -77.20585604)"
MCP219800CT,230009185,Montgomery County Police,Injury Crash,02/23/2023 08:03:00 PM,Interstate (State),EISENHOWER MEMORIAL HWY,Unknown,OUT CORP LMTS GAITHERSBURG,,N/A,PEDESTRIAN,SINGLE VEHICLE,CLEAR,DRY,DARK LIGHTS ON,TRAFFIC SIGNAL,N/A,ALCOHOL CONTRIBUTED,CD4E49DB-F674-49F3-8A6E-12C118DC4D7E,PEDESTRIAN,Cross/Enter at Intersection,DART DASH,AT INTERSECTION MARKED CROSSWALK,DISOBEYED PED. SIGNAL,UNKNOWN,Yes,POSSIBLE INJURY,NONE,39.15665167,-77.22439167,"(39.15665167, -77.22439167)"
MCP3191003W,230010066,Montgomery County Police,Injury Crash,02/28/2023 06:25:00 PM,County,FIELDS RD,Municipality,RIO BLVD,,GAITHERSBURG,OTHER,OTHER,CLEAR,DRY,DUSK,TRAFFIC SIGNAL,NONE DETECTED,NONE DETECTED,62620FF5-C6FC-461F-A8E7-EA1C2624F94B,OTHER,Cross/Enter at Intersection,UNKNOWN,AT INTERSECTION MARKED CROSSWALK,OBEYED PED. SIGNAL,MIXED CLOTHING,Unknown,POSSIBLE INJURY,NONE,39.11574885,-77.20397746,"(39.11574885, -77.20397746)"
MCP297700BR,230007853,Montgomery County Police,Injury Crash,02/16/2023 12:06:00 PM,County,BURNT MILLS AVE,County,CHILDS ST,,N/A,PEDESTRIAN,OTHER,CLOUDY,WET,DAYLIGHT,STOP SIGN,N/A,NONE DETECTED,B12C7734-BB13-4100-B0D6-FF37340F2769,PEDESTRIAN,Walking/Riding against Traffic,NO IMPROPER ACTIONS,AT INTERSECTION BUT NO CROSSWALK,NO PED. SIGNAL,MIXED CLOTHING,No,POSSIBLE INJURY,NONE,39.03697667,-77.00340167,"(39.03697667, -77.00340167)"
MCP3311001M,230008585,Montgomery County Police,Injury Crash,02/20/2023 07:19:00 PM,Maryland (State),16TH ST,County,SPRING ST,,N/A,PEDESTRIAN,OTHER,CLEAR,DRY,DARK LIGHTS ON,NO CONTROLS,N/A,N/A,8E39F3FD-48D2-4117-A632-4482D87BBB7B,PEDESTRIAN,Cross/Enter not at Intersection,IN ROADWAY IMPROPERLY,ON ROADWAY NOT AT CROSSWALK,NO PED. SIGNAL,DARK CLOTHING,Yes,POSSIBLE INJURY,N/A,38.9959094,-77.03649502,"(38.9959094, -77.03649502)"
MCP27080080,230007388,Montgomery County Police,Injury Crash,02/12/2023 06:00:00 PM,County,CARROLL AVE,Maryland (State),PINEY BRANCH RD,,N/A,PEDESTRIAN,HEAD ON LEFT TURN,RAINING,WET,DUSK,TRAFFIC SIGNAL,N/A,N/A,D6CE3300-5017-42DD-A7C4-F2E6CF947C6A,PEDESTRIAN,Cross/Enter at Intersection,UNKNOWN,ON ROADWAY AT CROSSWALK,UNKNOWN,UNKNOWN,Unknown,POSSIBLE INJURY,N/A,38.99994443,-76.99078522,"(38.99994443, -76.99078522)"
MCP1301001Z,220050810,Montgomery County Police,Fatal Crash,11/17/2022 08:29:00 AM,County,MEDICAL CENTER WAY,County,MEDICAL CENTER DR,,N/A,PEDESTRIAN,SINGLE VEHICLE,CLEAR,DRY,DAYLIGHT,STOP SIGN,NONE DETECTED,NONE DETECTED,6B218916-770E-423A-9E45-4CF6679E219A,PEDESTRIAN,Cross/Enter at Intersection,NO IMPROPER ACTIONS,ON ROADWAY AT CROSSWALK,NO PED. SIGNAL,DARK CLOTHING,No,FATAL INJURY,N/A,39.09741,-77.19563333,"(39.09741, -77.19563333)"
MCP3123004Z,230009955,Montgomery County Police,Injury Crash,02/28/2023 11:25:00 AM,,,,,"PARKING LOT OF MARSHALLS 12051 ROCKVILLE PIKE ROCKVILLE, MD",,PEDESTRIAN,SINGLE VEHICLE,CLOUDY,,DAYLIGHT,STOP SIGN,N/A,N/A,399762C0-6FC9-44AB-9C2C-59AA57C61FA0,PEDESTRIAN,Cross/Enter at Intersection,NO IMPROPER ACTIONS,AT INTERSECTION MARKED CROSSWALK,N/A,DARK CLOTHING,No,POSSIBLE INJURY,N/A,39.05585868,-77.11690217,"(39.05585868, -77.11690217)"
MCP27080082,230009852,Montgomery County Police,Injury Crash,02/27/2023 07:13:00 PM,Maryland (State),PINEY BRANCH RD,Maryland (State),UNIVERSITY BLVD E,,N/A,PEDESTRIAN,OTHER,RAINING,WET,DARK LIGHTS ON,TRAFFIC SIGNAL,NONE DETECTED,NONE DETECTED,AA6CBAA5-8E1D-4CF1-94E1-BD6A8E477954,PEDESTRIAN,Cross/Enter at Intersection,NO IMPROPER ACTIONS,ON ROADWAY AT CROSSWALK,OBEYED PED. SIGNAL,MIXED CLOTHING,No,POSSIBLE INJURY,NONE,38.99978642,-76.99526053,"(38.99978642, -76.99526053)"
MCP31630056,230008774,Montgomery County Police,Injury Crash,02/21/2023 05:57:00 PM,County,LELAND ST,County,WOODBINE ST,,N/A,BICYCLIST,STRAIGHT MOVEMENT ANGLE,CLEAR,DRY,DUSK,STOP SIGN,N/A,N/A,8A91DCBE-A81D-46F2-A060-8B44BDA45BA4,BICYCLIST,Cross/Enter at Intersection,INATTENTIVE,ON ROADWAY NOT AT CROSSWALK,N/A,LIGHT CLOTHING,Yes,SUSPECTED MINOR INJURY,MC/BIKE HELMET,38.98602833,-77.06831167,"(38.98602833, -77.06831167)"
MCP3111006F,230006544,Montgomery County Police,Injury Crash,02/09/2023 06:26:00 AM,Maryland (State),ROCKVILLE PIKE,County,MARINELLI RD,,N/A,PEDESTRIAN,SINGLE VEHICLE,CLOUDY,DRY,DARK LIGHTS ON,TRAFFIC SIGNAL,NONE DETECTED,NONE DETECTED,CAB8E30E-1363-46A1-9ABF-5ABC4339734A,PEDESTRIAN,Cross/Enter at Intersection,INATTENTIVE,ON ROADWAY AT CROSSWALK,UNKNOWN,LIGHT CLOTHING,Yes,SUSPECTED MINOR INJURY,NONE,39.0474655,-77.1129135,"(39.0474655, -77.1129135)"
MCP15640070,230009627,Montgomery County Police,Injury Crash,02/26/2023 01:41:00 PM,Ramp,RAMP 6 FR RP 3 (FR MD200 EB) TO MD97 SB,Maryland (State),GEORGIA AVE,,N/A,BICYCLIST,OTHER,CLEAR,DRY,DAYLIGHT,NO CONTROLS,NONE DETECTED,NONE DETECTED,EE3B38C1-530B-427E-A568-E7BBEFB8D454,BICYCLIST,Walking/Riding w/Traffic,NO IMPROPER ACTIONS,ON ROADWAY NOT AT CROSSWALK,N/A,LIGHT CLOTHING,No,SUSPECTED MINOR INJURY,MC/BIKE HELMET,39.117673,-77.07472367,"(39.117673, -77.07472367)"
MCP3096003Z,230010054,Montgomery County Police,Injury Crash,02/28/2023 05:57:00 PM,County,REDLAND RD,County,YELLOWSTONE WAY,,N/A,PEDESTRIAN,SINGLE VEHICLE,CLEAR,DRY,DUSK,NO CONTROLS,NONE DETECTED,NONE DETECTED,B6E8CE33-456E-4077-A54D-6CE55D53B301,PEDESTRIAN,Cross/Enter at Intersection,NO IMPROPER ACTIONS,ON ROADWAY AT CROSSWALK,NO PED. SIGNAL,MIXED CLOTHING,No,SUSPECTED MINOR INJURY,NONE,39.11932767,-77.16091183,"(39.11932767, -77.16091183)"
MCP1227001P,220036787,Montgomery County Police,Fatal Crash,08/25/2022 04:05:00 PM,Maryland (State),RIVER RD,Unknown,ENT TO KENWOOD STATION SHOP CTR,,N/A,BICYCLIST,SAME DIRECTION RIGHT TURN,CLEAR,DRY,DAYLIGHT,N/A,NONE DETECTED,NONE DETECTED,3BD5516B-B100-43A7-9AD9-FF5F8AC80D01,BICYCLIST,Walking/Riding w/Traffic,UNKNOWN,IN BIKEWAY,N/A,MIXED CLOTHING,No,FATAL INJURY,MC/BIKE HELMET,38.965561,-77.104774,"(38.965561, -77.104774)"
MCP32270047,230009174,Montgomery County Police,Injury Crash,02/23/2023 07:07:00 PM,County,POWDER MILL RD,County,SWEETBRIAR PKWY,,N/A,PEDESTRIAN,OTHER,CLEAR,DRY,DARK LIGHTS ON,NO CONTROLS,NONE DETECTED,NONE DETECTED,E1421605-F3D7-44C7-88B6-E3CD5F83F5AA,PEDESTRIAN,Cross/Enter not at Intersection,IN ROADWAY IMPROPERLY,ON ROADWAY NOT AT CROSSWALK,NO PED. SIGNAL,DARK CLOTHING,Yes,SUSPECTED MINOR INJURY,NONE,39.02376984,-76.97305845,"(39.02376984, -76.97305845)"
MCP219800CX,230010609,Montgomery County Police,Injury Crash,03/03/2023 06:30:00 PM,,ELLINGTON BLVD.,,CROWN PARK AVE.,,N/A,PEDESTRIAN,SINGLE VEHICLE,RAINING,WET,DARK LIGHTS ON,STOP SIGN,N/A,N/A,C2340E22-063A-40AB-A4B3-0156765D1C14,PEDESTRIAN,Cross/Enter at Intersection,N/A,ON ROADWAY AT CROSSWALK,NO PED. SIGNAL,DARK CLOTHING,No,NO APPARENT INJURY,N/A,39.11439167,-77.20553,"(39.11439167, -77.20553)"
DD56330084,230010912,Rockville Police Departme,Injury Crash,03/05/2023 08:15:00 PM,Maryland (State),VEIRS MILL RD,Municipality,ATLANTIC AVE,,ROCKVILLE,PEDESTRIAN,OTHER,CLEAR,DRY,DARK LIGHTS ON,TRAFFIC SIGNAL,NONE DETECTED,NONE DETECTED,D09A328D-6BF3-4367-B7F7-24ABB9D95047,PEDESTRIAN,Cross/Enter at Intersection,DART DASH,ON ROADWAY AT CROSSWALK,DISOBEYED PED. SIGNAL,DARK CLOTHING,Yes,POSSIBLE INJURY,NONE,39.07491545,-77.11553743,"(39.07491545, -77.11553743)"
MCP32790020,230010608,Montgomery County Police,Injury Crash,03/03/2023 06:26:00 PM,County,LIVINGSTON ST,County,RANDOLPH RD,,N/A,PEDESTRIAN,SINGLE VEHICLE,RAINING,WET,DARK LIGHTS ON,TRAFFIC SIGNAL,N/A,N/A,1BD5E0DB-38D6-444E-87B3-275B3979B3BE,PEDESTRIAN,Cross/Enter at Intersection,NO IMPROPER ACTIONS,AT INTERSECTION MARKED CROSSWALK,OBEYED PED. SIGNAL,DARK CLOTHING,No,SUSPECTED MINOR INJURY,NONE,39.05828415,-77.05535679,"(39.05828415, -77.05535679)"
MCP3051006G,230010623,Montgomery County Police,Injury Crash,03/03/2023 08:25:00 PM,Maryland (State),WISCONSIN AVE,Maryland (State),BRADLEY LA,,N/A,PEDESTRIAN,OTHER,RAINING,WET,DARK LIGHTS ON,OTHER,ALCOHOL PRESENT,NONE DETECTED,A915F1C4-9C72-45FC-8674-4062734F33BF,PEDESTRIAN,Cross/Enter at Intersection,NO IMPROPER ACTIONS,ON ROADWAY AT CROSSWALK,OBEYED PED. SIGNAL,DARK CLOTHING,No,SUSPECTED MINOR INJURY,NONE,38.977025,-77.09094833,"(38.977025, -77.09094833)"
MCP219800CX,230010609,Montgomery County Police,Injury Crash,03/03/2023 06:30:00 PM,,ELLINGTON BLVD.,,CROWN PARK AVE.,,N/A,PEDESTRIAN,SINGLE VEHICLE,RAINING,WET,DARK LIGHTS ON,STOP SIGN,N/A,N/A,47366BDC-1F7F-4551-9D2F-728C94E93D07,PEDESTRIAN,Cross/Enter at Intersection,N/A,ON ROADWAY AT CROSSWALK,NO PED. SIGNAL,N/A,No,POSSIBLE INJURY,NONE,39.11439167,-77.20553,"(39.11439167, -77.20553)"
MCP29620076,230009723,Montgomery County Police,Injury Crash,02/27/2023 09:09:00 AM,,,,,IN FRONT OF 19284 CIRCLE GATE DR,,PEDESTRIAN,SINGLE VEHICLE,CLEAR,,DAYLIGHT,NO CONTROLS,NONE DETECTED,NONE DETECTED,8F1A2D63-FC6D-4EAB-86EB-DBD9CF54A301,PEDESTRIAN,Other,N/A,OTHER,NO PED. SIGNAL,DARK CLOTHING,No,SUSPECTED MINOR INJURY,N/A,39.17291517,-77.26506767,"(39.17291517, -77.26506767)"
MCP2846008N,230011235,Montgomery County Police,Injury Crash,03/07/2023 05:15:00 PM,Maryland (State),GEORGIA AVE,County,SHOREFIELD RD,,N/A,PEDESTRIAN,SINGLE VEHICLE,CLEAR,DRY,DAYLIGHT,TRAFFIC SIGNAL,NONE DETECTED,NONE DETECTED,90811964-A978-4FF4-9A0E-FA91A07BAFB8,PEDESTRIAN,Cross/Enter at Intersection,NO IMPROPER ACTIONS,ON ROADWAY AT CROSSWALK,OBEYED PED. SIGNAL,MIXED CLOTHING,No,POSSIBLE INJURY,NONE,39.0529,-77.05126667,"(39.0529, -77.05126667)"
DM8476004Q,230010764,Takoma Park Police Depart,Property Damage Crash,03/04/2023 03:00:00 PM,Maryland (State),NEW HAMPSHIRE AVE,Maryland (State),EAST WEST HWY (PG CO),,N/A,PEDESTRIAN,OTHER,CLEAR,DRY,DAYLIGHT,TRAFFIC SIGNAL,N/A,N/A,2CD8B3CB-DFBD-47BB-9001-6C877EE33D49,PEDESTRIAN,Cross/Enter at Intersection,DART DASH,ON ROADWAY NOT AT CROSSWALK,DISOBEYED PED. SIGNAL,N/A,Yes,NO APPARENT INJURY,N/A,38.97536398,-76.99407758,"(38.97536398, -76.99407758)"
MCP2921004L,230008946,Montgomery County Police,Injury Crash,02/22/2023 04:12:00 PM,,,,,"PARKING LOT/DRIVEWAY OF MCDONALD'S LOCATED AT 12982 MIDDLEBROOK RD. GERMANTOWN, MD 20874.",,PEDESTRIAN,SINGLE VEHICLE,CLEAR,,DAYLIGHT,N/A,NONE DETECTED,UNKNOWN,D0665EC8-CE67-48B5-8342-2E5AE54A146F,PEDESTRIAN,Walking/Riding w/Traffic,NO IMPROPER ACTIONS,OTHER,NO PED. SIGNAL,MIXED CLOTHING,No,POSSIBLE INJURY,N/A,39.180255,-77.269395,"(39.180255, -77.269395)"
MCP31610053,230011087,Montgomery County Police,Injury Crash,03/06/2023 07:15:00 PM,Maryland (State),CONNECTICUT AVE,Municipality,HOWARD AVE,,KENSINGTON,PEDESTRIAN,SINGLE VEHICLE,CLEAR,DRY,DARK LIGHTS ON,NO CONTROLS,NONE DETECTED,NONE DETECTED,2A3A4AD9-B96B-448B-995F-39CD87DB5DA0,PEDESTRIAN,Cross/Enter not at Intersection,IN ROADWAY IMPROPERLY,ON ROADWAY NOT AT CROSSWALK,NO PED. SIGNAL,DARK CLOTHING,Yes,POSSIBLE INJURY,NONE,38.99981583,-77.08142567,"(38.99981583, -77.08142567)"
MCP2974004F,230009921,Montgomery County Police,Injury Crash,02/28/2023 08:04:00 AM,County,OLD COLUMBIA PIKE,County,PERRYWOOD DR,,N/A,PEDESTRIAN,OTHER,CLEAR,DRY,DAYLIGHT,YIELD SIGN,UNKNOWN,NONE DETECTED,EBA68E1F-080A-4078-96A4-C5E81541587B,PEDESTRIAN,Cross/Enter at Intersection,NO IMPROPER ACTIONS,ON ROADWAY AT CROSSWALK,NO PED. SIGNAL,N/A,No,SUSPECTED MINOR INJURY,NONE,39.09572245,-76.94611098,"(39.09572245, -76.94611098)"
MCP2689009D,230012380,Montgomery County Police,Injury Crash,03/14/2023 08:57:00 AM,County,WILD OLIVE DR,County,DEVILWOOD DR,,N/A,BICYCLIST,STRAIGHT MOVEMENT ANGLE,CLEAR,DRY,DAYLIGHT,NO CONTROLS,NONE DETECTED,NONE DETECTED,9364025F-5BBB-498D-93BD-F4CB4783ECFD,BICYCLIST,Walking/Riding w/Traffic,NO IMPROPER ACTIONS,ON ROADWAY NOT AT CROSSWALK,NO PED. SIGNAL,LIGHT CLOTHING,No,SUSPECTED MINOR INJURY,MC/BIKE HELMET,39.05452817,-77.1751345,"(39.05452817, -77.1751345)"